time,open,high,low,close,volume
2026-07-19 18:00:00.940,28747.5,28762.5,28744.75,28754.25,301
2026-07-19 18:00:02.172,28743.5,28777.5,28732.5,28757.75,173
2026-07-19 18:00:04.916,28752.5,28792.5,28747.5,28771.25,200
2026-07-19 18:00:29.884,28767,28807.5,28762.5,28786,1107
2026-07-19 18:03:44.024,28781.75,28813.75,28747.5,28772.75,7799
2026-07-19 18:05:14.396,28775,28777.5,28732.5,28754.5,3181
2026-07-19 18:11:02.584,28758.5,28762.5,28717.5,28739,8252
2026-07-19 18:19:23.932,28743.25,28777.5,28706.75,28751.25,11389
2026-07-19 18:20:13.024,28749.25,28792.5,28747.5,28770.5,1867
2026-07-19 18:20:40.848,28766.5,28807.5,28762.5,28786,1319
2026-07-19 18:33:46.736,28781.75,28822.5,28754.5,28795.25,20033
2026-07-19 18:35:23.376,28794,28837.5,28792.5,28815.25,3256
2026-07-19 19:21:57.544,28811.5,28851.25,28777.5,28804.5,46296
2026-07-19 19:35:27.028,28806,28837.5,28777.25,28814.5,14311
2026-07-19 19:42:58.668,28811,28852.5,28807.5,28831,7497
2026-07-19 19:58:13.868,28826.75,28867.5,28816,28844.5,19413
2026-07-19 20:01:58.508,28841,28877,28807.5,28833.25,9318
2026-07-19 20:04:22.320,28835.25,28867.5,28804.25,28843.75,6036
2026-07-19 20:05:25.916,28840.5,28882.5,28837.5,28860.75,2959
2026-07-19 20:05:48.464,28856.75,28897.5,28852.5,28876,1818
2026-07-19 20:07:22.932,28871.75,28912.5,28867.5,28891,5015
2026-07-19 20:08:52.608,28886.75,28927.5,28882.5,28906,3913
2026-07-19 20:11:32.920,28901.75,28942.5,28897.5,28921,5228
2026-07-19 20:16:20.144,28916.75,28957.5,28912.5,28936,8793
2026-07-19 20:32:10.540,28931.75,28964,28897.5,28922.75,24150
2026-07-19 20:33:47.200,28925,28927.5,28882.5,28904.5,2973
2026-07-19 20:45:13.568,28908.5,28935.75,28867.5,28894.75,20800
2026-07-19 20:58:20.352,28896.25,28902,28852.5,28875.75,18396
2026-07-19 21:10:26.380,28879.25,28912.5,28844.5,28887.25,18034
2026-07-19 21:14:38.496,28884.75,28918.5,28852.5,28877,7390
2026-07-19 21:16:41.284,28879.75,28882.5,28837.5,28859.25,3288
2026-07-19 21:20:18.096,28863.5,28870,28822.5,28844.5,7083
2026-07-19 21:26:54.912,28848.5,28882.5,28820.5,28858.5,10108
2026-07-19 21:29:25.024,28855.5,28885.25,28822.5,28846.5,4477
2026-07-19 21:34:07.220,28849.5,28852.5,28807.5,28829.25,6349
2026-07-19 21:42:28.456,28833.25,28837.5,28792.5,28814,10960
2026-07-19 21:43:27.844,28818.25,28822.5,28777.5,28799,2698
2026-07-19 22:00:52.504,28803.25,28837.5,28762.75,28810.25,22579
2026-07-19 22:01:13.476,28808.75,28852.5,28807.5,28830.25,1348
2026-07-19 22:02:50.940,28826.5,28867.5,28822.5,28846,3414
2026-07-19 22:05:43.844,28841.75,28882.5,28837.5,28861,4559
2026-07-19 22:15:42.212,28856.75,28888.25,28822.5,28847.5,11251
2026-07-19 22:20:19.200,28850,28852.5,28807.5,28829.5,5904
2026-07-19 22:33:01.832,28833.5,28867.5,28792.75,28840.25,15390
2026-07-19 22:36:15.160,28839,28882.5,28837.5,28860.25,4396
2026-07-19 22:42:34.688,28856.5,28897.5,28852.5,28876,6984
2026-07-19 22:43:52.672,28871.75,28912.5,28867.5,28891,2435
2026-07-19 22:49:46.552,28886.75,28927.5,28882.5,28906,7412
2026-07-19 23:05:52.096,28901.75,28939.75,28867.5,28894.25,16366
2026-07-19 23:35:49.816,28895.75,28914.75,28852.5,28879,23872
2026-07-19 23:50:49.052,28880.75,28912.5,28849.75,28888.75,11491
2026-07-19 23:52:34.764,28885.75,28927.5,28882.5,28905.75,1770
2026-07-20 00:14:33.276,28901.75,28937.5,28867.5,28893.5,17085
2026-07-20 00:17:42.956,28895.5,28897.5,28852.5,28874.5,2038
2026-07-20 00:32:16.656,28878.5,28912.5,28842.5,28886.5,11180
2026-07-20 00:33:01.700,28884.5,28927.5,28882.5,28905.5,957
2026-07-20 00:51:52.540,28901.5,28942.5,28897.5,28921,13825
2026-07-20 01:03:01.876,28916.75,28942.75,28882.5,28906.25,7095
2026-07-20 01:05:26.548,28909.25,28912.5,28867.5,28889.25,1997
2026-07-20 01:09:30.496,28893.25,28897.5,28852.5,28874,3176
2026-07-20 01:10:55.324,28878.25,28882.5,28837.5,28859,1707
2026-07-20 01:11:56.604,28863.25,28867.5,28822.5,28844,2071
2026-07-20 01:46:02.600,28848.25,28869.75,28807.5,28833.25,26953
2026-07-20 01:54:48.752,28835.25,28837.5,28792.5,28814.5,5816
2026-07-20 02:24:41.296,28818.5,28824.75,28777.5,28799.5,24029
2026-07-20 03:22:29.052,28803.5,28837.5,28765.5,28811,43156
2026-07-20 03:26:15.876,28809.25,28852.5,28807.5,28830.5,4945
2026-07-20 03:27:00.112,28826.5,28867.5,28822.5,28846,1007
2026-07-20 03:29:21.852,28841.75,28882.5,28837.5,28861,2842
2026-07-20 03:30:18.328,28856.75,28897.5,28852.5,28876,1703
2026-07-20 03:34:30.228,28871.75,28912.5,28867.5,28891,4562
2026-07-20 04:00:10.648,28886.75,28927.5,28879.25,28905.25,23432
2026-07-20 04:37:37.232,28901.5,28939.75,28867.5,28894,27452
2026-07-20 05:40:54.508,28895.75,28927.5,28854.75,28901.5,31428
2026-07-20 05:45:06.404,28899.5,28942.5,28897.5,28920.5,2768
2026-07-20 05:47:06.080,28916.5,28957.5,28912.5,28936,1657
2026-07-20 05:51:02.552,28931.75,28972.5,28927.5,28951,2811
2026-07-20 05:52:41.908,28946.75,28987.5,28942.5,28966,1649
2026-07-20 06:15:06.328,28961.75,28997.75,28927.5,28953.75,14636
2026-07-20 07:04:33.488,28955.5,28987.5,28921,28963,26397
2026-07-20 07:08:48.268,28960.25,29002.5,28957.5,28980.75,3757
2026-07-20 07:13:33.228,28976.5,29017.5,28972.5,28996,3392
2026-07-20 07:30:12.236,28991.75,29032.5,28987.5,29011,10794
2026-07-20 07:30:15.764,29006.75,29047.5,29002.5,29026,1424
2026-07-20 07:30:33.176,29021.75,29062.5,29017.5,29041,2591
2026-07-20 07:32:12.800,29036.75,29077.5,29032.5,29056,6059
2026-07-20 07:32:28.400,29051.75,29092.5,29047.5,29071,1122
2026-07-20 07:35:23.056,29066.75,29107.5,29062.5,29086,9030
2026-07-20 08:00:50.468,29081.75,29110.5,29047.5,29071.75,29693
2026-07-20 08:02:24.736,29074.75,29077.5,29032.5,29054.25,3518
2026-07-20 08:02:29.796,29058.5,29062.5,29017.5,29039,1001
2026-07-20 08:02:32.008,29043.25,29047.5,29002.5,29024,869
2026-07-20 08:02:54.728,29028.25,29032.5,28987.5,29009,2811
2026-07-20 09:00:02.236,29013.25,29047.5,28981.5,29022.5,57743
2026-07-20 09:30:04.456,29020,29062.5,29017.5,29040.5,36196
2026-07-20 09:31:02.000,29036.5,29077.5,29032.5,29056,8145
2026-07-20 09:32:10.536,29051.75,29092.5,29047.5,29071,14096
2026-07-20 09:32:17.736,29066.75,29107.5,29062.5,29086,2442
2026-07-20 09:33:52.684,29081.75,29122.5,29077.5,29101,15455
2026-07-20 09:35:00.184,29096.75,29137.5,29092.5,29116,10386
2026-07-20 09:37:07.884,29111.75,29152.5,29107.5,29131,19357
2026-07-20 09:43:25.180,29126.75,29167.5,29119,29145.25,48161
2026-07-20 09:45:02.228,29141.25,29182.5,29137.5,29161,12415
2026-07-20 09:49:43.392,29156.75,29192.5,29122.5,29148.5,37107
2026-07-20 09:50:36.760,29150.5,29152.5,29107.5,29129.5,8790
2026-07-20 09:51:20.508,29133.5,29137.5,29092.5,29114,7541
2026-07-20 09:51:41.028,29118.25,29122.5,29077.5,29099,4520
2026-07-20 09:52:18.532,29103.25,29107.5,29062.5,29084,8261
2026-07-20 09:52:19.204,29088.25,29092.5,29047.5,29069,1624
2026-07-20 09:52:23.760,29073.25,29077.5,29032.5,29054,2526
2026-07-20 09:57:18.032,29058.25,29072.5,29017.5,29041.5,46766
2026-07-20 09:57:26.304,29044.5,29047.5,29002.5,29024.25,2657
2026-07-20 09:58:56.932,29028.25,29032.5,28987.5,29009,12820
2026-07-20 10:01:26.176,29013.25,29017.5,28972.5,28994,25741
2026-07-20 10:03:59.532,28998.25,29032.5,28961,29006,28020
2026-07-20 10:04:09.728,29004.25,29047.5,29002.5,29025.5,2845
2026-07-20 10:07:09.888,29021.5,29048.5,28987.5,29011.25,25404
2026-07-20 10:10:31.088,29014.25,29023.25,28972.5,28995.75,27141
2026-07-20 10:10:45.832,28999,29002.5,28957.5,28979.25,3075
2026-07-20 10:12:04.648,28983.25,28987.5,28942.5,28964,14652
2026-07-20 10:16:01.560,28968.25,29002.5,28938.25,28977.75,35099
2026-07-20 10:18:10.284,28975.25,29005.5,28942.5,28966.5,17692
2026-07-20 10:20:30.140,28969.5,28978,28927.5,28950.5,17964
2026-07-20 10:21:38.304,28954,28957.5,28912.5,28934.25,10823
2026-07-20 10:23:48.240,28938.25,28972.5,28907.5,28947.75,19892
2026-07-20 10:25:09.816,28945,28987.5,28942.5,28965.75,10076
2026-07-20 10:26:07.488,28961.5,29002.5,28957.5,28981,7862
2026-07-20 10:29:27.556,28976.75,29017.5,28972.5,28996,24056
2026-07-20 10:30:00.616,28991.75,29032.5,28987.5,29011,5401
2026-07-20 10:30:51.576,29006.75,29047.5,29002.5,29026,7613
2026-07-20 10:34:04.056,29021.75,29050,28987.5,29011.75,25533
2026-07-20 10:38:35.400,29014.5,29026,28972.5,28996.5,32099
2026-07-20 10:43:43.172,28999.5,29016.75,28957.5,28982.75,30950
2026-07-20 10:45:03.788,28985.25,28987.5,28942.5,28964.5,9665
2026-07-20 10:46:19.788,28968.5,29002.5,28931.5,28976.25,14543
2026-07-20 10:48:20.176,28974.25,29004.5,28942.5,28966,14814
2026-07-20 10:48:30.340,28969.25,28972.5,28927.5,28949.25,2241
2026-07-20 10:52:50.784,28953.25,28957.5,28912.5,28934,26811
2026-07-20 10:53:50.356,28938.25,28942.5,28897.5,28919,8658
2026-07-20 10:57:22.772,28923.25,28928,28882.5,28904,25365
2026-07-20 11:02:59.244,28908.25,28942.5,28873.25,28916.75,40157
2026-07-20 11:08:54.100,28914.5,28957.5,28884,28928.5,38702
2026-07-20 11:08:55.076,28928,28972.5,28927.5,28950,1912
2026-07-20 11:09:49.212,28946.25,28987.5,28942.5,28966,8506
2026-07-20 11:21:50.684,28961.75,29002.5,28928.75,28973.75,56932
2026-07-20 11:23:20.928,28973.25,29017.5,28972.5,28995.25,6456
2026-07-20 11:43:21.260,28991.25,29032.5,28969,29006.25,74924
2026-07-20 11:54:11.628,29004.5,29047.5,28974.5,29018.5,44995
2026-07-20 11:56:48.836,29018,29062.5,29017.5,29040,10018
2026-07-20 12:05:30.236,29036.25,29077.5,29029,29055,32165
2026-07-20 12:05:41.840,29051.25,29092.5,29047.5,29071,1916
2026-07-20 12:10:14.612,29066.75,29107.5,29062.5,29086,14879
2026-07-20 12:33:59.876,29081.75,29118.5,29047.5,29073.75,64730
2026-07-20 12:41:23.404,29075.75,29083.5,29032.5,29056,21571
2026-07-20 12:41:23.412,29059.25,29062.5,29017.5,29039.25,445
2026-07-20 12:41:24.100,29043.25,29047.5,29002.5,29024,929
2026-07-20 12:41:25.836,29028.25,29032.5,28987.5,29009,1818
2026-07-20 12:41:26.292,29013.25,29017.5,28972.5,28994,782
2026-07-20 12:47:13.820,28998.25,29032.5,28959,29005.5,32782
2026-07-20 12:49:28.840,29004,29047.5,29002.5,29025.5,5721
2026-07-20 12:54:02.608,29021.5,29052.25,28987.5,29012.25,18643
2026-07-20 12:55:09.232,29014.75,29017.5,28972.5,28994.25,6016
2026-07-20 12:57:00.032,28998.5,29002.5,28957.5,28979,8329
2026-07-20 13:08:24.316,28983.25,28999.5,28942.5,28967,38053
2026-07-20 13:14:14.160,28969.75,28972.5,28927.5,28949.25,18254
2026-07-20 13:15:09.692,28953.5,28957.5,28912.5,28934,3750
2026-07-20 13:22:07.312,28938.25,28972.5,28910.5,28948.5,22736
2026-07-20 13:43:31.204,28945.5,28976,28912.5,28936.5,52321
2026-07-20 13:52:19.980,28939.5,28972.5,28900.5,28946.25,26457
2026-07-20 14:01:07.800,28944.5,28987.5,28940.25,28965,22768
2026-07-20 14:12:46.740,28961.25,29002.5,28957,28980.75,28958
2026-07-20 14:24:54.920,28976.75,29010.5,28942.5,28968,31404
2026-07-20 14:30:51.536,28970.25,28972.5,28927.5,28949.5,19534
2026-07-20 14:33:30.492,28953.5,28957.5,28912.5,28934,7636
2026-07-20 14:34:44.740,28938.25,28942.5,28897.5,28919,4335
2026-07-20 14:41:19.400,28923.25,28946.75,28882.5,28908.75,23097
2026-07-20 14:44:30.704,28910.5,28912.5,28867.5,28889.5,11446
2026-07-20 15:03:05.880,28893.5,28903.5,28852.5,28875.5,56618
2026-07-20 15:04:06.892,28879,28882.5,28837.5,28859.25,5310
2026-07-20 15:13:31.904,28863.25,28878.25,28822.5,28846.75,34042
2026-07-20 15:15:00.432,28849.5,28852.5,28807.5,28829.25,6043
2026-07-20 15:29:50.808,28833.5,28867.5,28796.25,28841.25,50822
2026-07-20 15:33:04.904,28839.25,28882.5,28834,28859.5,16319
2026-07-20 15:50:06.220,28856,28894.5,28822.5,28849,54619
2026-07-20 15:52:04.884,28850.75,28852.5,28807.5,28829.5,7957
2026-07-20 15:55:00.344,28833.5,28837.5,28792.5,28814,10771
2026-07-20 15:55:04.380,28818.25,28822.5,28777.5,28799,1442
2026-07-20 16:17:15.524,28803.25,28832,28762.5,28790,51757
2026-07-20 16:59:59.524,28791.25,28792.5,28750,28778,15765
2026-07-20 18:00:02.892,28783.25,28798.25,28780,28790,290
2026-07-20 18:04:24.992,28779,28801.75,28738.25,28764.25,3873
2026-07-20 18:05:19.032,28766.25,28768.25,28723.25,28745.25,1389
2026-07-20 18:06:49.016,28749.25,28753.25,28708.25,28729.75,2027
2026-07-20 19:09:18.980,28734,28768.25,28700,28742.75,36359
2026-07-20 19:18:45.432,28740.5,28783.25,28738.25,28761.25,7901
2026-07-20 19:19:13.388,28757.25,28798.25,28753.25,28776.75,1447
2026-07-20 19:21:08.304,28772.5,28813.25,28768.25,28791.75,3029
2026-07-20 19:45:03.344,28787.5,28828.25,28783.25,28806.75,14776
2026-07-20 19:51:52.624,28802.5,28833,28768.25,28793,10204
2026-07-20 20:00:03.980,28795.75,28801.75,28753.25,28776,11728
2026-07-20 20:01:44.280,28779.5,28783.25,28738.25,28759.75,5614
2026-07-20 20:02:36.236,28764,28768.25,28723.25,28744.75,2512
2026-07-20 20:07:48.052,28749,28753.25,28708.25,28729.75,10746
2026-07-20 20:18:37.392,28734,28768.25,28706.5,28744.25,23497
2026-07-20 20:19:17.500,28741.25,28783.25,28738.25,28761.5,1649
2026-07-20 20:19:40.196,28757.25,28798.25,28753.25,28776.75,1405
2026-07-20 20:27:12.180,28772.5,28813.25,28768.25,28791.75,12882
2026-07-20 20:27:46.488,28787.5,28828.25,28783.25,28806.75,1502
2026-07-20 20:32:56.208,28802.5,28843.25,28798.25,28821.75,8248
2026-07-20 20:33:01.308,28817.5,28858.25,28813.25,28836.75,807
2026-07-20 20:42:20.972,28832.5,28873.25,28828.25,28851.75,12933
2026-07-20 20:48:47.268,28847.5,28888.25,28843.25,28866.75,10427
2026-07-20 21:08:25.468,28862.5,28903.25,28836.5,28876.5,32699
2026-07-20 21:36:47.520,28874.75,28918.25,28872,28895.75,30091
2026-07-20 22:05:47.580,28892,28933.25,28866.25,28906.25,33005
2026-07-20 22:16:04.132,28904.75,28940,28873.25,28897.75,10815
2026-07-20 22:36:12.212,28900.5,28933.25,28859.25,28906.5,17759
2026-07-20 22:38:14.104,28905,28948.25,28903.25,28926.25,3581
2026-07-20 23:00:16.464,28922.25,28963.25,28918.25,28941.75,14201
2026-07-20 23:11:01.664,28937.5,28978.25,28933.25,28956.75,6373
2026-07-20 23:19:56.236,28952.5,28993.25,28948.25,28971.75,5366
2026-07-20 23:32:45.728,28967.5,29008.25,28963.25,28986.75,7610
2026-07-20 23:35:43.260,28982.5,29023.25,28978.25,29001.75,2814
2026-07-20 23:36:10.324,28997.5,29038.25,28993.25,29016.75,1289
2026-07-20 23:46:13.868,29012.5,29053.25,29008.25,29031.75,9002
2026-07-20 23:49:20.104,29027.5,29068.25,29023.25,29046.75,3405
2026-07-21 00:06:22.344,29042.5,29083.25,29038.25,29061.75,14235
2026-07-21 01:16:56.072,29057.5,29089.5,29023.25,29048.5,34912
2026-07-21 01:41:52.780,29050.75,29083.25,29016.75,29058.5,18602
2026-07-21 01:51:27.316,29056,29098.25,29053.25,29076.5,6823
2026-07-21 02:01:58.192,29072.25,29113.25,29068.25,29091.75,7249
2026-07-21 02:12:52.656,29087.5,29128.25,29083.25,29106.75,8176
2026-07-21 02:35:31.828,29102.5,29143.25,29098.25,29121.75,16942
2026-07-21 03:03:09.944,29117.5,29158.25,29113.25,29136.75,17394
2026-07-21 03:26:06.228,29132.5,29161.5,29098.25,29122.75,15756
2026-07-21 04:23:42.744,29125.5,29158.25,29087.75,29132.5,38115
2026-07-21 04:30:28.800,29130.25,29173.25,29128.25,29151.25,5123
2026-07-21 05:18:55.024,29147.25,29188.25,29143.25,29166.75,25196
2026-07-21 06:36:44.516,29162.5,29203.25,29150.75,29180,51943
2026-07-21 07:04:34.364,29176.5,29204,29143.25,29166.75,21415
2026-07-21 07:19:50.188,29170,29173.25,29128.25,29150,12540
2026-07-21 08:08:28.340,29154,29188.25,29117,29162,42269
2026-07-21 08:32:59.748,29160,29195.5,29128.25,29153,25781
2026-07-21 08:42:33.276,29155.75,29158.25,29113.25,29135,9112
2026-07-21 08:48:41.356,29139.25,29173.25,29111,29149.25,14298
2026-07-21 09:25:00.100,29146.25,29188.25,29143.25,29166.5,37745
2026-07-21 09:27:59.052,29162.25,29203.25,29158.25,29181.75,6519
2026-07-21 09:29:59.364,29177.5,29218.25,29173.25,29196.75,5902
2026-07-21 09:30:12.280,29192.5,29233.25,29188.25,29211.75,6001
2026-07-21 09:31:26.360,29207.5,29246.75,29173.25,29200.25,21696
2026-07-21 09:31:44.104,29201.75,29203.25,29158.25,29180.25,5766
2026-07-21 09:33:57.836,29184.25,29188.25,29143.25,29164.75,26575
2026-07-21 09:36:04.184,29169,29203.25,29133,29177.25,28741
2026-07-21 09:36:07.384,29175.25,29218.25,29173.25,29196.25,2047
2026-07-21 09:37:39.308,29192.25,29225,29158.25,29183.5,21700
2026-07-21 09:41:54.224,29185.75,29214.75,29143.25,29171.75,46140
2026-07-21 09:45:10.596,29172.5,29180,29128.25,29152.25,36529
2026-07-21 09:46:58.864,29155.25,29158.25,29113.25,29135,21333
2026-07-21 09:47:36.056,29139.25,29143.25,29098.25,29119.75,8942
2026-07-21 09:50:04.392,29124,29158.25,29095.25,29134,28783
2026-07-21 09:51:15.420,29131,29173.25,29128.25,29151.5,15159
2026-07-21 09:56:33.816,29147.25,29178.5,29113.25,29138,54965
2026-07-21 09:57:05.120,29140.75,29143.25,29098.25,29120,6226
2026-07-21 10:00:14.356,29124.25,29158.25,29092.5,29133.25,30112
2026-07-21 10:00:21.468,29130.75,29173.25,29128.25,29151.5,2663
2026-07-21 10:00:29.904,29147.25,29188.25,29143.25,29166.75,3700
2026-07-21 10:03:02.728,29162.5,29189.75,29128.25,29152.25,24381
2026-07-21 10:03:07.556,29155.25,29158.25,29113.25,29135,2191
2026-07-21 10:03:23.764,29139,29143.25,29098.25,29119.75,4745
2026-07-21 10:05:37.328,29124,29128.25,29083.25,29104.75,23650
2026-07-21 10:10:37.508,29109,29139,29068.25,29096,46058
2026-07-21 10:14:09.284,29097.25,29128.25,29063,29104.25,26136
2026-07-21 10:16:17.292,29101.25,29137.5,29068.25,29093.75,22139
2026-07-21 10:18:27.004,29096,29128.25,29066.5,29104.75,16661
2026-07-21 10:18:37.880,29101.5,29143.25,29098.25,29121.5,2901
2026-07-21 10:18:55.688,29117.5,29158.25,29113.25,29136.75,4665
2026-07-21 10:25:38.632,29132.5,29173.25,29111.75,29147.75,51576
2026-07-21 10:27:11.236,29145.5,29188.25,29143.25,29166.25,11064
2026-07-21 10:27:55.504,29162.25,29203.25,29158.25,29181.75,5802
2026-07-21 10:28:09.556,29177.5,29218.25,29173.25,29196.75,5194
2026-07-21 10:35:22.480,29192.5,29233.25,29188.25,29211.75,39468
2026-07-21 10:42:04.364,29207.5,29235.5,29173.25,29197.5,35028
2026-07-21 10:45:05.524,29200.25,29233.25,29162.5,29207.25,20029
2026-07-21 10:45:20.644,29205.25,29248.25,29203.25,29226.25,3994
2026-07-21 11:05:17.728,29222.25,29257.75,29188.25,29214.25,99550
2026-07-21 11:07:21.648,29216.25,29248.25,29181.5,29223.5,13862
2026-07-21 11:08:12.108,29221,29263.25,29218.25,29241.5,6268
2026-07-21 11:09:41.372,29237.25,29278.25,29233.25,29256.75,8088
2026-07-21 11:12:56.896,29252.5,29293.25,29248.25,29271.75,13337
2026-07-21 11:21:50.776,29267.5,29308.25,29263.25,29286.75,33095
2026-07-21 12:08:20.232,29282.5,29323.25,29254.25,29295.75,142604
2026-07-21 12:51:03.588,29294.5,29338.25,29293.25,29316,87412
2026-07-21 13:05:54.524,29312.25,29353.25,29308.25,29331.75,29000
2026-07-21 15:29:52.508,29327.5,29363.5,29293.25,29319.25,256517
2026-07-21 16:59:59.140,29321.25,29351.25,29279.25,29310.5,133952
2026-07-21 18:00:17.976,29309,29311.75,29294,29302.25,893
2026-07-21 18:24:44.240,29313,29324,29279,29298.75,13970
2026-07-21 18:30:48.040,29304,29309,29264,29285.25,5096
2026-07-21 20:04:37.480,29289.5,29324,29251.75,29297.25,65446
2026-07-21 20:46:36.668,29295.75,29337.25,29264,29290.25,48218
2026-07-21 21:01:00.716,29292,29294.25,29249,29271,15775
2026-07-21 21:02:36.408,29275,29279,29234,29255.5,4394
2026-07-21 21:51:28.292,29259.75,29294,29231.75,29270,41047
2026-07-21 22:58:12.964,29267,29306.25,29234,29260.25,51927
2026-07-21 23:09:52.184,29262.25,29264,29219,29241,8908
2026-07-21 23:53:10.984,29245,29267.75,29204,29230.25,32371
2026-07-22 00:01:46.308,29232,29234,29189,29211,8006
2026-07-22 01:20:41.656,29215,29239,29174,29200.5,39733
2026-07-22 01:37:00.088,29202.25,29204,29159,29181,11937
2026-07-22 01:46:09.092,29185,29189,29144,29165.5,6857
2026-07-22 02:06:20.604,29169.75,29178.25,29129,29151.5,16293
2026-07-22 02:16:24.004,29155.25,29159,29114,29135.5,7387
2026-07-22 02:18:20.808,29139.75,29144,29099,29120.5,2223
2026-07-22 02:20:47.628,29124.75,29129,29084,29105.5,3178
2026-07-22 02:22:52.288,29109.75,29114,29069,29090.5,3202
2026-07-22 03:06:44.060,29094.75,29116,29054,29079.75,43238
2026-07-22 03:18:58.112,29081.75,29114,29050.5,29090,11017
2026-07-22 03:39:42.688,29087,29124.5,29054,29080,20195
2026-07-22 03:41:41.912,29082,29084,29039,29061,2920
2026-07-22 04:08:29.120,29065,29099,29026,29072.25,28382
2026-07-22 04:30:43.060,29070.5,29114,29061.5,29090,19357
2026-07-22 05:03:38.028,29087,29129,29079.5,29106.25,18800
2026-07-22 05:07:39.080,29102.5,29144,29099,29122.5,4029
2026-07-22 06:03:07.484,29118.25,29159,29089,29131.25,32233
2026-07-22 07:30:15.304,29130.25,29173.5,29099,29125.5,59507
2026-07-22 07:40:27.796,29127.25,29129,29084,29106,8029
2026-07-22 07:40:54.276,29110,29114,29069,29090.5,1126
2026-07-22 07:41:13.644,29094.75,29099,29054,29075.5,2739
2026-07-22 07:42:48.348,29079.75,29084,29039,29060.5,5855
2026-07-22 07:43:34.968,29064.75,29069,29024,29045.5,4895
2026-07-22 08:21:23.988,29049.75,29079.25,29009,29036.75,46978
2026-07-22 08:56:52.696,29037.75,29068.5,28994,29023.5,55919
2026-07-22 08:56:53.624,29023.75,29024,28979,29001.5,1018
2026-07-22 08:56:55.816,29005.25,29009,28964,28985.5,1270
2026-07-22 08:59:06.824,28989.75,29024,28961.25,28999.75,8215
2026-07-22 09:04:02.256,28997,29039,28994,29017.25,6394
2026-07-22 09:09:03.336,29013,29054,29009,29032.5,4412
2026-07-22 09:16:59.268,29028.25,29069,29024,29047.5,6995
2026-07-22 09:23:53.204,29043.25,29084,29039,29062.5,8369
2026-07-22 09:30:00.656,29058.25,29099,29054,29077.5,10868
2026-07-22 09:30:01.788,29073.25,29114,29069,29092.5,1208
2026-07-22 09:31:02.384,29088.25,29129,29084,29107.5,11585
2026-07-22 09:32:41.944,29103.25,29144,29099,29122.5,18091
2026-07-22 09:33:16.180,29118.25,29159,29114,29137.5,5934
2026-07-22 09:42:19.408,29133.25,29174,29113.25,29148.75,85599
2026-07-22 09:45:07.608,29146.25,29189,29144,29167,23639
2026-07-22 09:45:09.756,29163,29204,29159,29182.5,2426
2026-07-22 09:53:19.224,29178.25,29219,29152,29192,78160
2026-07-22 09:54:17.092,29190.5,29234,29189,29212,9899
2026-07-22 09:56:37.888,29208,29249,29204,29227.5,15609
2026-07-22 09:59:30.584,29223.25,29264,29219,29242.5,19950
2026-07-22 10:00:00.720,29238.25,29279,29234,29257.5,5215
2026-07-22 10:10:07.076,29253.25,29284.25,29219,29244,70355
2026-07-22 10:15:46.580,29246.5,29263.25,29204,29229.5,43312
2026-07-22 10:20:43.544,29231.75,29264,29196,29239,40065
2026-07-22 10:24:32.192,29236.5,29273.75,29204,29229.5,31564
2026-07-22 10:41:50.008,29231.75,29261,29189,29217.75,100636
2026-07-22 10:42:05.068,29218.25,29219,29174,29196.25,4077
2026-07-22 10:58:04.452,29200.25,29234,29172.5,29210.25,94311
2026-07-22 11:00:06.216,29207,29249,29204,29227.25,9583
2026-07-22 11:00:43.320,29223.25,29264,29219,29242.5,5201
2026-07-22 11:05:43.060,29238.25,29279,29234,29257.5,22157
2026-07-22 11:06:07.468,29253.25,29294,29249,29272.5,4697
2026-07-22 11:10:57.020,29268.25,29309,29264,29287.5,18779
2026-07-22 11:20:56.024,29283.25,29324,29279,29302.5,34945
2026-07-22 11:27:06.812,29298.25,29339,29294,29317.5,23288
2026-07-22 11:39:16.304,29313.25,29342.5,29279,29303.5,46499
2026-07-22 13:53:26.944,29306.25,29335.25,29264,29292.25,288314
2026-07-22 13:55:00.628,29293.25,29294,29249,29271.25,6830
2026-07-22 14:02:28.332,29275.25,29279,29234,29255.5,25987
2026-07-22 14:31:11.088,29259.75,29271,29219,29242.25,72984
2026-07-22 15:38:18.772,29245.5,29260.75,29204,29228.5,144172
2026-07-22 15:55:03.680,29231.25,29246,29189,29213.75,48897
2026-07-22 15:59:53.520,29216.5,29219,29174,29195.75,20158
2026-07-22 15:59:59.504,29200,29204,29159,29180.5,2293
2026-07-22 16:01:00.292,29184.75,29219,29158,29195.25,5346
2026-07-22 16:01:36.264,29192,29223.25,29159,29183.25,2678
2026-07-22 16:01:57.876,29186.25,29191,29144,29166.25,2141
2026-07-22 16:01:58.828,29170.25,29204,29141.75,29180,545
2026-07-22 16:02:02.352,29177,29219,29174,29197.25,810
2026-07-22 16:02:03.844,29193,29234,29189,29212.5,471
2026-07-22 16:02:20.220,29208.25,29239.5,29174,29199,2553
2026-07-22 16:02:21.172,29201.5,29204,29159,29180.75,244
2026-07-22 16:02:22.216,29185,29189,29144,29165.5,359
2026-07-22 16:02:37.104,29169.75,29204,29131,29177.25,2210
2026-07-22 16:02:37.892,29175.5,29219,29174,29197,76
2026-07-22 16:02:47.608,29193,29226.5,29159,29184.25,1166
2026-07-22 16:03:02.936,29186.75,29219,29157.5,29195.5,1678
2026-07-22 16:04:42.940,29192.25,29225.25,29159,29184,6715
2026-07-22 16:04:58.316,29186.5,29189,29144,29165.75,964
2026-07-22 16:05:37.136,29170,29175.5,29129,29150.75,2479
2026-07-22 16:12:26.504,29155,29189,29119,29163,17399
2026-07-22 16:13:27.448,29161,29204,29159,29182,2888
2026-07-22 16:13:51.020,29178,29219,29174,29197.5,1523
2026-07-22 16:14:50.676,29193.25,29234,29189,29212.5,2540
2026-07-22 16:14:58.944,29208.25,29249,29204,29227.5,765
2026-07-22 16:38:28.532,29223.25,29260.25,29189,29215.5,31075
2026-07-22 16:59:28.160,29217.25,29219,29174,29196,11591
2026-07-22 16:59:59.896,29200,29204,29168.75,29185.5,421
2026-07-22 18:00:00.076,29107.5,29122.5,29106.75,29114.75,242
2026-07-22 18:00:13.280,29103.75,29137.5,29092.5,29117.75,1064
2026-07-22 18:02:44.220,29112.75,29144,29077.5,29103,5166
2026-07-22 18:07:24.040,29105.25,29107.5,29062.5,29084.5,5931
2026-07-22 18:39:54.004,29088.5,29106.75,29047.5,29072.5,26254
2026-07-22 19:04:26.224,29075,29084.75,29032.5,29056.25,19746
2026-07-22 19:40:51.376,29059.25,29092.5,29025.75,29067.5,27931
2026-07-22 19:45:44.420,29065,29107.5,29062.5,29085.75,4941
2026-07-22 19:46:00.908,29081.5,29122.5,29077.5,29101,1495
2026-07-22 19:49:05.508,29096.75,29137.5,29092.5,29116,4768
2026-07-22 20:00:01.296,29111.75,29152.5,29107.5,29131,11339
2026-07-22 20:06:12.312,29126.75,29167.5,29122.5,29146,12263
2026-07-22 20:16:36.544,29141.75,29182.5,29137.5,29161,12532
2026-07-22 20:17:19.976,29156.75,29197.5,29152.5,29176,2289
2026-07-22 20:20:51.784,29171.75,29212.5,29167.5,29191,6427
2026-07-22 20:22:42.360,29186.75,29227.5,29182.5,29206,3087
2026-07-22 20:27:08.740,29201.75,29242.5,29197.5,29221,6138
2026-07-22 20:51:26.048,29216.75,29257.5,29212.5,29236,24753
2026-07-22 20:51:44.168,29231.75,29272.5,29227.5,29251,1875
2026-07-22 21:31:27.916,29246.75,29283,29212.5,29238.75,41829
2026-07-22 21:44:36.072,29240.5,29260.5,29197.5,29224,20513
2026-07-22 21:44:50.428,29225.75,29227.5,29182.5,29204.5,1109
2026-07-22 22:03:49.776,29208.5,29217.25,29167.5,29190.25,23075
2026-07-22 22:12:18.392,29193.75,29200.5,29152.5,29174.75,9135
2026-07-22 22:18:01.460,29178.75,29182.5,29137.5,29159,6362
2026-07-22 22:21:48.524,29163.25,29167.5,29122.5,29144,4420
2026-07-22 22:23:40.752,29148.25,29152.5,29107.5,29129,3356
2026-07-22 22:37:13.344,29133.25,29137.5,29092.5,29114,16054
2026-07-22 22:38:16.472,29118.25,29122.5,29077.5,29099,2519
2026-07-22 22:41:03.044,29103.25,29107.5,29062.5,29084,3519
2026-07-22 23:08:59.188,29088.25,29097,29047.5,29070,26181
2026-07-22 23:11:21.308,29073.75,29077.5,29032.5,29054,3180
2026-07-22 23:30:22.556,29058.25,29092.5,29030,29068.25,18467
2026-07-22 23:30:43.320,29065.5,29107.5,29062.5,29085.75,1536
2026-07-22 23:48:54.900,29081.5,29122.5,29071.75,29099.5,15281
2026-07-23 00:15:03.052,29096,29137.5,29067.25,29109.5,20496
2026-07-23 00:25:53.040,29108.5,29152.5,29107.5,29130.25,8702
2026-07-23 01:29:49.116,29126.5,29167.5,29098.5,29140,42557
2026-07-23 01:32:36.432,29138.75,29182.5,29137.5,29160.25,2813
2026-07-23 01:48:10.840,29156.5,29183.75,29122.5,29146.25,9127
2026-07-23 01:49:55.996,29149.5,29152.5,29107.5,29129.25,1881
2026-07-23 01:54:25.640,29133.25,29137.5,29092.5,29114,3882
2026-07-23 02:09:43.256,29118.25,29122.5,29077.5,29099,11638
2026-07-23 03:00:30.084,29103.25,29119.75,29062.5,29087,29892
2026-07-23 03:01:45.080,29089.75,29092.5,29047.5,29069.25,2360
2026-07-23 03:08:54.936,29073.5,29077.5,29032.5,29054,8188
2026-07-23 03:10:05.500,29058.25,29062.5,29017.5,29039,2318
2026-07-23 03:10:28.128,29043.25,29047.5,29002.5,29024,1075
2026-07-23 03:11:03.612,29028.25,29032.5,28987.5,29009,2053
2026-07-23 03:12:30.404,29013.25,29017.5,28972.5,28994,3084
2026-07-23 03:12:41.124,28998.25,29002.5,28957.5,28979,884
2026-07-23 03:20:02.300,28983.25,29017.5,28953.75,28993,10071
2026-07-23 03:20:54.568,28990.25,29032.5,28987.5,29010.75,1221
2026-07-23 03:40:08.448,29006.5,29038.75,28972.5,28997.5,15494
2026-07-23 03:42:15.676,29000,29002.5,28957.5,28979.5,2031
2026-07-23 03:43:26.316,28983.5,28987.5,28942.5,28964,1947
2026-07-23 03:45:42.312,28968.25,28972.5,28927.5,28949,3168
2026-07-23 03:59:12.240,28953.25,28987.5,28922,28962.5,12391
2026-07-23 04:06:08.712,28960,29002.5,28957.5,28980.75,8719
2026-07-23 04:06:29.412,28976.5,29017.5,28972.5,28996,682
2026-07-23 04:09:53.776,28991.75,29032.5,28987.5,29011,3333
2026-07-23 04:17:01.520,29006.75,29047.5,29002.5,29026,6052
2026-07-23 04:50:43.076,29021.75,29062.5,29017.5,29041,22179
2026-07-23 04:54:14.316,29036.75,29077.5,29032.5,29056,2805
2026-07-23 04:56:30.980,29051.75,29092.5,29047.5,29071,1774
2026-07-23 04:59:24.196,29066.75,29107.5,29062.5,29086,2781
2026-07-23 05:03:18.604,29081.75,29122.5,29077.5,29101,3561
2026-07-23 05:03:34.492,29096.75,29137.5,29092.5,29116,1245
2026-07-23 05:33:56.724,29111.75,29137.75,29077.5,29101.25,18660
2026-07-23 05:51:10.292,29104.25,29107.5,29062.5,29084.25,8496
2026-07-23 05:58:44.200,29088.25,29092.5,29047.5,29069,4988
2026-07-23 06:36:24.688,29073.25,29107.5,29036.75,29081.25,26859
2026-07-23 06:41:03.180,29079.25,29122.5,29077.5,29100.5,3490
2026-07-23 07:02:11.996,29096.5,29122.75,29062.5,29086,12685
2026-07-23 07:05:46.324,29089.25,29092.5,29047.5,29069.25,3929
2026-07-23 07:20:48.528,29073.25,29077.5,29032.5,29054,12910
2026-07-23 07:22:59.128,29058.25,29062.5,29017.5,29039,2705
2026-07-23 07:29:00.412,29043.25,29047.5,29002.5,29024,5647
2026-07-23 07:32:24.116,29028.25,29032.5,28987.5,29009,5073
2026-07-23 07:33:53.872,29013.25,29017.5,28972.5,28994,1759
2026-07-23 07:35:08.904,28998.25,29002.5,28957.5,28979,2330
2026-07-23 07:35:41.676,28983.25,28987.5,28942.5,28964,2213
2026-07-23 07:37:13.624,28968.25,28972.5,28927.5,28949,3079
2026-07-23 08:15:00.760,28953.25,28984.25,28912.5,28940.5,50771
2026-07-23 08:16:49.492,28941.5,28942.5,28897.5,28919.75,4803
2026-07-23 08:16:49.984,28923.75,28927.5,28882.5,28904,410
2026-07-23 08:24:23.300,28908.25,28920.5,28867.5,28891,15436
2026-07-23 08:30:00.044,28894.25,28897.5,28852.5,28874.25,8716
2026-07-23 08:33:13.948,28878.25,28882.5,28837.5,28859,6691
2026-07-23 08:36:14.780,28863.25,28867.5,28822.5,28844,6682
2026-07-23 08:36:49.928,28848.25,28852.5,28807.5,28829,2402
2026-07-23 08:39:30.928,28833.25,28837.5,28792.5,28814,8427
2026-07-23 08:40:22.080,28818.25,28822.5,28777.5,28799,2557
2026-07-23 08:48:23.644,28803.25,28807.5,28762.5,28784,19992
2026-07-23 09:05:39.952,28788.25,28805.5,28747.5,28772.25,42680
2026-07-23 09:09:14.504,28774.75,28777.5,28732.5,28754.25,13251
2026-07-23 09:12:06.636,28758.5,28762.5,28717.5,28739,8937
2026-07-23 09:23:08.348,28743.25,28747.5,28702.5,28724,26708
2026-07-23 09:30:09.228,28728.25,28732.5,28687.5,28709,22401
2026-07-23 09:30:39.880,28713.25,28717.5,28672.5,28694,9017
2026-07-23 09:30:43.004,28698.25,28702.5,28657.5,28679,2131
2026-07-23 09:31:52.516,28683.25,28717.5,28656,28693.5,18610
2026-07-23 09:32:02.856,28690.5,28732.5,28687.5,28710.75,3155
2026-07-23 09:32:45.336,28706.75,28747.5,28702.5,28726,11398
2026-07-23 09:34:51.732,28721.75,28762.5,28693.25,28735,27939
2026-07-23 09:36:31.680,28733.75,28777.5,28732.5,28755.25,22393
2026-07-23 09:37:11.128,28751.5,28792.5,28747.5,28771,9538
2026-07-23 09:37:41.576,28766.75,28807.5,28762.5,28786,6513
2026-07-23 09:40:12.396,28781.75,28822.5,28777,28801,30873
2026-07-23 09:42:08.708,28796.75,28837.5,28792.5,28816,20047
2026-07-23 09:42:26.772,28811.75,28852.5,28807.5,28831,4269
2026-07-23 09:43:00.988,28826.75,28867.5,28822.5,28846,6837
2026-07-23 09:43:35.800,28841.75,28882.5,28837.5,28861,7322
2026-07-23 09:46:17.128,28856.75,28883.75,28822.5,28846.5,31142
2026-07-23 09:48:05.484,28849.5,28852.5,28807.5,28829.25,16300
2026-07-23 09:48:31.592,28833.25,28837.5,28792.5,28814,6810
2026-07-23 09:49:17.780,28818.25,28822.5,28777.5,28799,8297
2026-07-23 09:49:31.092,28803.25,28807.5,28762.5,28784,4400
2026-07-23 09:51:34.848,28788.25,28792.5,28747.5,28769,25081
2026-07-23 09:51:44.048,28773.25,28777.5,28732.5,28754,3414
2026-07-23 09:52:19.536,28758.25,28762.5,28717.5,28739,8570
2026-07-23 09:54:05.580,28743.25,28777.5,28717.25,28753.75,20547
2026-07-23 09:54:06.388,28750.75,28792.5,28747.5,28770.75,872
2026-07-23 09:54:16.608,28766.75,28807.5,28762.5,28786,3573
2026-07-23 09:55:03.388,28781.75,28822.5,28777.5,28801,10620
2026-07-23 09:56:56.588,28796.75,28835.75,28762.5,28789.5,23711
2026-07-23 09:57:09.764,28791,28792.5,28747.5,28769.5,3329
2026-07-23 09:57:20.052,28773.5,28777.5,28732.5,28754,2215
2026-07-23 09:58:08.428,28758.25,28762.5,28717.5,28739,8859
2026-07-23 09:58:15.844,28743.25,28747.5,28702.5,28724,2720
2026-07-23 10:00:39.712,28728.25,28762.5,28696,28737.25,27180
2026-07-23 10:05:42.328,28735,28777.5,28708,28749.5,50651
2026-07-23 10:05:53.320,28748.5,28792.5,28747.5,28770.25,3323
2026-07-23 10:08:35.240,28766.25,28801.75,28732.5,28758.25,32649
2026-07-23 10:08:51.344,28760.5,28762.5,28717.5,28739.5,3674
2026-07-23 10:09:06.252,28743.5,28747.5,28702.5,28724,3904
2026-07-23 10:09:15.044,28728.25,28732.5,28687.5,28709,3075
2026-07-23 10:10:08.720,28713.25,28747.5,28678,28721.5,15107
2026-07-23 10:12:12.364,28719.5,28762.5,28694.25,28734.75,24049
2026-07-23 10:14:48.072,28733.5,28771,28702.5,28727.5,26129
2026-07-23 10:16:15.208,28730,28732.5,28687.5,28709.25,14617
2026-07-23 10:21:50.308,28713.5,28747.5,28686.75,28723.75,38667
2026-07-23 10:22:02.144,28720.75,28762.5,28717.5,28740.75,2603
2026-07-23 10:22:37.060,28736.75,28777.5,28732.5,28756,5490
2026-07-23 10:24:06.652,28751.75,28780,28717.5,28741.75,12252
2026-07-23 10:24:11.676,28744.5,28747.5,28702.5,28724.25,1377
2026-07-23 10:32:45.628,28728.5,28752,28687.5,28713.75,62927
2026-07-23 10:33:28.072,28715.75,28717.5,28672.5,28694.5,7616
2026-07-23 10:33:49.880,28698.5,28702.5,28657.5,28679,4741
2026-07-23 10:34:07.404,28683.25,28687.5,28642.5,28664,5811
2026-07-23 10:37:20.720,28668.25,28702.5,28640,28678.25,28488
2026-07-23 10:37:23.680,28675.5,28717.5,28672.5,28695.75,1750
2026-07-23 10:37:27.728,28691.5,28732.5,28687.5,28711,2116
2026-07-23 10:37:49.624,28706.75,28747.5,28702.5,28726,5140
2026-07-23 10:39:36.864,28721.75,28762.5,28717.5,28741,21602
2026-07-23 10:41:34.672,28736.75,28773.25,28702.5,28728.75,21446
2026-07-23 10:41:41.012,28730.75,28732.5,28687.5,28709.5,1983
2026-07-23 10:42:28.648,28713.5,28717.5,28672.5,28694,9369
2026-07-23 10:42:44.196,28698.25,28702.5,28657.5,28679,3033
2026-07-23 10:43:29.892,28683.25,28687.5,28642.5,28664,8160
2026-07-23 10:43:39.544,28668.25,28672.5,28627.5,28649,3779
2026-07-23 10:50:49.104,28653.25,28671,28612.5,28637.25,62817
2026-07-23 10:51:44.800,28640,28642.5,28597.5,28619.25,8867
2026-07-23 10:54:30.980,28623.5,28627.5,28582.5,28604,20561
2026-07-23 11:01:29.124,28608.25,28618.75,28567.5,28590.5,46407
2026-07-23 11:06:01.544,28594,28597.5,28552.5,28574,24949
2026-07-23 11:06:30.012,28578.25,28582.5,28537.5,28559,5002
2026-07-23 11:10:03.028,28563.25,28567.5,28522.5,28544,22750
2026-07-23 11:12:16.136,28548.25,28552.5,28507.5,28529,14276
2026-07-23 11:12:39.428,28533.25,28537.5,28492.5,28514,4166
2026-07-23 11:20:13.004,28518.25,28552.5,28482.75,28526.5,49808
2026-07-23 11:20:40.944,28524.5,28567.5,28522.5,28545.5,4767
2026-07-23 11:22:47.620,28541.5,28569,28507.5,28531.25,17656
2026-07-23 11:22:48.944,28534.5,28537.5,28492.5,28514.25,1248
2026-07-23 11:22:50.228,28518.25,28522.5,28477.5,28499,1315
2026-07-23 11:22:51.500,28503.25,28507.5,28462.5,28484,1258
2026-07-23 11:30:36.936,28488.25,28510,28447.5,28473.25,51545
2026-07-23 11:35:20.596,28475.5,28507.5,28432.5,28480.75,27424
2026-07-23 11:37:23.108,28479,28522.5,28477.5,28500.5,11356
2026-07-23 11:40:09.720,28496.5,28537.5,28492.5,28516,13714
2026-07-23 11:54:24.376,28511.75,28552.5,28478.5,28523.75,64696
2026-07-23 11:55:38.488,28523.25,28567.5,28522.5,28545.25,6721
2026-07-23 11:56:10.624,28541.25,28582.5,28537.5,28561,3221
2026-07-23 12:00:57.772,28556.75,28597.5,28550.5,28575.5,20376
2026-07-23 12:02:28.852,28571.5,28612.5,28567.5,28591,7852
2026-07-23 12:03:25.552,28586.75,28627.5,28582.5,28606,4957
2026-07-23 12:12:19.808,28601.75,28642.5,28576.5,28615.75,38518
2026-07-23 12:21:48.468,28614.25,28657.5,28609.5,28634.75,30119
2026-07-23 12:22:49.804,28631,28672.5,28627.5,28651,4405
2026-07-23 12:23:27.196,28646.75,28687.5,28642.5,28666,4474
2026-07-23 12:28:56.176,28661.75,28702.5,28657.5,28681,19614
2026-07-23 12:38:39.144,28676.75,28717.5,28672.5,28696,30217
2026-07-23 12:38:58.784,28691.75,28732.5,28687.5,28711,2899
2026-07-23 12:45:08.668,28706.75,28739,28672.5,28697.75,23993
2026-07-23 12:45:34.796,28700,28702.5,28657.5,28679.5,3493
2026-07-23 12:46:08.548,28683.5,28687.5,28642.5,28664,3989
2026-07-23 12:50:01.532,28668.25,28672.5,28627.5,28649,15399
2026-07-23 12:53:32.972,28653.25,28657.5,28612.5,28634,14116
2026-07-23 13:05:27.880,28638.25,28662.75,28597.5,28624,45537
2026-07-23 13:13:25.188,28625.75,28657.5,28587.75,28632,31453
2026-07-23 13:20:31.484,28629.75,28672.5,28614.25,28647.25,24398
2026-07-23 13:32:14.900,28645,28677.5,28612.5,28636.75,34615
2026-07-23 13:35:56.444,28639.75,28642.5,28597.5,28619.25,11075
2026-07-23 13:40:34.072,28623.5,28627.5,28582.5,28604,12700
2026-07-23 13:58:11.084,28608.25,28629.75,28567.5,28593.25,50729
2026-07-23 14:01:46.056,28595.25,28597.5,28552.5,28574.5,10439
2026-07-23 14:54:33.272,28578.5,28603.25,28537.5,28564.25,118064
2026-07-23 15:03:39.764,28565.75,28567.5,28522.5,28544.5,21919
2026-07-23 15:08:16.308,28548.5,28552.5,28507.5,28529,9698
2026-07-23 15:24:02.928,28533.25,28567.5,28501,28542.25,32935
2026-07-23 15:25:07.628,28540,28582.5,28537.5,28560.5,2740
2026-07-23 15:42:12.256,28556.5,28595.5,28522.5,28549.25,49555
2026-07-23 15:43:11.696,28551,28552.5,28507.5,28529.5,3255
2026-07-23 15:46:15.296,28533.5,28537.5,28492.5,28514,8683
2026-07-23 15:55:00.164,28518.25,28552.5,28485.75,28527.25,38912
2026-07-23 15:55:21.988,28525,28567.5,28522.5,28545.5,3232
2026-07-23 15:56:17.020,28541.5,28582.5,28537.5,28561,3617
2026-07-23 15:57:40.476,28556.75,28597.5,28552.5,28576,4494
2026-07-23 15:58:00.620,28571.75,28612.5,28567.5,28591,1767
2026-07-23 15:58:21.356,28586.75,28627.5,28582.5,28606,2116
2026-07-23 16:00:10.376,28601.75,28642.5,28597.5,28621,15961
2026-07-23 16:00:35.680,28616.75,28657.5,28612.5,28636,3138
2026-07-23 16:00:52.136,28631.75,28672.5,28627.5,28651,2479
2026-07-23 16:01:17.788,28646.75,28687.5,28642.5,28666,3214
2026-07-23 16:03:10.956,28661.75,28702.5,28652.25,28679.75,9967
2026-07-23 16:03:13.876,28676.25,28717.5,28672.5,28696,572
2026-07-23 16:11:27.424,28691.75,28732.5,28687.5,28711,21935
2026-07-23 16:16:31.676,28706.75,28747.5,28702.5,28726,11165
2026-07-23 16:20:19.504,28721.75,28762.5,28717.5,28741,6202
2026-07-23 16:32:31.600,28736.75,28777.5,28732.5,28756,14909
2026-07-23 16:59:59.964,28751.75,28782,28725.25,28750,17790
2026-07-23 18:00:12.900,28708,28709.5,28693,28700.75,854
2026-07-23 18:01:22.160,28712,28723,28678,28697.75,1515
2026-07-23 18:01:36.212,28702.75,28708,28663,28684.25,599
2026-07-23 18:10:18.248,28688.5,28693,28648,28669.5,6685
2026-07-23 18:14:09.764,28673.75,28678,28633,28654.5,3139
2026-07-23 18:46:02.908,28658.75,28693,28622,28666.75,20986
2026-07-23 18:54:49.072,28664.75,28708,28663,28686,5190
2026-07-23 18:55:22.224,28682,28723,28678,28701.5,1002
2026-07-23 19:40:19.628,28697.25,28734.75,28663,28689.5,27781
2026-07-23 20:01:31.416,28691.25,28723,28655.5,28698.25,24896
2026-07-23 20:04:45.076,28695.5,28725,28663,28686.75,7769
2026-07-23 20:05:12.684,28689.75,28693,28648,28669.75,1805
2026-07-23 20:08:16.108,28673.75,28678,28633,28654.5,7540
2026-07-23 20:15:44.400,28658.75,28663,28618,28639.5,12339
2026-07-23 20:23:35.876,28643.75,28678,28615.5,28653.75,12787
2026-07-23 21:05:07.196,28651,28693,28620.5,28664.25,51318
2026-07-23 21:52:15.676,28663.75,28701.75,28633,28657.75,52974
2026-07-23 21:58:00.892,28660.5,28663,28618,28639.75,5770
2026-07-23 22:04:55.656,28644,28648,28603,28624.5,7513
2026-07-23 22:22:29.592,28628.75,28633,28588,28609.5,18305
2026-07-23 22:33:53.164,28613.75,28623.75,28573,28595.75,12212
2026-07-23 22:36:16.572,28599.5,28603,28558,28579.5,2883
2026-07-23 22:45:34.984,28583.75,28588,28543,28564.5,8287
2026-07-23 22:58:12.072,28568.75,28573,28528,28549.5,11202
2026-07-23 23:34:04.332,28553.75,28561.5,28513,28535.25,33684
2026-07-23 23:45:25.640,28539.25,28543,28498,28519.5,11613
2026-07-23 23:57:38.468,28523.75,28528,28483,28504.5,10286
2026-07-24 00:04:18.564,28508.75,28513,28468,28489.5,5538
2026-07-24 00:23:37.712,28493.75,28528,28466.25,28504,15613
2026-07-24 00:27:14.012,28501,28543,28498,28521.25,3103
2026-07-24 00:57:35.668,28517,28558,28511.75,28536.25,22079
2026-07-24 01:00:05.128,28532,28573,28528,28551.5,2720
2026-07-24 01:07:14.888,28547.25,28588,28543,28566.5,6075
2026-07-24 01:26:09.124,28562.25,28603,28558,28581.5,14935
2026-07-24 02:00:06.120,28577.25,28607.25,28543,28567.75,23504
2026-07-24 02:04:07.100,28570.25,28573,28528,28549.75,3122
2026-07-24 02:11:46.128,28554,28558,28513,28534.5,5473
2026-07-24 02:25:40.896,28538.75,28573,28502.75,28546.75,11747
2026-07-24 02:44:30.036,28545,28576.25,28513,28536.75,14815
2026-07-24 02:45:25.912,28540,28543,28498,28519.75,1154
2026-07-24 02:49:50.224,28523.75,28528,28483,28504.5,3639
2026-07-24 02:59:03.968,28508.75,28543,28481.5,28519,6686
2026-07-24 03:00:45.188,28516,28558,28513,28536.25,2574
2026-07-24 03:02:24.796,28532.25,28573,28528,28551.5,2503
2026-07-24 03:09:25.060,28547.25,28588,28543,28566.5,6448
2026-07-24 03:10:01.712,28562.25,28603,28558,28581.5,1068
2026-07-24 03:11:30.128,28577.25,28618,28573,28596.5,2085
2026-07-24 03:14:17.288,28592.25,28633,28588,28611.5,3866
2026-07-24 03:17:19.816,28607.25,28648,28603,28626.5,3691
2026-07-24 03:26:04.860,28622.25,28663,28618,28641.5,7345
2026-07-24 04:02:03.088,28637.25,28663.5,28603,28626.75,22035
2026-07-24 04:05:15.652,28629.75,28633,28588,28609.75,3542
2026-07-24 04:11:02.028,28613.75,28618,28573,28594.5,5567
2026-07-24 04:12:39.436,28598.75,28603,28558,28579.5,2071
2026-07-24 04:29:43.972,28583.75,28618,28557,28594.25,15799
2026-07-24 04:31:49.660,28591,28633,28588,28611.25,2861
2026-07-24 04:37:30.008,28607.25,28648,28603,28626.5,4712
2026-07-24 05:09:17.088,28622.25,28663,28608.75,28639.25,20720
2026-07-24 05:09:48.176,28636.25,28678,28633,28656.25,1368
2026-07-24 05:39:57.000,28652.25,28693,28632,28667.5,21519
2026-07-24 07:00:30.676,28665.25,28705.75,28633,28659.25,47107
2026-07-24 07:40:11.288,28661.25,28667,28618,28641,28015
2026-07-24 07:49:04.952,28644.5,28648,28603,28624.75,6922
2026-07-24 07:58:57.800,28628.75,28663,28601,28639,10755
2026-07-24 07:59:01.784,28636,28678,28633,28656.25,939
2026-07-24 07:59:08.928,28652,28693,28648,28671.5,1014
2026-07-24 08:02:40.680,28667.25,28699,28633,28658,10730
2026-07-24 08:14:34.180,28660.5,28693,28625,28668,16152
2026-07-24 08:42:16.000,28665.5,28695.25,28633,28656.75,35105
2026-07-24 08:47:12.340,28659.75,28663,28618,28639.75,5071
2026-07-24 08:55:53.644,28643.75,28648,28603,28624.5,9027
2026-07-24 09:00:45.840,28628.75,28633,28588,28609.5,8255
2026-07-24 09:08:05.300,28613.75,28618,28573,28594.5,12043
2026-07-24 09:27:50.304,28598.75,28616,28558,28582.75,32028
2026-07-24 09:29:30.928,28585.25,28588,28543,28564.75,5847
2026-07-24 09:30:02.232,28569,28573,28528,28549.5,3499
2026-07-24 09:30:12.600,28553.75,28558,28513,28534.5,4512
2026-07-24 09:33:02.128,28538.75,28573,28499.25,28546,42512
2026-07-24 09:34:22.524,28544.5,28588,28543,28565.75,18549
2026-07-24 09:34:56.912,28562,28603,28558,28581.5,7219
2026-07-24 09:35:01.736,28577.25,28618,28573,28596.5,2356
2026-07-24 09:36:02.836,28592.25,28622.25,28558,28582.75,18505
2026-07-24 09:36:23.080,28585.25,28588,28543,28564.75,6602
2026-07-24 09:36:28.204,28569,28573,28528,28549.5,1938
2026-07-24 09:39:01.116,28553.75,28564.5,28513,28536,34884
2026-07-24 09:40:33.452,28539.5,28543,28498,28519.75,21206
2026-07-24 09:41:34.080,28523.75,28528,28483,28504.5,14466
2026-07-24 09:42:19.408,28508.75,28513,28468,28489.5,10729
2026-07-24 09:46:07.060,28493.75,28498.25,28453,28474.5,28333
2026-07-24 09:50:26.028,28478.75,28510.25,28438,28466.25,47609
2026-07-24 09:50:28.888,28467,28468,28423,28445.25,2211
2026-07-24 09:51:12.036,28449.25,28453,28408,28429.5,13304
2026-07-24 09:51:30.436,28433.75,28438,28393,28414.5,5617
2026-07-24 09:52:16.464,28418.75,28423,28378,28399.5,11150
2026-07-24 09:52:20.708,28403.75,28408,28363,28384.5,1743
2026-07-24 09:53:20.668,28388.75,28393,28348,28369.5,11749
2026-07-24 09:55:03.012,28373.75,28378,28333,28354.5,16486
2026-07-24 09:55:18.960,28358.75,28363,28318,28339.5,4578
2026-07-24 10:01:01.148,28343.75,28378,28305.25,28351.25,57127
2026-07-24 10:02:36.180,28349.5,28393,28348,28371,20000
2026-07-24 10:04:29.796,28367,28395,28333,28357,23886
2026-07-24 10:07:36.620,28360,28393,28328,28368.5,33640
2026-07-24 10:08:19.676,28365.75,28408,28363,28386.25,9164
2026-07-24 10:08:40.120,28382,28423,28378,28401.5,4979
2026-07-24 10:09:40.628,28397.25,28438,28393,28416.5,12348
2026-07-24 10:16:04.840,28412.25,28451.75,28378,28405,70992
2026-07-24 10:16:20.148,28406.5,28408,28363,28385.25,3513
2026-07-24 10:17:10.664,28389,28393,28348,28369.5,8786
2026-07-24 10:17:26.096,28373.75,28378,28333,28354.5,3461
2026-07-24 10:18:53.588,28358.75,28364,28318,28339.75,16340
2026-07-24 10:19:07.924,28343.75,28348,28303,28324.5,4099
2026-07-24 10:21:14.532,28328.75,28363,28299,28338.5,22890
2026-07-24 10:21:46.716,28335.75,28378,28333,28356.25,5281
2026-07-24 10:22:19.504,28352,28393,28348,28371.5,5854
2026-07-24 10:23:19.848,28367.25,28408,28363,28386.5,8197
2026-07-24 10:23:39.704,28382.25,28423,28378,28401.5,3653
2026-07-24 10:27:46.904,28397.25,28424,28363,28386.75,36783
2026-07-24 10:30:45.040,28390,28408,28348,28373.5,25713
2026-07-24 10:32:18.372,28375.75,28378,28333,28355,14996
2026-07-24 10:34:42.796,28359,28363,28318,28339.5,18271
2026-07-24 10:35:01.668,28343.75,28348,28303,28324.5,3282
2026-07-24 10:39:24.772,28328.75,28344.5,28288,28312.25,33698
2026-07-24 10:39:28.580,28315.25,28318,28273,28294.75,2220
2026-07-24 10:46:02.564,28299,28306.75,28258,28280.5,53427
2026-07-24 10:49:36.100,28284.25,28318,28254.25,28293.5,25362
2026-07-24 10:50:09.576,28290.75,28333,28288,28311.25,4490
2026-07-24 10:50:20.384,28307,28348,28303,28326.5,2167
2026-07-24 10:51:03.044,28322.25,28363,28318,28341.5,5528
2026-07-24 10:55:30.572,28337.25,28378,28311.25,28351.25,30227
2026-07-24 10:57:01.024,28349.5,28393,28348,28371,9896
2026-07-24 10:57:06.784,28367,28408,28363,28386.5,2372
2026-07-24 10:58:46.676,28382.25,28423,28378,28401.5,12615
2026-07-24 10:58:59.116,28397.25,28438,28393,28416.5,2610
2026-07-24 10:59:05.144,28412.25,28453,28408,28431.5,1810
2026-07-24 11:00:57.548,28427.25,28468,28423,28446.5,18463
2026-07-24 11:04:51.676,28442.25,28478.5,28408,28434.25,27930
2026-07-24 11:06:56.688,28436,28438,28393,28415,12103
2026-07-24 11:07:01.300,28419,28423,28378,28399.5,1972
2026-07-24 11:09:58.116,28403.75,28424,28363,28388.5,21508
2026-07-24 11:10:54.632,28390.75,28423,28355,28398,9036
2026-07-24 11:11:03.172,28395.5,28438,28393,28416,3614
2026-07-24 11:11:03.864,28412,28453,28408,28431.5,811
2026-07-24 11:11:07.220,28427.25,28468,28423,28446.5,1843
2026-07-24 11:11:18.656,28442.25,28483,28438,28461.5,4628
2026-07-24 11:11:49.128,28457.25,28488,28423,28447.75,8474
2026-07-24 11:14:31.408,28450.5,28483,28415.5,28458,21763
2026-07-24 11:14:39.836,28455.5,28498,28453,28476,2136
2026-07-24 11:15:07.192,28472,28513,28468,28491.5,7397
2026-07-24 11:15:08.120,28487.25,28528,28483,28506.5,1251
2026-07-24 11:15:08.528,28502.25,28543,28498,28521.5,800
2026-07-24 11:18:26.292,28517.25,28556.75,28483,28510,33643
2026-07-24 11:19:04.716,28511.5,28513,28468,28490.25,5757
2026-07-24 11:25:59.084,28494,28528,28456.5,28501.75,46413
2026-07-24 11:28:04.768,28499.75,28543,28498,28521,11260
2026-07-24 11:39:02.156,28517,28558,28483.75,28529.25,66400
2026-07-24 11:40:18.816,28528.5,28573,28528,28550.75,7012
2026-07-24 11:43:28.780,28546.75,28577,28513,28537.5,19294
2026-07-24 11:43:48.096,28540.25,28543,28498,28519.75,2422
2026-07-24 11:55:34.092,28524,28558,28489.5,28532.25,52165
2026-07-24 11:56:53.864,28530.25,28573,28528,28551,5330
2026-07-24 12:04:32.192,28547,28588,28543,28566.5,25806
2026-07-24 12:07:41.060,28562.25,28603,28558,28581.5,12028
2026-07-24 12:08:02.244,28577.25,28618,28573,28596.5,3008
2026-07-24 12:17:04.516,28592.25,28631.25,28558,28585,40946
2026-07-24 12:30:28.644,28586.5,28594,28543,28566.5,41713
2026-07-24 12:30:48.020,28569.75,28573,28528,28549.75,2450
2026-07-24 12:40:25.232,28553.75,28558,28513,28534.5,32425
2026-07-24 12:43:11.456,28538.75,28543,28498,28519.5,9061
2026-07-24 12:47:38.664,28523.75,28528,28483,28504.5,13830
2026-07-24 12:49:21.736,28508.75,28513,28468,28489.5,6049
2026-07-24 13:06:10.544,28493.75,28511,28453,28477.75,50422
2026-07-24 13:08:16.828,28480.25,28483,28438,28459.75,14895
2026-07-24 13:26:41.292,28464,28498,28427,28471.75,60715
2026-07-24 13:27:17.360,28469.75,28513,28468,28491,3185
2026-07-24 13:33:30.280,28487,28528,28483,28506.5,17721
2026-07-24 13:34:57.300,28502.25,28543,28498,28521.5,4721
2026-07-24 13:40:12.624,28517.25,28544.25,28483,28507,16806
2026-07-24 13:41:23.296,28510,28513,28468,28489.75,4838
2026-07-24 13:45:44.240,28493.75,28498,28453,28474.5,12564
2026-07-24 14:11:37.020,28478.75,28501.5,28438,28464,57750
2026-07-24 14:14:13.144,28466,28468,28423,28445,6035
2026-07-24 14:18:40.856,28449,28453,28408,28429.5,10076
2026-07-24 14:20:06.788,28433.75,28438,28393,28414.5,5219
2026-07-24 14:23:18.944,28418.75,28423,28378,28399.5,8595
2026-07-24 14:25:28.544,28403.75,28408,28363,28384.5,6471
2026-07-24 14:27:55.764,28388.75,28393,28348,28369.5,8545
2026-07-24 14:30:34.232,28373.75,28378,28333,28354.5,10506
2026-07-24 14:31:27.144,28358.75,28363,28318,28339.5,3949
2026-07-24 14:33:53.188,28343.75,28348,28303,28324.5,9889
2026-07-24 14:35:05.076,28328.75,28333,28288,28309.5,5766
2026-07-24 14:41:29.388,28313.75,28321.25,28273,28295.25,31104
2026-07-24 15:07:21.972,28299,28329.75,28258,28286.25,89927
2026-07-24 15:07:43.072,28287,28288,28243,28265.25,3726
2026-07-24 15:09:38.336,28269.25,28273,28228,28249.5,9551
2026-07-24 15:16:09.996,28253.75,28259.75,28213,28235,27025
2026-07-24 15:31:19.560,28239,28273,28212.5,28249.25,49054
2026-07-24 15:33:14.340,28246.25,28288,28243,28266.25,9171
2026-07-24 15:51:02.040,28262.25,28303,28228,28255.25,74198
2026-07-24 15:59:51.772,28256.75,28288,28223.25,28264,40742
2026-07-24 16:01:17.148,28261,28303,28258,28281.25,10562
2026-07-24 16:18:59.972,28277,28318,28260,28293.25,24463
2026-07-24 16:59:59.852,28290.75,28329.25,28284.75,28302.75,24367
2026-07-26 18:00:00.196,28501.5,28516.5,28501.5,28509,627
2026-07-26 18:00:02.064,28497.75,28531.5,28486.5,28511.75,735
2026-07-26 18:00:02.708,28506.75,28546.5,28501.5,28525.25,216
2026-07-26 18:00:03.508,28521,28561.5,28516.5,28540,189
2026-07-26 18:00:04.736,28535.75,28576.5,28531.5,28555,248
2026-07-26 18:00:05.688,28550.75,28591.5,28546.5,28570,213
2026-07-26 18:00:08.724,28565.75,28606.5,28561.5,28585,572
2026-07-26 18:00:08.828,28580.75,28621.5,28576.5,28600,61
2026-07-26 18:00:09.156,28595.75,28636.5,28591.5,28615,123
2026-07-26 18:00:11.128,28610.75,28651.5,28606.5,28630,351
2026-07-26 18:00:11.820,28625.75,28666.5,28621.5,28645,97
2026-07-26 18:00:14.632,28640.75,28681.5,28636.5,28660,479
2026-07-26 18:01:44.568,28655.75,28683,28621.5,28645.5,5869
2026-07-26 18:04:41.924,28648.5,28651.5,28606.5,28628.25,6474
2026-07-26 18:09:28.816,28632.25,28638,28591.5,28613.25,6819
2026-07-26 19:41:22.612,28617.5,28651.5,28579,28624.75,68037
2026-07-26 19:42:21.052,28623.25,28666.5,28621.5,28644.5,2824
2026-07-26 19:48:59.560,28640.5,28681.5,28636.5,28660,9810
2026-07-26 19:51:13.976,28655.75,28696.5,28651.5,28675,4375
2026-07-26 19:51:34.920,28670.75,28711.5,28666.5,28690,1466
2026-07-26 19:58:32.876,28685.75,28726.5,28681.5,28705,11959
2026-07-26 20:02:51.508,28700.75,28733.5,28666.5,28691.75,12922
2026-07-26 20:03:16.304,28694.25,28696.5,28651.5,28673.5,2028
2026-07-26 20:04:07.740,28677.5,28681.5,28636.5,28658,2835
2026-07-26 20:05:03.164,28662.25,28666.5,28621.5,28643,3335
2026-07-26 20:18:40.112,28647.25,28667.25,28606.5,28631.75,32151
2026-07-26 20:19:17.004,28634.25,28636.5,28591.5,28613.5,2169
2026-07-26 20:33:35.376,28617.5,28651.5,28581.25,28625.5,27183
2026-07-26 21:05:05.572,28623.5,28656.75,28591.5,28615.75,45689
2026-07-26 21:13:14.352,28618.75,28627.75,28576.5,28599.75,11340
2026-07-26 21:16:59.224,28603.25,28606.5,28561.5,28583.25,7047
2026-07-26 21:20:21.512,28587.25,28591.5,28546.5,28568,7416
2026-07-26 21:29:22.068,28572.25,28576.5,28531.5,28553,11389
2026-07-26 21:33:10.228,28557.25,28591.5,28525.25,28566.25,7481
2026-07-26 21:38:52.440,28564,28606.5,28552,28582.25,9297
2026-07-26 22:00:18.568,28579.25,28621.5,28572,28598.5,25952
2026-07-26 22:25:37.060,28595,28636.5,28587,28613.75,25952
2026-07-26 22:28:17.484,28610.25,28651.5,28606.5,28630,3671
2026-07-27 01:10:14.508,28625.75,28666.5,28593.25,28638,102616
2026-07-27 01:18:40.112,28637.25,28681.5,28636.5,28659.25,4742
2026-07-27 01:39:44.396,28655.25,28696.5,28651.5,28675,9275
2026-07-27 02:01:14.884,28670.75,28711.5,28666.5,28690,9645
2026-07-27 02:10:02.096,28685.75,28726.5,28681.5,28705,5785
2026-07-27 03:59:07.360,28700.75,28732,28666.5,28691.5,60674
2026-07-27 04:41:17.876,28694,28726.5,28658.75,28701.5,28853
2026-07-27 04:42:24.736,28699,28741.5,28696.5,28719.5,1928
2026-07-27 05:48:06.740,28715.5,28756.5,28711.5,28735,30889
2026-07-27 07:23:19.932,28730.75,28763.75,28696.5,28722,43618
2026-07-27 07:26:55.404,28724.25,28726.5,28681.5,28703.5,2976
2026-07-27 07:29:57.444,28707.5,28711.5,28666.5,28688,2878
2026-07-27 07:29:58.384,28692.25,28696.5,28651.5,28673,1088
2026-07-27 08:14:18.116,28677.25,28697.75,28636.5,28662,43500
2026-07-27 09:00:11.892,28664.25,28696.5,28628.75,28671.5,44679
2026-07-27 09:20:03.288,28669,28702.75,28636.5,28661.25,29296
2026-07-27 09:26:21.800,28663.75,28666.5,28621.5,28643.25,7702
2026-07-27 09:28:00.136,28647.5,28651.5,28606.5,28628,4212
2026-07-27 09:29:53.032,28632.25,28636.5,28591.5,28613,6080
2026-07-27 09:30:11.428,28617.25,28621.5,28576.5,28598,6353
2026-07-27 09:31:17.100,28602.25,28606.5,28561.5,28583,13401
2026-07-27 09:32:27.800,28587.25,28597.25,28546.5,28569.25,19582
2026-07-27 09:32:31.796,28573,28576.5,28531.5,28553,1690
2026-07-27 09:33:03.892,28557.25,28561.5,28516.5,28538,9499
2026-07-27 09:33:46.020,28542.25,28546.5,28501.5,28523,10046
2026-07-27 09:35:29.860,28527.25,28561.5,28486.75,28534.25,27323
2026-07-27 09:35:40.024,28532.75,28576.5,28531.5,28554.25,2906
2026-07-27 09:35:52.444,28550.5,28591.5,28546.5,28570,4078
2026-07-27 09:36:00.648,28565.75,28606.5,28561.5,28585,2973
2026-07-27 09:39:00.220,28580.75,28614,28546.5,28572,38857
2026-07-27 09:39:07.784,28574.25,28576.5,28531.5,28553.5,2351
2026-07-27 09:40:16.508,28557.5,28561.5,28516.5,28538,17227
2026-07-27 09:41:11.640,28542.25,28546.5,28501.5,28523,12318
2026-07-27 09:42:34.644,28527.25,28531.5,28486.5,28508,18671
2026-07-27 09:42:38.020,28512.25,28516.5,28471.5,28493,2691
2026-07-27 09:42:45.232,28497.25,28501.5,28456.5,28478,2659
2026-07-27 09:43:13.260,28482.25,28486.5,28441.5,28463,8080
2026-07-27 09:46:41.316,28467.25,28485,28426.5,28451.25,50509
2026-07-27 09:49:47.580,28454,28486.5,28422,28462.25,33420
2026-07-27 09:52:00.656,28459.25,28501.5,28441.25,28476,23555
2026-07-27 09:55:26.032,28473.75,28503.75,28441.5,28465,31702
2026-07-27 09:56:12.532,28468.25,28471.5,28426.5,28448.25,7872
2026-07-27 09:56:27.484,28452.25,28456.5,28411.5,28433,4449
2026-07-27 09:57:39.176,28437.25,28441.5,28396.5,28418,14289
2026-07-27 09:58:03.188,28422.25,28426.5,28381.5,28403,4792
2026-07-27 09:58:38.228,28407.25,28411.5,28366.5,28388,7032
2026-07-27 09:58:53.688,28392.25,28396.5,28351.5,28373,3650
2026-07-27 10:00:13.040,28377.25,28381.5,28336.5,28358,15852
2026-07-27 10:01:21.084,28362.25,28372.5,28321.5,28344.5,16565
2026-07-27 10:02:16.768,28348,28351.5,28306.5,28328,9498
2026-07-27 10:04:10.184,28332.25,28336.5,28291.5,28313,19150
2026-07-27 10:10:44.820,28317.25,28347.75,28276.5,28304.5,65426
2026-07-27 10:11:04.572,28305.5,28306.5,28261.5,28283.75,4639
2026-07-27 10:11:08.948,28287.5,28291.5,28246.5,28268,1894
2026-07-27 10:11:26.144,28272.25,28276.5,28231.5,28253,4832
2026-07-27 10:15:25.512,28257.25,28291.5,28230.75,28267.75,41055
2026-07-27 10:18:19.160,28264.5,28298.75,28231.5,28256.5,27377
2026-07-27 10:21:13.104,28259,28281.75,28216.5,28243.5,28533
2026-07-27 10:23:39.088,28245,28249.75,28201.5,28224.5,25975
2026-07-27 10:23:52.792,28228,28231.5,28186.5,28208,4045
2026-07-27 10:24:38.332,28212.25,28216.5,28171.5,28193,9520
2026-07-27 10:25:39.224,28197.25,28201.5,28156.5,28178,11375
2026-07-27 10:27:06.580,28182.25,28186.5,28141.5,28163,16014
2026-07-27 10:28:13.852,28167.25,28171.5,28126.5,28148,11266
2026-07-27 10:29:22.552,28152.25,28156.5,28111.5,28133,11340
2026-07-27 10:29:54.748,28137.25,28141.5,28096.5,28118,6694
2026-07-27 10:29:57.324,28122.25,28126.5,28081.5,28103,1850
2026-07-27 10:30:24.504,28107.25,28111.5,28066.5,28088,9067
2026-07-27 10:34:04.108,28092.25,28096.5,28051.5,28073,39588
2026-07-27 10:35:08.128,28077.25,28081.5,28036.5,28058,13990
2026-07-27 10:35:27.560,28062.25,28066.5,28021.5,28043,5257
2026-07-27 10:37:00.532,28047.25,28062.25,28006.5,28030.5,20355
2026-07-27 10:40:24.628,28033.5,28057.75,27991.5,28018.5,43278
2026-07-27 10:41:12.928,28020,28021.5,27976.5,27998.75,11230
2026-07-27 10:41:22.604,28002.5,28006.5,27961.5,27983,3898
2026-07-27 10:41:40.784,27987.25,27991.5,27946.5,27968,4200
2026-07-27 10:45:28.052,27972.25,28006.5,27938.5,27981,49381
2026-07-27 10:46:27.092,27978.75,28021.5,27976.5,27999.5,15110
2026-07-27 10:47:04.504,27995.5,28036.5,27991.5,28015,9002
2026-07-27 10:49:17.056,28010.75,28051.5,28006.5,28030,27242
2026-07-27 10:49:44.820,28025.75,28066.5,28021.5,28045,5580
2026-07-27 10:50:02.596,28040.75,28081.5,28036.5,28060,3851
2026-07-27 10:50:37.724,28055.75,28096.5,28051.5,28075,7284
2026-07-27 10:51:05.692,28070.75,28111.5,28066.5,28090,7806
2026-07-27 10:53:02.840,28085.75,28126.5,28063.5,28100.5,25252
2026-07-27 10:56:35.824,28098.5,28141.5,28087.25,28117.25,37460
2026-07-27 10:57:31.460,28114.25,28156.5,28111.5,28134.75,9888
2026-07-27 10:59:36.664,28130.5,28171.5,28126.5,28150,15982
2026-07-27 11:00:31.392,28145.75,28186.5,28141.5,28165,12629
2026-07-27 11:13:32.112,28160.75,28198.75,28126.5,28153.25,97226
2026-07-27 11:15:12.516,28154.75,28165,28111.5,28135.75,14458
2026-07-27 11:15:44.296,28138.5,28141.5,28096.5,28118.25,5554
2026-07-27 11:17:17.404,28122.5,28126.5,28081.5,28103,11575
2026-07-27 11:18:17.888,28107.25,28111.5,28066.5,28088,6468
2026-07-27 11:18:26.080,28092.25,28096.5,28051.5,28073,1753
2026-07-27 11:20:01.076,28077.25,28111.5,28048,28087,14418
2026-07-27 11:20:34.912,28084.25,28126.5,28081.5,28104.75,5868
2026-07-27 11:20:51.908,28100.5,28141.5,28096.5,28120,3096
2026-07-27 11:23:29.300,28115.75,28151.75,28081.5,28107.75,21898
2026-07-27 11:24:26.212,28109.5,28111.5,28066.5,28088.5,6765
2026-07-27 11:28:25.336,28092.5,28096.5,28051.5,28073,26599
2026-07-27 11:32:30.556,28077.25,28085.5,28036.5,28059,25661
2026-07-27 11:33:12.016,28062.75,28066.5,28021.5,28043,4926
2026-07-27 11:35:44.636,28047.25,28051.5,28006.5,28028,16604
2026-07-27 11:37:50.736,28032.25,28036.5,27991.5,28013,13009
2026-07-27 11:56:31.092,28017.25,28051.5,27980.25,28025,104849
2026-07-27 11:57:27.900,28023.25,28066.5,28021.5,28044.5,5896
2026-07-27 12:00:03.356,28040.5,28081.5,28033.75,28059.25,14081
2026-07-27 12:04:02.004,28055.5,28096.5,28051.5,28075,18350
2026-07-27 12:04:13.292,28070.75,28111.5,28066.5,28090,1800
2026-07-27 12:05:06.880,28085.75,28126.5,28081.5,28105,5078
2026-07-27 12:10:23.912,28100.75,28141.5,28090.75,28118.75,26023
2026-07-27 12:14:15.316,28115,28154,28081.5,28108,19723
2026-07-27 12:16:19.648,28109.75,28111.5,28066.5,28088.5,10636
2026-07-27 12:16:32.352,28092.5,28096.5,28051.5,28073,2178
2026-07-27 12:25:07.708,28077.25,28111.5,28044.5,28086.25,38229
2026-07-27 12:25:08.168,28083.75,28126.5,28081.5,28104.5,1041
2026-07-27 12:25:09.248,28100.5,28141.5,28096.5,28120,989
2026-07-27 12:25:09.868,28115.75,28156.5,28111.5,28135,842
2026-07-27 12:25:10.624,28130.75,28171.5,28126.5,28150,995
2026-07-27 12:25:11.388,28145.75,28186.5,28141.5,28165,860
2026-07-27 12:26:04.636,28160.75,28201.5,28147.5,28177.75,15885
2026-07-27 12:33:18.488,28174.75,28204.5,28141.5,28165.5,39345
2026-07-27 12:36:00.876,28168.5,28171.5,28126.5,28148.25,9969
2026-07-27 12:50:02.052,28152.5,28180.5,28111.5,28139,47652
2026-07-27 12:50:16.840,28140.25,28141.5,28096.5,28118.75,2345
2026-07-27 12:51:03.760,28122.5,28126.5,28081.5,28103,3997
2026-07-27 12:52:20.376,28107.25,28111.5,28066.5,28088,5345
2026-07-27 12:54:34.108,28092.25,28096.5,28051.5,28073,7980
2026-07-27 12:55:17.584,28077.25,28081.5,28036.5,28058,3225
2026-07-27 13:01:41.472,28062.25,28066.5,28021.5,28043,21370
2026-07-27 13:02:40.676,28047.25,28051.5,28006.5,28028,4469
2026-07-27 13:17:28.808,28032.25,28044.25,27991.5,28014.75,47420
2026-07-27 13:33:34.212,28018.25,28051.5,27986.75,28027,45599
2026-07-27 13:53:02.148,28024.25,28066.5,28013.5,28042.75,55222
2026-07-27 13:54:45.184,28039.5,28081.5,28036.5,28059.75,5879
2026-07-27 13:55:03.944,28055.75,28096.5,28051.5,28075,1789
2026-07-27 14:00:09.088,28070.75,28111.5,28066.5,28090,15136
2026-07-27 14:17:06.008,28085.75,28121.5,28051.5,28077.5,44000
2026-07-27 14:34:56.160,28079.5,28092,28036.5,28061.25,46955
2026-07-27 14:40:10.312,28063.75,28066.5,28021.5,28043.25,12625
2026-07-27 14:44:03.960,28047.5,28081.5,28018.75,28057.25,20882
2026-07-27 14:45:37.196,28054.5,28096.5,28051.5,28074.75,4480
2026-07-27 14:52:06.276,28070.5,28111.5,28066.5,28090,16861
2026-07-27 14:52:37.876,28085.75,28126.5,28081.5,28105,2604
2026-07-27 14:52:45.308,28100.75,28141.5,28096.5,28120,1561
2026-07-27 14:53:46.076,28115.75,28156.5,28111.5,28135,4991
2026-07-27 14:55:05.288,28130.75,28171.5,28126.5,28150,5477
2026-07-27 14:55:41.424,28145.75,28186.5,28141.5,28165,3744
2026-07-27 15:07:01.076,28160.75,28201.5,28153.25,28179.25,38184
2026-07-27 15:07:40.160,28175.5,28216.5,28171.5,28195,3752
2026-07-27 15:10:22.072,28190.75,28231.5,28186.5,28210,9040
2026-07-27 15:30:44.548,28205.75,28246.5,28192.25,28222.75,50521
2026-07-27 15:39:11.068,28219.75,28255,28186.5,28212,23725
2026-07-27 15:45:00.208,28214.25,28216.5,28171.5,28193.5,15800
2026-07-27 15:46:54.780,28197.5,28201.5,28156.5,28178,6295
2026-07-27 16:00:14.976,28182.25,28216.5,28154.25,28192.25,49197
2026-07-27 16:59:59.920,28189.5,28231,28169.25,28200,39811
2026-07-27 18:00:02.244,28210.5,28225.5,28210,28217.75,393
2026-07-27 18:13:23.740,28206.75,28229,28165.5,28191.75,9407
2026-07-27 18:20:30.812,28193.5,28195.5,28150.5,28172.5,5420
2026-07-27 18:28:08.136,28176.5,28180.5,28135.5,28157,6292
2026-07-27 19:01:31.528,28161.25,28165.5,28120.5,28142,19646
2026-07-27 19:04:05.860,28146.25,28150.5,28105.5,28127,2883
2026-07-27 19:51:45.452,28131.25,28165.5,28105,28141.75,33428
2026-07-27 20:00:04.372,28138.75,28180.5,28135.5,28158.75,8667
2026-07-27 20:10:25.608,28154.75,28195,28120.5,28147.75,21396
2026-07-27 20:11:04.712,28149,28150.5,28105.5,28127.75,2073
2026-07-27 20:22:37.368,28131.5,28135.5,28090.5,28112,18738
2026-07-27 20:26:36.472,28116.25,28120.5,28075.5,28097,5705
2026-07-27 20:31:51.112,28101.25,28111,28060.5,28083.25,10729
2026-07-27 20:33:56.352,28087,28120.5,28060.25,28097,4236
2026-07-27 20:36:10.064,28093.75,28135.5,28090.5,28113.75,5058
2026-07-27 20:48:29.868,28109.75,28139.75,28075.5,28100,16289
2026-07-27 20:59:00.928,28102.75,28105.5,28060.5,28082.25,12012
2026-07-27 21:01:17.552,28086.5,28090.5,28045.5,28067,5711
2026-07-27 21:06:15.016,28071.25,28076,28030.5,28052,9077
2026-07-27 21:09:16.820,28056.25,28060.5,28015.5,28037,5000
2026-07-27 21:09:39.816,28041.25,28045.5,28000.5,28022,1386
2026-07-27 21:12:45.144,28026.25,28030.5,27985.5,28007,6879
2026-07-27 21:12:47.148,28011.25,28015.5,27970.5,27992,603
2026-07-27 21:27:04.652,27996.25,28030.5,27969.25,28006.5,20729
2026-07-27 21:27:52.264,28003.5,28045.5,28000.5,28023.75,1908
2026-07-27 21:28:09.804,28019.75,28060.5,28015.5,28039,1054
2026-07-27 21:28:31.676,28034.75,28075.5,28030.5,28054,1358
2026-07-27 21:34:56.560,28049.75,28090.5,28045.5,28069,8725
2026-07-27 21:53:29.192,28064.75,28097,28030.5,28055.75,23158
2026-07-27 21:55:49.448,28058,28060.5,28015.5,28037.5,3801
2026-07-27 22:00:46.564,28041.5,28045.5,28000.5,28022,4935
2026-07-27 22:05:17.912,28026.25,28030.5,27985.5,28007,5793
2026-07-27 22:31:44.304,28011.25,28030.25,27970.5,27995.5,33326
2026-07-27 22:33:36.492,27998,28000.5,27955.5,27977.5,3141
2026-07-27 23:10:06.392,27981.5,28007.25,27940.5,27967.5,38816
2026-07-27 23:17:56.020,27969,28000.5,27932.5,27975.5,11394
2026-07-27 23:18:50.584,27973,28015.5,27970.5,27993.75,1944
2026-07-27 23:20:31.588,27989.5,28030.5,27985.5,28009,2291
2026-07-27 23:24:27.840,28004.75,28045.5,28000.5,28024,4915
2026-07-27 23:28:53.504,28019.75,28046.75,27985.5,28009.5,6700
2026-07-27 23:30:23.652,28012.5,28015.5,27970.5,27992.25,2243
2026-07-27 23:31:22.624,27996.25,28000.5,27955.5,27977,1830
2026-07-27 23:34:22.032,27981.25,28015.5,27951.5,27991,5848
2026-07-27 23:37:56.676,27988.25,28030.5,27985.5,28008.75,3564
2026-07-27 23:39:51.812,28004.5,28045.5,28000.5,28024,2307
2026-07-27 23:40:34.932,28019.75,28060.5,28015.5,28039,1265
2026-07-28 00:12:36.660,28034.75,28071,28000.5,28026.75,25724
2026-07-28 00:14:27.092,28028.5,28030.5,27985.5,28007.5,1642
2026-07-28 00:24:31.312,28011.5,28016.75,27970.5,27992.25,8204
2026-07-28 00:53:35.984,27996.5,28003.75,27955.5,27977.75,15258
2026-07-28 01:19:41.860,27981.75,27985.5,27940.5,27962,14241
2026-07-28 01:23:07.392,27966.25,27970.5,27925.5,27947,2855
2026-07-28 01:30:39.668,27951.25,27955.5,27910.5,27932,6317
2026-07-28 01:32:07.776,27936.25,27940.5,27895.5,27917,2500
2026-07-28 01:35:26.476,27921.25,27925.5,27880.5,27902,3618
2026-07-28 02:04:16.544,27906.25,27924.25,27865.5,27890.25,26405
2026-07-28 02:10:35.572,27893,27895.5,27850.5,27872.25,6440
2026-07-28 02:32:38.448,27876.5,27910.5,27839.25,27884.25,24748
2026-07-28 02:35:54.800,27882.25,27925.5,27880.5,27903.5,3474
2026-07-28 02:55:58.836,27899.5,27940.5,27895.5,27919,13589
2026-07-28 02:58:44.200,27914.75,27955.5,27910.5,27934,2384
2026-07-28 03:09:14.392,27929.75,27970.5,27925.5,27949,10493
2026-07-28 03:16:45.232,27944.75,27985.5,27940.5,27964,5752
2026-07-28 03:45:37.888,27959.75,27988.25,27925.5,27949.75,20175
2026-07-28 03:48:38.068,27952.75,27955.5,27910.5,27932.25,2117
2026-07-28 04:10:01.696,27936.5,27955,27895.5,27920.5,20187
2026-07-28 04:11:39.040,27923,27925.5,27880.5,27902.5,1825
2026-07-28 04:18:18.652,27906.5,27940.5,27879.25,27916.75,7260
2026-07-28 04:19:13.364,27913.5,27955.5,27910.5,27933.75,1457
2026-07-28 04:19:20.980,27929.75,27970.5,27925.5,27949,608
2026-07-28 04:24:02.560,27944.75,27985.5,27940.5,27964,6200
2026-07-28 04:24:46.592,27959.75,28000.5,27955.5,27979,1630
2026-07-28 04:38:42.536,27974.75,28015.5,27970.5,27994,12442
2026-07-28 04:40:42.608,27989.75,28030.5,27985.5,28009,1829
2026-07-28 04:43:38.176,28004.75,28045.5,28000.5,28024,3052
2026-07-28 05:00:13.780,28019.75,28052.75,27985.5,28011,10668
2026-07-28 05:37:49.764,28013.25,28018.5,27970.5,27993.25,16537
2026-07-28 05:56:47.096,27996.75,28000.5,27955.5,27977,6743
2026-07-28 06:21:35.868,27981.25,27985.5,27940.5,27962,10152
2026-07-28 06:35:20.360,27966.25,27981.25,27925.5,27949.5,9871
2026-07-28 06:40:07.240,27952.5,27955.5,27910.5,27932.25,4778
2026-07-28 07:04:08.236,27936.5,27952.75,27895.5,27920,18424
2026-07-28 07:11:25.840,27922.75,27925.5,27880.5,27902.25,6777
2026-07-28 07:14:08.020,27906.5,27910.5,27865.5,27887,2609
2026-07-28 07:15:29.832,27891.25,27925.5,27864.75,27901.75,3259
2026-07-28 07:18:19.344,27898.5,27940.5,27895.5,27918.75,4770
2026-07-28 07:20:16.100,27914.75,27955.5,27910.5,27934,2692
2026-07-28 07:26:56.324,27929.75,27958.75,27895.5,27920,6408
2026-07-28 07:30:27.732,27922.75,27925.5,27880.5,27902.25,3424
2026-07-28 07:40:23.796,27906.5,27928.5,27865.5,27891.5,9662
2026-07-28 07:41:28.128,27893.5,27895.5,27850.5,27872.5,1612
2026-07-28 07:47:55.236,27876.5,27910.5,27849,27886.5,6517
2026-07-28 07:52:08.212,27883.5,27925.5,27880.5,27903.75,3707
2026-07-28 07:58:21.440,27899.75,27940.5,27895.5,27919,5075
2026-07-28 07:58:51.896,27914.75,27955.5,27910.5,27934,1023
2026-07-28 07:59:19.536,27929.75,27970.5,27925.5,27949,1106
2026-07-28 08:04:34.680,27944.75,27985.5,27940.5,27964,5967
2026-07-28 08:06:14.728,27959.75,28000.5,27955.5,27979,2374
2026-07-28 08:27:42.768,27974.75,28015.5,27946.75,27988.25,19130
2026-07-28 08:46:14.200,27986.75,28030.5,27955.75,28001,24952
2026-07-28 09:25:04.912,28000.75,28034,27970.5,27994,43244
2026-07-28 09:27:40.068,27997.25,28000.5,27955.5,27977.25,4943
2026-07-28 09:28:01.608,27981.25,27985.5,27940.5,27962,2148
2026-07-28 09:31:07.248,27966.25,27993,27925.5,27952.5,23551
2026-07-28 09:31:10.892,27954,27955.5,27910.5,27932.75,1507
2026-07-28 09:32:07.856,27936.5,27940.5,27895.5,27917,13271
2026-07-28 09:32:16.524,27921.25,27925.5,27880.5,27902,2940
2026-07-28 09:36:22.864,27906.25,27926.25,27865.5,27890.75,43596
2026-07-28 09:37:30.896,27893.25,27895.5,27850.5,27872.5,11785
2026-07-28 09:37:42.292,27876.5,27880.5,27835.5,27857,3474
2026-07-28 09:38:52.492,27861.25,27865.5,27820.5,27842,12588
2026-07-28 09:39:04.424,27846.25,27850.5,27805.5,27827,3365
2026-07-28 09:39:45.980,27831.25,27835.5,27790.5,27812,8226
2026-07-28 09:42:44.584,27816.25,27841,27775.5,27802,38207
2026-07-28 09:42:54.844,27803.75,27805.5,27760.5,27782.5,3178
2026-07-28 09:43:11.500,27786.5,27790.5,27745.5,27767,4958
2026-07-28 09:43:21.376,27771.25,27775.5,27730.5,27752,2830
2026-07-28 09:45:19.096,27756.25,27773,27715.5,27740,23654
2026-07-28 09:46:04.752,27742.75,27745.5,27700.5,27722.25,9589
2026-07-28 09:46:08.196,27726.5,27730.5,27685.5,27707,2171
2026-07-28 09:47:09.964,27711.25,27715.5,27670.5,27692,13575
2026-07-28 09:48:48.328,27696.25,27730.5,27658.5,27704,21876
2026-07-28 09:49:18.648,27702.25,27745.5,27700.5,27723.5,7121
2026-07-28 09:50:00.696,27719.5,27760.5,27715.5,27739,10094
2026-07-28 09:50:06.360,27734.75,27775.5,27730.5,27754,2581
2026-07-28 09:50:13.164,27749.75,27790.5,27745.5,27769,3237
2026-07-28 09:50:51.556,27764.75,27797.75,27730.5,27756,11496
2026-07-28 09:51:13.244,27758.25,27760.5,27715.5,27737.5,5414
2026-07-28 09:52:31.348,27741.5,27775.5,27702.5,27748.75,15470
2026-07-28 09:53:11.260,27747,27786.5,27715.5,27741.25,8538
2026-07-28 09:53:17.716,27743.25,27745.5,27700.5,27722.5,1790
2026-07-28 09:53:23.388,27726.5,27730.5,27685.5,27707,2450
2026-07-28 09:56:04.412,27711.25,27735.25,27670.5,27696.75,28695
2026-07-28 09:59:01.324,27698.75,27723,27655.5,27683.25,24174
2026-07-28 09:59:02.024,27684.25,27685.5,27640.5,27662.75,1064
2026-07-28 10:00:05.008,27666.5,27700.5,27640.25,27677,9316
2026-07-28 10:00:39.460,27673.75,27715.5,27670.5,27693.75,6405
2026-07-28 10:00:42.848,27689.75,27730.5,27685.5,27709,1297
2026-07-28 10:02:14.152,27704.75,27745.5,27694.25,27722.5,14205
2026-07-28 10:05:31.152,27719,27760.5,27695,27733.75,26322
2026-07-28 10:06:10.412,27732.25,27775.5,27730.5,27753.5,7213
2026-07-28 10:07:03.932,27749.5,27790.5,27740.25,27767.75,9652
2026-07-28 10:07:43.644,27764,27793,27730.5,27754.5,7874
2026-07-28 10:08:01.840,27757.5,27760.5,27715.5,27737.25,2896
2026-07-28 10:08:03.264,27741.5,27745.5,27700.5,27722,730
2026-07-28 10:08:05.936,27726.25,27730.5,27685.5,27707,1888
2026-07-28 10:08:26.536,27711.25,27715.5,27670.5,27692,4564
2026-07-28 10:12:01.468,27696.25,27730.5,27665.25,27705.5,31378
2026-07-28 10:12:46.092,27703,27731.25,27670.5,27693.75,6824
2026-07-28 10:13:13.604,27697.25,27700.5,27655.5,27677.25,4878
2026-07-28 10:14:06.140,27681.25,27686.75,27640.5,27662.25,9316
2026-07-28 10:14:07.728,27666.5,27670.5,27625.5,27647,2153
2026-07-28 10:14:37.456,27651.25,27655.5,27610.5,27632,7596
2026-07-28 10:21:48.880,27636.25,27670.5,27603.25,27645,61166
2026-07-28 10:22:11.612,27642.75,27685.5,27640.5,27663.5,4680
2026-07-28 10:22:37.092,27659.5,27688,27625.5,27649.75,5498
2026-07-28 10:23:49.984,27652.5,27685.5,27618.5,27660.5,12461
2026-07-28 10:24:01.032,27658,27700.5,27655.5,27678.75,2615
2026-07-28 10:24:02.244,27674.5,27715.5,27670.5,27694,1023
2026-07-28 10:35:56.912,27689.75,27730.5,27659.5,27702.5,89957
2026-07-28 10:36:02.520,27701.5,27745.5,27700.5,27723.25,1746
2026-07-28 10:36:46.520,27719.5,27760.5,27715.5,27739,7595
2026-07-28 10:39:02.792,27734.75,27762.75,27700.5,27724.5,14643
2026-07-28 10:41:13.404,27727.5,27760.5,27694.5,27735.75,13924
2026-07-28 10:41:32.112,27733.25,27775.5,27730.5,27753.75,3198
2026-07-28 10:43:36.696,27749.5,27790.5,27745.5,27769,11971
2026-07-28 10:47:36.424,27764.75,27805.5,27744.75,27780.25,23821
2026-07-28 10:48:03.076,27777.75,27820.5,27775.5,27798.5,3899
2026-07-28 10:48:21.076,27794.5,27835.5,27790.5,27814,3567
2026-07-28 10:49:29.252,27809.75,27850.5,27805.5,27829,9017
2026-07-28 10:50:12.736,27824.75,27865.5,27820.5,27844,6119
2026-07-28 10:51:29.992,27839.75,27880.5,27835.5,27859,9795
2026-07-28 10:57:19.536,27854.75,27892.5,27820.5,27847,43623
2026-07-28 10:59:24.160,27848.75,27850.5,27805.5,27827.5,12340
2026-07-28 11:04:31.320,27831.5,27838.75,27790.5,27812.75,32265
2026-07-28 11:05:13.728,27816.75,27820.5,27775.5,27797,5145
2026-07-28 11:06:28.848,27801.25,27835.5,27767.25,27810,11704
2026-07-28 11:10:01.216,27807.75,27850.5,27778.75,27821.75,22707
2026-07-28 11:10:04.208,27821.25,27865.5,27820.5,27843.25,2210
2026-07-28 11:10:10.660,27839.25,27880.5,27835.5,27859,2529
2026-07-28 11:10:52.588,27854.75,27883.25,27820.5,27844.75,5854
2026-07-28 11:11:21.372,27847.5,27850.5,27805.5,27827.25,3220
2026-07-28 11:12:33.440,27831.5,27865.5,27801,27840.75,7134
2026-07-28 11:16:35.648,27838.25,27880.5,27835.5,27858.75,21190
2026-07-28 11:18:07.616,27854.5,27895.5,27848.5,27873.5,8834
2026-07-28 11:18:23.476,27869.5,27910.5,27865.5,27889,2899
2026-07-28 11:20:05.204,27884.75,27925.5,27880.5,27904,10527
2026-07-28 11:20:17.504,27899.75,27940.5,27895.5,27919,2229
2026-07-28 11:20:44.608,27914.75,27955.5,27910.5,27934,4668
2026-07-28 11:23:25.960,27929.75,27970.5,27925.5,27949,15086
2026-07-28 11:25:20.132,27944.75,27985.5,27940.5,27964,8109
2026-07-28 11:26:32.912,27959.75,28000.5,27955.5,27979,8110
2026-07-28 11:38:23.904,27974.75,28015.5,27948.75,27988.75,57459
2026-07-28 11:44:11.980,27987,28030.5,27985.5,28008.5,20847
2026-07-28 11:45:44.852,28004.5,28045.5,28000.5,28024,7047
2026-07-28 11:49:01.696,28019.75,28060.5,28015.5,28039,12612
2026-07-28 12:13:48.760,28034.75,28068.75,28000.5,28026.25,97678
2026-07-28 12:27:37.116,28028.25,28047,27985.5,28011.5,43494
2026-07-28 12:30:15.312,28013.5,28015.5,27970.5,27992.5,7656
2026-07-28 12:31:13.224,27996.5,28000.5,27955.5,27977,4949
2026-07-28 12:39:54.924,27981.25,28015.5,27954,27991.5,29089
2026-07-28 12:40:23.144,27988.5,28030.5,27985.5,28008.75,3307
2026-07-28 12:50:56.892,28004.75,28045.5,27992.5,28022,35655
2026-07-28 12:51:11.440,28018.75,28060.5,28015.5,28038.75,2129
2026-07-28 12:53:17.812,28034.75,28075.5,28030.5,28054,7623
2026-07-28 13:05:02.612,28049.75,28079.75,28015.5,28040.25,31222
2026-07-28 13:08:52.636,28042.75,28045.5,28000.5,28022.25,12856
2026-07-28 13:09:30.468,28026.5,28030.5,27985.5,28007,3777
2026-07-28 13:10:19.912,28011.25,28015.5,27970.5,27992,3913
2026-07-28 13:20:55.212,27996.25,28030.5,27968.75,28006.5,31760
2026-07-28 13:21:03.832,28003.5,28045.5,28000.5,28023.75,2171
2026-07-28 13:25:00.728,28019.5,28045.5,27985.5,28009,10539
2026-07-28 13:43:15.332,28012.25,28042.25,27970.5,27999,41783
2026-07-28 13:44:04.792,27999.75,28000.5,27955.5,27977.75,2841
2026-07-28 13:47:30.736,27981.75,27985.5,27940.5,27962,9781
2026-07-28 13:55:51.816,27966.25,27985.75,27925.5,27950.75,22548
2026-07-28 14:00:36.488,27953.25,27985.5,27924.5,27962.25,12768
2026-07-28 14:11:40.268,27958.75,27999.75,27925.5,27952.5,29939
2026-07-28 15:00:20.440,27954,27985.5,27912,27959.25,111064
2026-07-28 15:02:22.080,27957.25,28000.5,27955.5,27978.5,6423
2026-07-28 15:04:52.644,27974.5,28015.5,27970.5,27994,7504
2026-07-28 15:37:13.100,27989.75,28024,27955.5,27981.25,81484
2026-07-28 15:45:40.768,27983.25,27985.5,27940.5,27962.5,20328
2026-07-28 15:55:00.652,27966.5,27988.5,27925.5,27951.5,27417
2026-07-28 16:06:22.940,27953.5,27967.75,27910.5,27935.5,39178
2026-07-28 16:06:25.624,27938,27940.5,27895.5,27917.5,1021
2026-07-28 16:23:37.824,27921.5,27955.5,27884,27929,21322
2026-07-28 16:26:25.028,27927.25,27970.5,27925.5,27948.5,1829
2026-07-28 16:27:15.208,27944.5,27985.5,27940.5,27964,1499
2026-07-28 16:59:59.928,27959.75,27991.75,27935.75,27961.75,15443
2026-07-28 18:00:00.604,27962.25,27977.25,27956,27968.25,168
2026-07-28 18:03:09.528,27957.75,27992.25,27947.25,27972.25,3156
2026-07-28 18:05:30.968,27967.25,28007.25,27962.25,27986,2333
2026-07-28 18:18:13.240,27981.75,28014,27947.25,27972.5,10236
2026-07-28 18:18:17.924,27975,27977.25,27932.25,27954.25,686
2026-07-28 18:23:10.720,27958.25,27962.25,27917.25,27938.75,5538
2026-07-28 18:32:16.408,27943,27947.25,27902.25,27923.75,9886
2026-07-28 18:32:19.212,27928,27932.25,27887.25,27908.75,606
2026-07-28 18:39:53.344,27913,27917.25,27872.25,27893.75,8786
2026-07-28 18:39:55.932,27898,27902.25,27857.25,27878.75,385
2026-07-28 18:45:36.020,27883,27890.5,27842.25,27864.5,7887
2026-07-28 18:47:12.204,27868.25,27872.25,27827.25,27848.75,3617
2026-07-28 18:51:06.584,27853,27857.25,27812.25,27833.75,6461
2026-07-28 18:53:21.048,27838,27842.25,27797.25,27818.75,4667
2026-07-28 18:57:38.664,27823,27827.25,27782.25,27803.75,8835
2026-07-28 18:59:06.168,27808,27812.25,27767.25,27788.75,3246
2026-07-28 19:00:14.176,27793,27797.25,27752.25,27773.75,2897
2026-07-28 19:03:48.012,27778,27782.25,27737.25,27758.75,7315
2026-07-28 19:06:31.980,27763,27797.25,27731.5,27772.25,7066
2026-07-28 19:13:36.312,27769.75,27812.25,27739.75,27783.5,14126
2026-07-28 19:13:39.620,27782.75,27827.25,27782.25,27805,508
2026-07-28 19:14:23.228,27801,27842.25,27797.25,27820.75,2313
2026-07-28 19:14:26.524,27816.5,27857.25,27812.25,27835.75,563
2026-07-28 19:22:26.860,27831.5,27872.25,27808.75,27846.25,15108
2026-07-28 19:27:26.224,27844.25,27887.25,27842.25,27865.25,6737
2026-07-28 19:30:59.744,27861.25,27902.25,27857.25,27880.75,4846
2026-07-28 19:32:40.432,27876.5,27917.25,27872.25,27895.75,3058
2026-07-28 19:43:57.776,27891.5,27932.25,27887.25,27910.75,14801
2026-07-28 19:44:20.532,27906.5,27947.25,27902.25,27925.75,1696
2026-07-28 19:44:21.472,27921.5,27962.25,27917.25,27940.75,496
2026-07-28 19:44:23.508,27936.5,27977.25,27932.25,27955.75,736
2026-07-28 19:44:26.764,27951.5,27992.25,27947.25,27970.75,547
2026-07-28 19:44:52.992,27966.5,28007.25,27962.25,27985.75,2382
2026-07-28 19:44:54.644,27981.5,28022.25,27977.25,28000.75,721
2026-07-28 19:47:12.764,27996.5,28037.25,27990.5,28015.5,7876
2026-07-28 19:49:41.040,28011.25,28052.25,28007.25,28030.75,6023
2026-07-28 19:49:57.144,28026.5,28067.25,28022.25,28045.75,1464
2026-07-28 19:50:21.560,28041.5,28082.25,28037.25,28060.75,1790
2026-07-28 19:58:44.208,28056.5,28097.25,28045.75,28074.25,15499
2026-07-28 20:01:26.072,28070.75,28112.25,28067.25,28090.5,6938
2026-07-28 20:01:27.612,28086.5,28127.25,28082.25,28105.75,705
2026-07-28 20:01:56.452,28101.5,28142.25,28097.25,28120.75,2732
2026-07-28 20:02:13.924,28116.5,28157.25,28112.25,28135.75,1917
2026-07-28 20:02:14.000,28131.5,28172.25,28127.25,28150.75,268
2026-07-28 20:15:24.032,28146.5,28177.25,28112.25,28137,24039
2026-07-28 20:24:37.988,28139.75,28165.5,28097.25,28125,16246
2026-07-28 20:25:11.952,28126,28127.25,28082.25,28104.5,1724
2026-07-28 20:28:21.516,28108.25,28112.25,28067.25,28088.75,5660
2026-07-28 20:28:40.052,28093,28097.25,28052.25,28073.75,1059
2026-07-28 20:31:21.360,28078,28082.25,28037.25,28058.75,5896
2026-07-28 20:33:28.084,28063,28067.25,28022.25,28043.75,3501
2026-07-28 20:45:35.460,28048,28082.25,28018.5,28057.75,19007
2026-07-28 20:58:05.984,28055,28085.25,28022.25,28046.25,14542
2026-07-28 20:58:14.380,28049.25,28052.25,28007.25,28029,767
2026-07-28 21:06:54.824,28033,28042,27992.25,28015,12932
2026-07-28 21:09:43.888,28018.5,28022.25,27977.25,27998.75,4400
2026-07-28 21:10:41.416,28003,28007.25,27962.25,27983.75,2153
2026-07-28 21:11:12.180,27988,27992.25,27947.25,27968.75,2071
2026-07-28 21:14:02.004,27973,27977.25,27932.25,27953.75,5369
2026-07-28 21:14:26.480,27958,27962.25,27917.25,27938.75,1726
2026-07-28 21:15:31.212,27943,27947.25,27902.25,27923.75,3116
2026-07-28 21:22:14.504,27928,27962.25,27896.5,27937.25,13978
2026-07-28 21:23:50.152,27934.75,27977.25,27932.25,27955.25,2775
2026-07-28 21:27:11.680,27951.25,27992.25,27947.25,27970.75,5184
2026-07-28 21:40:15.104,27966.5,28002.75,27932.25,27958.5,17912
2026-07-28 21:40:55.276,27960.25,27962.25,27917.25,27939.25,1345
2026-07-28 21:42:11.328,27943.25,27947.25,27902.25,27923.75,2415
2026-07-28 21:44:10.776,27928,27932.25,27887.25,27908.75,3158
2026-07-28 21:45:11.116,27913,27917.25,27872.25,27893.75,2028
2026-07-28 21:48:02.680,27898,27902.25,27857.25,27878.75,5293
2026-07-28 21:51:26.228,27883,27887.25,27842.25,27863.75,5264
2026-07-28 21:52:10.176,27868,27872.25,27827.25,27848.75,1953
2026-07-28 21:54:16.468,27853,27857.25,27812.25,27833.75,4092
2026-07-28 21:57:21.632,27838,27842.25,27797.25,27818.75,5441
2026-07-28 22:00:02.572,27823,27827.25,27782.25,27803.75,4394
2026-07-28 22:07:08.756,27808,27842.25,27770,27815.5,14524
2026-07-28 22:11:27.864,27814,27857.25,27812.25,27835.25,7317
2026-07-28 22:17:58.944,27831.25,27869.75,27797.25,27823.75,9953
2026-07-28 22:22:19.664,27825.5,27857.25,27795.75,27834,7031
2026-07-28 22:26:31.552,27830.5,27872.25,27827.25,27850.5,6935
2026-07-28 22:28:25.764,27846.5,27887.25,27842.25,27865.75,2361
2026-07-28 22:30:28.840,27861.5,27902.25,27857.25,27880.75,2866
2026-07-28 22:53:34.032,27876.5,27912,27842.25,27868.25,26638
2026-07-28 22:55:13.136,27870.25,27872.25,27827.25,27849.25,2290
2026-07-28 23:02:31.500,27853.25,27857.25,27812.25,27833.75,6992
2026-07-28 23:04:00.612,27838,27842.25,27797.25,27818.75,2716
2026-07-28 23:08:34.440,27823,27857.25,27788,27831.25,7697
2026-07-28 23:09:49.684,27829.25,27872.25,27827.25,27850.25,2228
2026-07-28 23:19:35.460,27846.25,27882,27812.25,27838.25,11476
2026-07-28 23:24:14.768,27840.25,27842.25,27797.25,27819.25,5396
2026-07-28 23:29:42.416,27823.25,27827.25,27782.25,27803.75,5547
2026-07-28 23:30:02.896,27808,27812.25,27767.25,27788.75,1136
2026-07-28 23:31:04.096,27793,27797.25,27752.25,27773.75,2982
2026-07-28 23:51:18.172,27778,27793.25,27737.25,27761.5,23571
2026-07-28 23:51:59.084,27764.25,27767.25,27722.25,27744,2343
2026-07-28 23:52:46.464,27748.25,27752.25,27707.25,27728.75,1645
2026-07-29 00:00:27.564,27733,27737.25,27692.25,27713.75,8189
2026-07-29 00:11:24.588,27718,27722.25,27677.25,27698.75,13718
2026-07-29 00:16:27.484,27703,27709.25,27662.25,27684.25,6646
2026-07-29 00:44:59.688,27688.25,27720,27647.25,27675.75,38012
2026-07-29 00:51:38.932,27676.5,27707.25,27640.5,27682.75,9504
2026-07-29 00:52:23.420,27680,27722.25,27677.25,27700.5,1724
2026-07-29 00:55:43.808,27696.25,27737.25,27692.25,27715.75,4260
2026-07-29 00:55:49.168,27711.5,27752.25,27707.25,27730.75,560
2026-07-29 01:00:01.380,27726.5,27767.25,27722.25,27745.75,5378
2026-07-29 01:03:26.516,27741.5,27782.25,27735.5,27760.5,5285
2026-07-29 01:07:46.024,27756.25,27797.25,27749,27775,6300
2026-07-29 01:08:18.716,27771,27812.25,27767.25,27790.75,1725
2026-07-29 01:13:32.060,27786.5,27827.25,27782.25,27805.75,7311
2026-07-29 01:36:55.836,27801.5,27842.25,27772.25,27814.5,28636
2026-07-29 02:00:34.876,27813.5,27854.75,27782.25,27808.25,25364
2026-07-29 02:03:51.660,27810.25,27812.25,27767.25,27789.25,3492
2026-07-29 02:04:19.116,27793.25,27797.25,27752.25,27773.75,1117
2026-07-29 02:08:00.776,27778,27782.25,27737.25,27758.75,3927
2026-07-29 02:26:09.620,27763,27797.25,27736.75,27773.5,16703
2026-07-29 02:27:37.692,27770.5,27812.25,27767.25,27790.5,2097
2026-07-29 02:30:07.364,27786.5,27827.25,27782.25,27805.75,3378
2026-07-29 02:31:42.200,27801.5,27842.25,27797.25,27820.75,3093
2026-07-29 02:32:54.904,27816.5,27857.25,27812.25,27835.75,1656
2026-07-29 02:35:13.232,27831.5,27872.25,27827.25,27850.75,3046
2026-07-29 02:37:11.660,27846.5,27887.25,27842.25,27865.75,2285
2026-07-29 02:41:28.644,27861.5,27902.25,27857.25,27880.75,4109
2026-07-29 02:47:02.184,27876.5,27917.25,27872.25,27895.75,4721
2026-07-29 02:50:33.560,27891.5,27932.25,27887.25,27910.75,3592
2026-07-29 03:18:00.280,27906.5,27947.25,27897.75,27924.75,21194
2026-07-29 03:37:29.428,27921,27962.25,27905.25,27937.75,14027
2026-07-29 03:50:00.664,27935,27963.75,27902.25,27925.75,7523
2026-07-29 04:09:21.372,27929,27932.25,27887.25,27909,13634
2026-07-29 04:12:38.876,27913,27917.25,27872.25,27893.75,2525
2026-07-29 04:15:10.256,27898,27902.25,27857.25,27878.75,2360
2026-07-29 04:24:23.524,27883,27887.25,27842.25,27863.75,6342
2026-07-29 04:26:03.220,27868,27872.25,27827.25,27848.75,1868
2026-07-29 04:32:00.088,27853,27887.25,27819.75,27861.75,5550
2026-07-29 04:32:28.428,27859.5,27902.25,27857.25,27880.25,1131
2026-07-29 04:43:13.180,27876.25,27917.25,27872.25,27895.75,7507
2026-07-29 04:46:24.196,27891.5,27932.25,27887.25,27910.75,2794
2026-07-29 05:06:34.072,27906.5,27947.25,27895.75,27924.25,11974
2026-07-29 05:09:35.396,27920.75,27962.25,27917.25,27940.5,2840
2026-07-29 05:14:44.344,27936.5,27977.25,27932.25,27955.75,4036
2026-07-29 05:38:51.024,27951.5,27992.25,27947.25,27970.75,13679
2026-07-29 05:43:00.552,27966.5,28007.25,27962.25,27985.75,3241
2026-07-29 05:48:08.060,27981.5,28022.25,27977.25,28000.75,3332
2026-07-29 05:49:52.576,27996.5,28037.25,27992.25,28015.75,1402
2026-07-29 05:51:55.140,28011.5,28052.25,28007.25,28030.75,1675
2026-07-29 06:25:34.656,28026.5,28060,27992.25,28017.75,21367
2026-07-29 06:32:15.556,28020,28023.5,27977.25,27999.5,5016
2026-07-29 06:38:39.800,28003.5,28007.25,27962.25,27983.75,3541
2026-07-29 06:51:29.348,27988,27992.25,27947.25,27968.75,8246
2026-07-29 06:53:26.088,27973,27977.25,27932.25,27953.75,1819
2026-07-29 07:09:52.540,27958,27992.25,27928.5,27967.75,14463
2026-07-29 07:18:02.388,27965,28007.25,27962.25,27985.5,6108
2026-07-29 07:21:24.200,27981.25,28022.25,27977.25,28000.75,2484
2026-07-29 07:39:41.092,27996.5,28024,27962.25,27986.25,12268
2026-07-29 08:14:33.004,27989.25,28007.25,27947.25,27972.75,26218
2026-07-29 08:15:23.008,27975,27977.25,27932.25,27954.25,2113
2026-07-29 08:16:09.352,27958.25,27962.25,27917.25,27938.75,1559
2026-07-29 08:16:20.992,27943,27947.25,27902.25,27923.75,1371
2026-07-29 08:16:53.000,27928,27932.25,27887.25,27908.75,3576
2026-07-29 08:17:08.936,27913,27917.25,27872.25,27893.75,1294
2026-07-29 08:22:09.884,27898,27904.5,27857.25,27879.25,11393
2026-07-29 08:44:22.604,27883.25,27917.25,27844.75,27890.5,25652
2026-07-29 09:20:53.732,27889,27931.75,27857.25,27883.75,37364
2026-07-29 09:26:30.012,27885.5,27917.25,27856.25,27894,9339
2026-07-29 09:26:55.956,27890.75,27932.25,27887.25,27910.5,1198
2026-07-29 09:30:14.164,27906.5,27947.25,27884,27921.25,12306
2026-07-29 09:30:24.160,27919.25,27949.75,27887.25,27910.75,2173
2026-07-29 09:30:26.904,27914,27917.25,27872.25,27894,1216
2026-07-29 09:31:23.752,27898,27902.25,27857.25,27878.75,10383
2026-07-29 09:31:53.076,27883,27887.25,27842.25,27863.75,6943
2026-07-29 09:32:46.844,27868,27902.25,27836.5,27877.25,10014
2026-07-29 09:33:03.772,27874.75,27917.25,27872.25,27895.25,3466
2026-07-29 09:33:19.164,27891.25,27932.25,27887.25,27910.75,3376
2026-07-29 09:33:29.596,27906.5,27947.25,27902.25,27925.75,2372
2026-07-29 09:34:00.584,27921.5,27962.25,27916.5,27940.75,5570
2026-07-29 09:34:03.784,27936.5,27977.25,27932.25,27955.75,1642
2026-07-29 09:35:30.136,27951.5,27992.25,27947.25,27970.75,13745
2026-07-29 09:36:29.320,27966.5,27997,27932.25,27957,10329
2026-07-29 09:37:04.488,27959.75,27962.25,27917.25,27939,5864
2026-07-29 09:37:06.464,27943.25,27947.25,27902.25,27923.75,1112
2026-07-29 09:37:34.944,27928,27932.25,27887.25,27908.75,5616
2026-07-29 09:39:01.080,27913,27939.5,27872.25,27899.25,17199
2026-07-29 09:45:02.552,27900.75,27932.25,27858.5,27906,46187
2026-07-29 09:45:04.664,27904,27947.25,27902.25,27925.25,1416
2026-07-29 09:46:18.548,27921.25,27949,27887.25,27911.25,10418
2026-07-29 09:46:36.620,27914.25,27917.25,27872.25,27894,2618
2026-07-29 09:47:04.028,27898,27902.25,27857.25,27878.75,4214
2026-07-29 09:47:13.524,27883,27887.25,27842.25,27863.75,2234
2026-07-29 09:47:21.104,27868,27872.25,27827.25,27848.75,3156
2026-07-29 09:50:29.152,27853,27862.5,27812.25,27835,28580
2026-07-29 09:50:40.072,27838.5,27842.25,27797.25,27818.75,2601
2026-07-29 09:51:04.980,27823,27827.25,27782.25,27803.75,4905
2026-07-29 09:51:13.520,27808,27812.25,27767.25,27788.75,2640
2026-07-29 09:52:05.212,27793,27797.25,27752.25,27773.75,8476
2026-07-29 09:52:19.732,27778,27782.25,27737.25,27758.75,3157
2026-07-29 09:53:15.092,27763,27767.25,27722.25,27743.75,10090
2026-07-29 09:55:15.736,27748,27780.5,27707.25,27735.75,22643
2026-07-29 09:56:16.844,27736.5,27737.25,27692.25,27714.5,9223
2026-07-29 09:57:16.076,27718.5,27722.25,27677.25,27698.75,9936
2026-07-29 09:59:00.848,27703,27737.25,27667.75,27711.25,16446
2026-07-29 10:00:04.792,27709.25,27752.25,27706.25,27730,11830
2026-07-29 10:00:07.804,27726.25,27767.25,27722.25,27745.75,1338
2026-07-29 10:02:48.024,27741.5,27782.25,27733,27759.75,21081
2026-07-29 10:05:01.180,27756,27797.25,27751,27775.25,14114
2026-07-29 10:05:11.468,27771.25,27812.25,27767.25,27790.75,3025
2026-07-29 10:07:00.716,27786.5,27827,27752.25,27779.5,16943
2026-07-29 10:07:02.476,27781,27782.25,27737.25,27759.5,876
2026-07-29 10:07:14.072,27763.25,27767.25,27722.25,27743.75,3076
2026-07-29 10:10:04.580,27748,27758.75,27707.25,27730.25,21205
2026-07-29 10:12:27.972,27733.75,27747.5,27692.25,27716.5,19269
2026-07-29 10:12:40.044,27719.25,27722.25,27677.25,27699,2138
2026-07-29 10:12:54.168,27703.25,27707.25,27662.25,27683.75,3490
2026-07-29 10:13:48.520,27688,27692.25,27647.25,27668.75,8576
2026-07-29 10:24:12.228,27673,27696.25,27632.25,27658.5,66631
2026-07-29 10:24:17.272,27660.25,27662.25,27617.25,27639.25,2469
2026-07-29 10:25:08.200,27643.25,27647.25,27602.25,27623.75,8624
2026-07-29 10:25:53.240,27628,27632.25,27587.25,27608.75,6971
2026-07-29 10:26:00.840,27613,27617.25,27572.25,27593.75,2167
2026-07-29 10:26:09.348,27598,27602.25,27557.25,27578.75,2868
2026-07-29 10:26:19.880,27583,27587.25,27542.25,27563.75,3007
2026-07-29 10:30:42.860,27568,27602.25,27538.5,27577.75,33555
2026-07-29 10:32:17.524,27575,27617.25,27572.25,27595.5,10521
2026-07-29 10:32:19.392,27591.25,27632.25,27587.25,27610.75,1074
2026-07-29 10:33:06.492,27606.5,27647.25,27602.25,27625.75,5187
2026-07-29 10:38:04.744,27621.5,27652.25,27587.25,27612,29791
2026-07-29 10:39:43.712,27614.75,27617.25,27572.25,27594,9054
2026-07-29 10:39:51.540,27598.25,27602.25,27557.25,27578.75,1862
2026-07-29 10:40:26.164,27583,27587.25,27542.25,27563.75,4506
2026-07-29 10:40:28.412,27568,27572.25,27527.25,27548.75,1735
2026-07-29 10:44:19.464,27553,27572.5,27512.25,27537.5,25227
2026-07-29 10:47:35.668,27539.75,27572.25,27510,27548.5,18948
2026-07-29 10:51:07.508,27545.5,27587.25,27521,27560.25,21659
2026-07-29 10:52:46.372,27558.75,27602.25,27557.25,27580,9677
2026-07-29 11:00:16.924,27576.25,27617.25,27550.75,27590.25,37176
2026-07-29 11:02:15.868,27588.75,27632.25,27579.25,27608.25,12679
2026-07-29 11:08:01.596,27605.25,27647.25,27590.25,27622.5,29990
2026-07-29 11:11:07.712,27619.75,27656.25,27587.25,27612.75,16512
2026-07-29 11:11:37.744,27615,27617.25,27572.25,27594.25,3923
2026-07-29 11:20:00.980,27598.25,27624.25,27557.25,27584.25,39181
2026-07-29 11:26:15.132,27585.75,27617.25,27546,27591.5,24731
2026-07-29 11:29:25.940,27589.5,27618,27557.25,27580.5,11569
2026-07-29 11:30:29.140,27583.75,27587.25,27542.25,27564,4831
2026-07-29 11:43:03.752,27568,27596,27527.25,27554.75,40697
2026-07-29 11:54:31.076,27556,27566.75,27512.25,27536.75,32383
2026-07-29 11:54:31.396,27539.5,27542.25,27497.25,27519,1451
2026-07-29 11:55:01.524,27523.25,27527.25,27482.25,27503.75,5225
2026-07-29 11:56:04.564,27508,27512.25,27467.25,27488.75,6427
2026-07-29 12:00:05.948,27493,27527.25,27464.5,27503,17601
2026-07-29 12:04:09.032,27500,27540,27467.25,27493.75,16757
2026-07-29 12:05:02.836,27495.5,27497.25,27452.25,27474.25,4646
2026-07-29 12:05:13.404,27478.25,27482.25,27437.25,27458.75,2285
2026-07-29 12:14:54.724,27463,27467.25,27422.25,27443.75,32024
2026-07-29 12:22:10.736,27448,27482.25,27409,27455.25,28690
2026-07-29 12:23:06.064,27453.75,27497.25,27452.25,27475.25,3492
2026-07-29 12:23:06.996,27471.25,27512.25,27467.25,27490.75,1025
2026-07-29 12:23:22.416,27486.5,27527.25,27482.25,27505.75,3842
2026-07-29 12:26:59.092,27501.5,27542.25,27497.25,27520.75,14138
2026-07-29 12:30:05.864,27516.5,27557.25,27512.25,27535.75,10656
2026-07-29 12:30:23.672,27531.5,27572.25,27527.25,27550.75,1997
2026-07-29 12:35:47.020,27546.5,27586,27512.25,27539.25,22774
2026-07-29 12:36:44.308,27540.75,27542.25,27497.25,27519.5,4235
2026-07-29 12:50:10.840,27523.25,27557.25,27484,27530.5,41131
2026-07-29 12:53:01.788,27528.75,27572.25,27527.25,27550.25,9826
2026-07-29 12:57:24.384,27546.25,27587.25,27542.25,27565.75,12541
2026-07-29 12:59:52.200,27561.5,27602.25,27557.25,27580.75,8045
2026-07-29 13:01:06.656,27576.5,27617.25,27572.25,27595.75,4949
2026-07-29 13:03:41.272,27591.5,27632.25,27587.25,27610.75,7254
2026-07-29 13:04:02.436,27606.5,27647.25,27602.25,27625.75,2302
2026-07-29 13:04:51.716,27621.5,27662.25,27617.25,27640.75,4503
2026-07-29 13:10:15.036,27636.5,27677.25,27632.25,27655.75,18428
2026-07-29 13:12:54.420,27651.5,27692.25,27647.25,27670.75,9133
2026-07-29 13:13:04.016,27666.5,27707.25,27662.25,27685.75,1530
2026-07-29 13:13:33.180,27681.5,27722.25,27677.25,27700.75,2693
2026-07-29 13:15:00.092,27696.5,27737.25,27692.25,27715.75,6146
2026-07-29 13:28:10.124,27711.5,27749.75,27677.25,27704,45826
2026-07-29 13:29:31.540,27705.5,27707.25,27662.25,27684.25,4248
2026-07-29 13:30:01.364,27688.25,27692.25,27647.25,27668.75,2572
2026-07-29 13:31:00.728,27673,27677.25,27632.25,27653.75,4379
2026-07-29 13:33:58.056,27658,27692.25,27629.25,27668,11572
2026-07-29 13:50:41.644,27665,27707.25,27638,27679.5,44494
2026-07-29 13:52:06.748,27678.25,27722.25,27677.25,27700,3546
2026-07-29 14:00:00.816,27696.25,27737.25,27677.75,27712,13845
2026-07-29 14:00:01.016,27709.75,27752.25,27707.25,27730.25,438
2026-07-29 14:00:01.016,27726.25,27767.25,27722.25,27745.75,168
2026-07-29 14:00:01.020,27741.5,27782.25,27737.25,27760.75,142
2026-07-29 14:00:01.864,27756.5,27797.25,27752.25,27775.75,620
2026-07-29 14:00:02.528,27771.5,27812.25,27767.25,27790.75,400
2026-07-29 14:00:03.984,27786.5,27827.25,27782.25,27805.75,570
2026-07-29 14:00:12.836,27801.5,27842.25,27784.75,27817.75,2803
2026-07-29 14:00:18.768,27815,27846.5,27782.25,27806.5,1508
2026-07-29 14:00:19.320,27809.25,27812.25,27767.25,27789,149
2026-07-29 14:00:36.612,27793.25,27827.25,27766.75,27803.5,4103
2026-07-29 14:00:42.744,27800.5,27842.25,27797.25,27820.5,1217
2026-07-29 14:00:48.588,27816.5,27857.25,27812.25,27835.75,1549
2026-07-29 14:01:51.388,27831.5,27872.25,27808.25,27846,10666
2026-07-29 14:02:39.792,27844.25,27887.25,27842.25,27865.25,6280
2026-07-29 14:03:46.296,27861.25,27889,27827.25,27851.25,6879
2026-07-29 14:04:06.148,27854.25,27857.25,27812.25,27834,1506
2026-07-29 14:04:17.940,27838,27842.25,27797.25,27818.75,1639
2026-07-29 14:04:22.256,27823,27827.25,27782.25,27803.75,758
2026-07-29 14:05:59.928,27808,27842.25,27780,27818,9609
2026-07-29 14:06:07.112,27815.25,27857.25,27812.25,27835.5,1151
2026-07-29 14:06:10.364,27831.25,27872.25,27827.25,27850.75,698
2026-07-29 14:13:30.316,27846.5,27886.5,27812.25,27839.5,39102
2026-07-29 14:14:22.860,27840.75,27842.25,27797.25,27819.5,4178
2026-07-29 14:14:42.716,27823.25,27827.25,27782.25,27803.75,1895
2026-07-29 14:15:15.876,27808,27842.25,27774.5,27816.75,4069
2026-07-29 14:17:28.380,27814.5,27843.5,27782.25,27805.75,9685
2026-07-29 14:18:19.856,27809,27812.25,27767.25,27789,4113
2026-07-29 14:19:29.100,27793,27797.25,27752.25,27773.75,4500
2026-07-29 14:21:33.944,27778,27782.25,27737.25,27758.75,9878
2026-07-29 14:30:34.796,27763,27797.25,27727.75,27771.25,33637
2026-07-29 14:31:08.576,27769.25,27812.25,27767.25,27790.25,3061
2026-07-29 14:32:01.876,27786.25,27820.25,27752.25,27777.75,6831
2026-07-29 14:32:04.272,27780,27782.25,27737.25,27759.25,634
2026-07-29 14:32:08.848,27763.25,27767.25,27722.25,27743.75,957
2026-07-29 14:32:09.288,27748,27752.25,27707.25,27728.75,367
2026-07-29 14:33:25.540,27733,27767.25,27703.75,27742.75,8340
2026-07-29 14:33:38.784,27740,27782.25,27737.25,27760.5,1390
2026-07-29 14:37:02.200,27756.25,27797.25,27725.5,27769,10278
2026-07-29 14:37:52.584,27768.25,27812.25,27767.25,27790,4031
2026-07-29 14:38:02.456,27786,27827.25,27782.25,27805.75,1358
2026-07-29 14:38:15.240,27801.5,27842.25,27797.25,27820.75,1718
2026-07-29 14:38:22.332,27816.5,27857.25,27812.25,27835.75,1042
2026-07-29 14:38:40.608,27831.5,27872.25,27827.25,27850.75,1831
2026-07-29 14:39:52.692,27846.5,27887.25,27836.75,27864.5,6217
2026-07-29 14:40:27.664,27860.75,27902.25,27857.25,27880.75,3976
2026-07-29 14:40:35.368,27876.5,27917.25,27872.25,27895.75,1425
2026-07-29 14:41:09.136,27891.5,27932.25,27887.25,27910.75,3818
2026-07-29 14:41:30.080,27906.5,27947.25,27902.25,27925.75,2748
2026-07-29 14:44:09.536,27921.5,27962.25,27897.25,27935.75,15440
2026-07-29 14:44:36.768,27934,27977.25,27932.25,27955.25,2229
2026-07-29 14:45:20.808,27951.25,27992.25,27947.25,27970.75,5199
2026-07-29 14:46:36.440,27966.5,28007.25,27962.25,27985.75,7928
2026-07-29 14:47:43.580,27981.5,28022.25,27977.25,28000.75,6383
2026-07-29 14:47:43.788,27996.5,28037.25,27992.25,28015.75,424
2026-07-29 14:49:46.416,28011.5,28052.25,27993.75,28027.5,13155
2026-07-29 14:53:12.396,28024.75,28067.25,28000.25,28040,19474
2026-07-29 14:54:54.332,28038.5,28082.25,28037.25,28060,8650
2026-07-29 15:02:03.872,28056.25,28097.25,28022.5,28068.25,46198
2026-07-29 15:03:20.008,28067.75,28099.75,28037.25,28060.5,8286
2026-07-29 15:03:48.644,28064,28067.25,28022.25,28044,3204
2026-07-29 15:04:06.584,28048,28052.25,28007.25,28028.75,2512
2026-07-29 15:04:17.884,28033,28037.25,27992.25,28013.75,2131
2026-07-29 15:04:27.668,28018,28022.25,27977.25,27998.75,1466
2026-07-29 15:05:50.872,28003,28007.25,27962.25,27983.75,10129
2026-07-29 15:07:03.416,27988,27992.25,27947.25,27968.75,9267
2026-07-29 15:07:51.564,27973,27977.25,27932.25,27953.75,4833
2026-07-29 15:08:05.588,27958,27962.25,27917.25,27938.75,2036
2026-07-29 15:08:45.660,27943,27947.25,27902.25,27923.75,5606
2026-07-29 15:09:44.096,27928,27932.25,27887.25,27908.75,6523
2026-07-29 15:10:16.496,27913,27917.25,27872.25,27893.75,3781
2026-07-29 15:10:21.056,27898,27902.25,27857.25,27878.75,820
2026-07-29 15:10:36.348,27883,27887.25,27842.25,27863.75,2757
2026-07-29 15:11:32.180,27868,27902.25,27839.25,27878,7863
2026-07-29 15:12:00.636,27875,27917.25,27872.25,27895.5,3422
2026-07-29 15:15:40.952,27891.25,27932.25,27872.25,27907,22573
2026-07-29 15:17:15.520,27904.75,27938.75,27872.25,27897,9979
2026-07-29 15:17:29.584,27899.5,27902.25,27857.25,27879,1851
2026-07-29 15:18:00.492,27883.25,27887.25,27842.25,27863.75,2502
2026-07-29 15:18:04.548,27868,27872.25,27827.25,27848.75,1271
2026-07-29 15:18:38.916,27853,27857.25,27812.25,27833.75,4054
2026-07-29 15:20:08.800,27838,27842.25,27797.25,27818.75,8808
2026-07-29 15:20:47.056,27823,27827.25,27782.25,27803.75,3782
2026-07-29 15:21:03.972,27808,27812.25,27767.25,27788.75,2279
2026-07-29 15:21:09.080,27793,27797.25,27752.25,27773.75,1418
2026-07-29 15:21:09.324,27778,27782.25,27737.25,27758.75,470
2026-07-29 15:21:19.084,27763,27767.25,27722.25,27743.75,3626
2026-07-29 15:22:10.072,27748,27752.25,27707.25,27728.75,6591
2026-07-29 15:22:13.824,27733,27737.25,27692.25,27713.75,1075
2026-07-29 15:25:52.448,27718,27745,27677.25,27704.25,21518
2026-07-29 15:26:10.384,27705.75,27707.25,27662.25,27684.5,2300
2026-07-29 15:26:13.108,27688.25,27692.25,27647.25,27668.75,1015
2026-07-29 15:29:20.040,27673,27707.25,27641,27682.25,20173
2026-07-29 15:30:20.048,27679.75,27722.25,27677.25,27700.25,7214
2026-07-29 15:30:57.536,27696.25,27737.25,27692.25,27715.75,4658
2026-07-29 15:32:40.460,27711.5,27744,27677.25,27702.5,12124
2026-07-29 15:33:13.820,27705,27707.25,27662.25,27684.25,3656
2026-07-29 15:33:18.776,27688.25,27692.25,27647.25,27668.75,898
2026-07-29 15:33:20.088,27673,27677.25,27632.25,27653.75,798
2026-07-29 15:33:25.940,27658,27662.25,27617.25,27638.75,1541
2026-07-29 15:33:50.080,27643,27647.25,27602.25,27623.75,3493
2026-07-29 15:34:05.448,27628,27632.25,27587.25,27608.75,2972
2026-07-29 15:34:26.848,27613,27617.25,27572.25,27593.75,3634
2026-07-29 15:38:06.200,27598,27631.25,27557.25,27586,28025
2026-07-29 15:38:26.056,27586.5,27587.25,27542.25,27564.5,3012
2026-07-29 15:38:50.824,27568.5,27572.25,27527.25,27548.75,2458
2026-07-29 15:39:01.684,27553,27557.25,27512.25,27533.75,1515
2026-07-29 15:40:01.756,27538,27542.25,27497.25,27518.75,8721
2026-07-29 15:40:05.264,27523,27527.25,27482.25,27503.75,1076
2026-07-29 15:44:19.776,27508,27542,27467.25,27496,36745
2026-07-29 15:46:00.716,27496.75,27497.25,27452.25,27474.5,12076
2026-07-29 15:47:40.384,27478.5,27484.5,27437.25,27459.25,11452
2026-07-29 15:47:49.896,27463.25,27467.25,27422.25,27443.75,1775
2026-07-29 15:48:50.048,27448,27482.25,27421.25,27458.5,7419
2026-07-29 15:49:33.384,27455.25,27497.25,27452.25,27475.5,4392
2026-07-29 15:50:32.132,27471.5,27511,27437.25,27464.25,8931
2026-07-29 15:52:10.040,27465.75,27467.25,27422.25,27444.25,8812
2026-07-29 15:52:16.864,27448.25,27452.25,27407.25,27428.75,1644
2026-07-29 15:55:00.540,27433,27449,27392.25,27416.75,18918
2026-07-29 15:55:03.112,27419.5,27422.25,27377.25,27399,1184
2026-07-29 15:56:43.784,27403.25,27407.25,27362.25,27383.75,10709
2026-07-29 15:57:55.252,27388,27392.25,27347.25,27368.75,5710
2026-07-29 15:58:24.068,27373,27377.25,27332.25,27353.75,2611
2026-07-29 16:00:23.524,27358,27370.75,27317.25,27340.75,17650
2026-07-29 16:00:37.948,27344,27347.25,27302.25,27324,2288
2026-07-29 16:00:44.992,27328,27332.25,27287.25,27308.75,1253
2026-07-29 16:01:01.208,27313,27330,27272.25,27296.75,2175
2026-07-29 16:01:01.352,27299.5,27302.25,27257.25,27279,200
2026-07-29 16:01:02.940,27283.25,27317.25,27252,27292.5,409
2026-07-29 16:01:03.096,27289.75,27332.25,27287.25,27310.5,111
2026-07-29 16:01:04.784,27306.25,27347.25,27302.25,27325.75,490
2026-07-29 16:01:11.764,27321.5,27361.25,27287.25,27314.25,1418
2026-07-29 16:01:49.724,27315.75,27344.25,27272.25,27301.25,4331
2026-07-29 16:01:53.356,27301.75,27302.25,27257.25,27279.5,465
2026-07-29 16:01:54.500,27283.5,27287.25,27242.25,27263.75,404
2026-07-29 16:01:57.856,27268,27272.25,27227.25,27248.75,813
2026-07-29 16:02:24.148,27253,27287.25,27222.75,27262.5,4242
2026-07-29 16:04:10.200,27260,27298.75,27227.25,27253.25,6619
2026-07-29 16:04:12.816,27255.25,27257.25,27212.25,27234.25,749
2026-07-29 16:05:00.284,27238.25,27272.25,27200,27245.75,4905
2026-07-29 16:05:00.340,27244,27287.25,27242.25,27265.25,154
2026-07-29 16:05:00.916,27261.25,27302.25,27257.25,27280.75,147
2026-07-29 16:05:29.376,27276.5,27317.25,27269.5,27295,2748
2026-07-29 16:05:43.480,27291.25,27321.5,27257.25,27281.75,1663
2026-07-29 16:05:43.480,27284.5,27287.25,27242.25,27264,40
2026-07-29 16:05:47.264,27268.25,27302.25,27242,27278.75,557
2026-07-29 16:05:52.020,27275.5,27317.25,27272.25,27295.5,371
2026-07-29 16:06:14.488,27291.5,27332.25,27284,27310,1460
2026-07-29 16:06:20.240,27306,27347.25,27302.25,27325.75,795
2026-07-29 16:08:05.424,27321.5,27361.25,27287.25,27314.25,6288
2026-07-29 16:08:29.064,27315.75,27317.25,27272.25,27294.5,1396
2026-07-29 16:09:59.212,27298.25,27304.25,27257.25,27279.25,3899
2026-07-29 16:10:47.536,27283.25,27287.25,27242.25,27263.75,2593
2026-07-29 16:13:03.440,27268,27302.25,27231.75,27276,7530
2026-07-29 16:13:07.652,27274.25,27317.25,27272.25,27295.25,434
2026-07-29 16:16:10.812,27291.25,27332.25,27274.75,27307.5,9279
2026-07-29 16:19:18.040,27305,27339,27272.25,27297,6641
2026-07-29 16:24:47.288,27299.75,27307,27257.25,27280.25,7328
2026-07-29 16:26:25.696,27283.75,27287.25,27242.25,27264,2020
2026-07-29 16:26:50.428,27268,27272.25,27227.25,27248.75,1219
2026-07-29 16:27:14.976,27253,27257.25,27212.25,27233.75,1094
2026-07-29 16:33:50.116,27238,27272.25,27205.75,27247,11413
2026-07-29 16:35:18.560,27244.75,27287.25,27242.25,27265.25,2213
2026-07-29 16:38:01.700,27261.25,27302.25,27257.25,27280.75,3452
2026-07-29 16:39:21.728,27276.5,27317.25,27272.25,27295.75,1865
2026-07-29 16:39:38.788,27291.5,27332.25,27287.25,27310.75,680
2026-07-29 16:49:59.300,27306.5,27333.25,27272.25,27296,10626
2026-07-29 16:59:59.816,27299.25,27312,27259.75,27282.75,6296
2026-07-29 18:00:01.096,27208,27223,27204.75,27214.75,535
2026-07-29 18:00:02.348,27203.75,27238,27193,27218.25,175
2026-07-29 18:00:04.320,27213,27253,27208,27231.75,137
2026-07-29 18:00:17.064,27227.5,27268,27223,27246.5,571
2026-07-29 18:00:45.504,27242.25,27283,27238,27261.5,741
2026-07-29 18:00:57.272,27257.25,27298,27253,27276.5,466
2026-07-29 18:01:09.740,27272.25,27313,27268,27291.5,796
2026-07-29 18:02:02.632,27287.25,27328,27283,27306.5,1928
2026-07-29 18:02:26.676,27302.25,27343,27298,27321.5,1380
2026-07-29 18:05:01.032,27317.25,27358,27313,27336.5,4606
2026-07-29 18:05:17.416,27332.25,27373,27328,27351.5,898
2026-07-29 18:05:46.136,27347.25,27388,27343,27366.5,1218
2026-07-29 18:08:05.296,27362.25,27403,27358,27381.5,4451
2026-07-29 18:08:24.652,27377.25,27418,27373,27396.5,875
2026-07-29 18:09:17.456,27392.25,27433,27388,27411.5,1873
2026-07-29 18:09:28.632,27407.25,27448,27403,27426.5,688
2026-07-29 18:10:40.640,27422.25,27463,27418,27441.5,3261
2026-07-29 18:11:40.284,27437.25,27478,27433,27456.5,3431
2026-07-29 18:26:50.920,27452.25,27489.75,27418,27444.5,26350
2026-07-29 18:28:32.812,27446.25,27448,27403,27425,3453
2026-07-29 18:37:24.584,27429,27463,27395.25,27437.5,14289
2026-07-29 18:45:39.796,27435.25,27478,27433,27456,9574
2026-07-29 19:08:47.432,27452,27493,27420.5,27464.75,24013
2026-07-29 19:08:49.488,27463.75,27508,27463,27485.75,884
2026-07-29 19:09:02.224,27481.75,27523,27478,27501.5,1277
2026-07-29 19:11:41.076,27497.25,27524.75,27463,27487,5465
2026-07-29 19:23:34.208,27490,27523,27456,27498,17895
2026-07-29 19:28:33.916,27495.5,27538,27493,27516,6087
2026-07-29 19:31:27.532,27512,27553,27508,27531.5,3863
2026-07-29 20:02:06.732,27527.25,27559.25,27493,27518.25,53328
2026-07-29 20:02:47.892,27520.5,27523,27478,27500,2342
2026-07-29 20:06:02.836,27504,27538,27472.25,27513,11347
2026-07-29 20:06:11.936,27510.5,27553,27508,27531.25,1121
2026-07-29 20:06:26.356,27527,27568,27523,27546.5,1810
2026-07-29 20:08:17.636,27542.25,27583,27538,27561.5,6240
2026-07-29 20:11:14.324,27557.25,27598,27553,27576.5,7993
2026-07-29 20:35:28.736,27572.25,27611.5,27538,27565,48083
2026-07-29 20:40:16.916,27566.5,27568,27523,27545,6777
2026-07-29 20:43:03.408,27549,27553,27508,27529.5,4203
2026-07-29 20:44:09.348,27533.75,27538,27493,27514.5,2723
2026-07-29 21:00:01.920,27518.75,27553,27489,27528.5,25601
2026-07-29 21:00:06.868,27525.75,27568,27523,27546.25,796
2026-07-29 21:04:54.264,27542,27583,27533.75,27560.5,8434
2026-07-29 21:05:01.240,27556.75,27598,27553,27576.5,753
2026-07-29 21:06:27.316,27572.25,27613,27568,27591.5,3072
2026-07-29 21:06:55.716,27587.25,27628,27583,27606.5,1806
2026-07-29 21:08:20.704,27602.25,27643,27598,27621.5,3352
2026-07-29 21:08:37.356,27617.25,27658,27613,27636.5,1246
2026-07-29 21:10:02.444,27632.25,27660.5,27598,27622.25,4083
2026-07-29 21:13:02.892,27625,27628,27583,27604.75,5408
2026-07-29 21:14:53.704,27609,27613,27568,27589.5,2374
2026-07-29 21:25:45.808,27593.75,27628,27563.75,27603.25,13325
2026-07-29 21:28:59.720,27600.75,27643,27598,27621.25,3690
2026-07-29 21:31:03.400,27617,27658,27613,27636.5,3108
2026-07-29 21:33:04.888,27632.25,27673,27628,27651.5,3197
2026-07-29 21:37:31.948,27647.25,27688,27643,27666.5,6312
2026-07-29 22:15:36.208,27662.25,27697,27628,27653.75,43615
2026-07-29 22:26:17.516,27656,27658,27613,27635,11388
2026-07-29 22:30:34.348,27639,27643,27598,27619.5,3977
2026-07-29 22:35:05.152,27623.75,27628,27583,27604.5,5073
2026-07-29 22:37:27.288,27608.75,27613,27568,27589.5,3459
2026-07-29 22:48:25.652,27593.75,27628,27559.25,27602.25,14265
2026-07-29 22:57:06.892,27600,27630.75,27568,27591.75,10467
2026-07-29 22:58:06.200,27594.75,27598,27553,27574.75,1742
2026-07-29 23:00:06.484,27578.75,27583,27538,27559.5,3441
2026-07-29 23:09:29.040,27563.75,27577.25,27523,27546.75,10610
2026-07-29 23:11:01.932,27549.75,27553,27508,27529.75,2507
2026-07-29 23:12:27.428,27533.75,27538,27493,27514.5,2498
2026-07-29 23:19:20.280,27518.75,27523,27478,27499.5,7958
2026-07-29 23:33:34.524,27503.75,27538,27471.5,27512.75,18312
2026-07-29 23:35:03.004,27510.5,27553,27508,27531,2061
2026-07-29 23:37:41.052,27527,27557.5,27493,27517.75,4792
2026-07-29 23:48:58.336,27520.25,27553,27486,27528,12078
2026-07-30 00:09:50.928,27525.5,27563.5,27493,27518.75,19483
2026-07-30 00:15:28.568,27521,27523,27478,27500,4791
2026-07-30 00:19:32.072,27504,27508,27463,27484.5,3797
2026-07-30 00:27:01.964,27488.75,27523,27459.25,27498.5,7749
2026-07-30 00:28:00.280,27495.75,27538,27493,27516.25,1433
2026-07-30 00:42:35.556,27512,27543.5,27478,27503,13104
2026-07-30 00:43:50.304,27505.5,27508,27463,27484.75,1497
2026-07-30 00:54:11.880,27489,27513,27448,27474.5,10134
2026-07-30 01:02:16.492,27476.25,27478,27433,27455,7629
2026-07-30 01:20:02.348,27459,27493,27420.5,27466.5,17401
2026-07-30 01:32:44.320,27464.75,27508,27455.25,27484,12606
2026-07-30 01:44:30.432,27481,27523,27469.75,27499.25,9080
2026-07-30 01:46:24.292,27496,27538,27493,27516.25,1674
2026-07-30 01:53:59.496,27512.25,27547.25,27478,27503.75,7939
2026-07-30 02:10:08.012,27506,27508,27463,27485,13212
2026-07-30 02:16:11.112,27489,27493,27448,27469.5,5013
2026-07-30 02:47:52.520,27473.75,27498.75,27433,27459.5,24381
2026-07-30 02:59:02.852,27461.25,27463,27418,27440,6200
2026-07-30 03:00:50.740,27444,27478,27414.5,27453.75,2901
2026-07-30 03:01:27.944,27450.75,27493,27448,27471.25,1672
2026-07-30 03:01:38.644,27467,27508,27463,27486.5,1020
2026-07-30 03:16:49.684,27482.25,27521.5,27448,27475,22588
2026-07-30 03:17:57.228,27476.5,27478,27433,27455,1416
2026-07-30 03:20:44.816,27459,27463,27418,27439.5,3042
2026-07-30 03:21:40.672,27443.75,27448,27403,27424.5,1586
2026-07-30 03:30:19.300,27428.75,27438.75,27388,27410.75,11961
2026-07-30 03:35:46.144,27414.5,27418,27373,27394.5,5196
2026-07-30 03:36:19.564,27398.75,27403,27358,27379.5,1079
2026-07-30 03:39:59.000,27383.75,27418,27351.75,27392.75,5274
2026-07-30 03:43:37.820,27390.5,27433,27388,27411,2913
2026-07-30 03:44:01.136,27407,27448,27403,27426.5,792
2026-07-30 04:00:01.732,27422.25,27448,27388,27411.5,12848
2026-07-30 04:00:27.356,27414.75,27418,27373,27394.75,1133
2026-07-30 04:01:14.244,27398.75,27403,27358,27379.5,1321
2026-07-30 04:02:10.592,27383.75,27388,27343,27364.5,1389
2026-07-30 04:07:33.840,27368.75,27403,27337,27378,7375
2026-07-30 04:08:01.112,27375.5,27418,27373,27396,727
2026-07-30 04:08:17.352,27392,27433,27388,27411.5,495
2026-07-30 04:10:13.380,27407.25,27448,27403,27426.5,2668
2026-07-30 04:20:37.548,27422.25,27463,27418,27441.5,10696
2026-07-30 04:21:56.632,27437.25,27478,27433,27456.5,1531
2026-07-30 04:23:37.680,27452.25,27493,27448,27471.5,1620
2026-07-30 04:25:55.392,27467.25,27508,27463,27486.5,2660
2026-07-30 04:30:27.524,27482.25,27523,27478,27501.5,4711
2026-07-30 04:55:23.184,27497.25,27527,27463,27487.5,17026
2026-07-30 05:14:12.828,27490.25,27523,27460.5,27499.25,10953
2026-07-30 05:14:22.580,27496,27538,27493,27516.25,553
2026-07-30 05:14:46.596,27512.25,27553,27508,27531.5,1011
2026-07-30 05:23:14.372,27527.25,27568,27523,27546.5,9314
2026-07-30 05:35:30.588,27542.25,27583,27538,27561.5,8727
2026-07-30 05:59:15.688,27557.25,27586,27523,27547.25,13113
2026-07-30 06:00:06.292,27550.25,27553,27508,27529.75,1701
2026-07-30 06:00:20.660,27534,27538,27493,27514.5,810
2026-07-30 06:09:24.584,27518.75,27553,27488,27528.25,7604
2026-07-30 06:16:27.548,27525.5,27568,27523,27546.25,4388
2026-07-30 06:18:36.708,27542,27583,27538,27561.5,1708
2026-07-30 06:19:46.952,27557.25,27598,27553,27576.5,1625
2026-07-30 06:21:45.208,27572.25,27613,27568,27591.5,1998
2026-07-30 06:26:06.916,27587.25,27628,27583,27606.5,4141
2026-07-30 06:40:35.844,27602.25,27643,27598,27621.5,10886
2026-07-30 07:04:03.048,27617.25,27658,27610.5,27636,20915
2026-07-30 07:06:53.136,27632,27673,27628,27651.5,2979
2026-07-30 07:16:48.168,27647.25,27688,27643,27666.5,8687
2026-07-30 07:24:48.640,27662.25,27703,27658,27681.5,7547
2026-07-30 07:28:31.884,27677.25,27718,27673,27696.5,3944
2026-07-30 07:49:07.680,27692.25,27733,27673.5,27708,23741
2026-07-30 08:03:56.324,27705.5,27748,27695.5,27724.25,15946
2026-07-30 08:14:18.412,27721,27763,27718,27741.25,11993
2026-07-30 08:30:04.584,27737.25,27778,27714.25,27751.75,17724
2026-07-30 08:34:16.940,27750,27790.75,27718,27744.25,10549
2026-07-30 08:36:02.716,27746,27778,27715,27754.25,4694
2026-07-30 08:41:16.156,27751.25,27793,27748,27771.25,9642
2026-07-30 08:57:41.928,27767.25,27808,27762.75,27786.5,27083
2026-07-30 09:00:20.504,27782.25,27823,27778,27801.5,7853
2026-07-30 09:01:34.064,27797.25,27838,27793,27816.5,4786
2026-07-30 09:01:44.660,27812.25,27853,27808,27831.5,1541
2026-07-30 09:07:13.184,27827.25,27868,27823,27846.5,14383
2026-07-30 09:29:58.652,27842.25,27883,27827,27858.75,49445
2026-07-30 09:33:29.160,27856,27892.75,27823,27848.75,40450
2026-07-30 09:35:32.556,27850.75,27883,27813.25,27857.5,22317
2026-07-30 09:35:42.032,27855.25,27898,27853,27876,3390
2026-07-30 09:36:05.632,27872,27913,27868,27891.5,6828
2026-07-30 09:37:34.440,27887.25,27919.75,27853,27878.25,18285
2026-07-30 09:42:13.536,27880.75,27913,27846.25,27888.25,46590
2026-07-30 09:42:20.652,27885.5,27928,27883,27906.25,2783
2026-07-30 09:43:11.944,27902,27943,27898,27921.5,9736
2026-07-30 09:43:57.112,27917.25,27958,27913,27936.5,9136
2026-07-30 09:44:02.020,27932.25,27973,27928,27951.5,1662
2026-07-30 09:44:10.920,27947.25,27988,27943,27966.5,2925
2026-07-30 09:45:04.840,27962.25,28003,27958,27981.5,12263
2026-07-30 09:46:02.644,27977.25,28018,27973,27996.5,9309
2026-07-30 09:46:47.160,27992.25,28033,27988,28011.5,7753
2026-07-30 09:48:38.632,28007.25,28048,28003,28026.5,18514
2026-07-30 09:49:26.384,28022.25,28063,28018,28041.5,6768
2026-07-30 09:50:54.692,28037.25,28078,28033,28056.5,15094
2026-07-30 09:50:54.716,28052.25,28093,28048,28071.5,944
2026-07-30 09:50:55.396,28067.25,28108,28063,28086.5,1942
2026-07-30 09:51:12.432,28082.25,28123,28078,28101.5,6377
2026-07-30 09:52:14.116,28097.25,28126.25,28063,28087.5,12448
2026-07-30 09:55:54.756,28090.25,28123,28050.5,28096.75,34353
2026-07-30 09:56:06.636,28094.75,28138,28093,28116,3268
2026-07-30 09:59:10.604,28112,28153,28091,28127.25,25709
2026-07-30 10:01:10.696,28125,28168,28123,28146,18666
2026-07-30 10:02:18.292,28142,28183,28138,28161.5,11921
2026-07-30 10:06:21.336,28157.25,28183.75,28123,28146.75,33859
2026-07-30 10:07:55.956,28150,28153,28108,28129.75,12392
2026-07-30 10:08:26.352,28133.75,28138,28093,28114.5,6536
2026-07-30 10:09:16.236,28118.75,28123,28078,28099.5,8309
2026-07-30 10:17:00.992,28103.75,28138,28067,28111.75,61129
2026-07-30 10:21:29.800,28109.75,28153,28080,28124,35917
2026-07-30 10:23:09.328,28123.5,28168,28123,28145.5,11706
2026-07-30 10:27:20.380,28141.75,28183,28138,28161.5,25755
2026-07-30 10:27:20.396,28157.25,28198,28153,28176.5,1126
2026-07-30 10:27:56.080,28172.25,28213,28168,28191.5,8124
2026-07-30 10:28:14.252,28187.25,28228,28183,28206.5,3990
2026-07-30 10:31:55.928,28202.25,28243,28188.5,28219.25,29854
2026-07-30 10:44:00.548,28216,28245.75,28183,28207,70127
2026-07-30 10:44:18.072,28210,28213,28168,28189.75,3048
2026-07-30 10:47:17.308,28193.75,28198,28153,28174.5,22207
2026-07-30 10:48:25.704,28178.75,28183,28138,28159.5,8053
2026-07-30 10:51:16.608,28163.75,28177.25,28123,28146.75,21481
2026-07-30 10:52:47.244,28149.75,28153,28108,28129.75,10157
2026-07-30 10:53:47.504,28133.75,28138,28093,28114.5,6429
2026-07-30 10:54:11.732,28118.75,28123,28078,28099.5,4201
2026-07-30 10:55:00.540,28103.75,28108,28063,28084.5,6958
2026-07-30 10:55:17.904,28088.75,28093,28048,28069.5,3476
2026-07-30 10:56:17.648,28073.75,28078,28033,28054.5,10211
2026-07-30 10:59:40.452,28058.75,28093,28022.75,28066.75,30096
2026-07-30 11:00:36.472,28065,28095.5,28033,28056.5,10729
2026-07-30 11:00:45.404,28059.75,28063,28018,28039.75,2297
2026-07-30 11:03:03.468,28043.75,28078,28012,28053,23494
2026-07-30 11:03:29.360,28050.5,28093,28048,28071,5096
2026-07-30 11:04:01.180,28067,28108,28063,28086.5,5393
2026-07-30 11:06:04.172,28082.25,28123,28078,28101.5,15637
2026-07-30 11:08:11.720,28097.25,28123.25,28063,28086.75,15991
2026-07-30 11:09:09.072,28089.75,28123,28055,28097.75,8301
2026-07-30 11:11:27.172,28095.25,28138,28063,28089.75,20068
2026-07-30 11:11:34.516,28091.5,28093,28048,28070,1675
2026-07-30 11:13:06.748,28074,28078,28033,28054.5,11969
2026-07-30 11:15:01.464,28058.75,28063,28018,28039.5,12139
2026-07-30 11:21:17.776,28043.75,28078,28007.75,28051.75,38497
2026-07-30 11:21:30.276,28050,28093,28048,28071,2371
2026-07-30 11:23:31.140,28067,28099.5,28033,28058,12497
2026-07-30 11:26:04.280,28060.5,28079.5,28018,28044,13994
2026-07-30 11:26:09.620,28046,28048,28003,28025,1481
2026-07-30 11:34:51.904,28029,28063,27995.5,28037.75,48744
2026-07-30 11:35:02.504,28035.25,28078,28033,28056,1925
2026-07-30 11:44:02.544,28052,28093,28036.5,28068.75,43081
2026-07-30 11:44:08.408,28065.75,28108,28063,28086.25,1770
2026-07-30 11:46:33.208,28082,28123,28078,28101.5,9612
2026-07-30 11:52:37.932,28097.25,28133.75,28063,28089.25,26480
2026-07-30 11:55:08.544,28091.25,28123,28048.5,28096.5,12171
2026-07-30 12:00:23.640,28094.75,28131.5,28063,28088,20908
2026-07-30 12:03:29.120,28090.5,28123,28059.5,28099,17246
2026-07-30 12:04:13.736,28096,28138,28093,28116.25,2851
2026-07-30 12:04:25.996,28112.25,28153,28108,28131.5,3120
2026-07-30 12:11:56.404,28127.25,28168,28123,28146.5,27216
2026-07-30 12:13:01.152,28142.25,28183,28138,28161.5,4806
2026-07-30 12:31:01.164,28157.25,28192.75,28123,28149,52119
2026-07-30 12:40:12.900,28151,28153,28108,28130,25951
2026-07-30 12:40:31.652,28134,28138,28093,28114.5,2556
2026-07-30 12:41:17.052,28118.75,28123,28078,28099.5,3622
2026-07-30 12:42:26.692,28103.75,28108,28063,28084.5,5243
2026-07-30 12:52:00.412,28088.75,28123,28055.25,28097.5,30650
2026-07-30 13:00:00.800,28095.25,28138,28093,28116,19577
2026-07-30 13:00:01.788,28112,28153,28108,28131.5,1254
2026-07-30 13:00:35.132,28127.25,28168,28123,28146.5,3845
2026-07-30 13:06:39.236,28142.25,28183,28138,28161.5,15632
2026-07-30 13:19:40.076,28157.25,28198,28153,28176.5,31635
2026-07-30 15:06:53.560,28172.25,28213,28138.5,28184.25,221409
2026-07-30 15:07:10.724,28183.5,28228,28183,28205.75,2997
2026-07-30 15:08:59.540,28201.75,28243,28198,28221.5,6124
2026-07-30 15:10:04.608,28217.25,28258,28213,28236.5,5321
2026-07-30 15:10:39.000,28232.25,28273,28228,28251.5,4097
2026-07-30 15:12:57.112,28247.25,28288,28243,28266.5,8581
2026-07-30 15:36:06.004,28262.25,28298,28228,28254,58533
2026-07-30 15:51:14.216,28256,28258,28213,28235,39303
2026-07-30 16:01:00.224,28239,28273,28202.25,28246.75,54105
2026-07-30 16:01:00.272,28245,28288,28243,28266,173
2026-07-30 16:01:05.452,28262,28303,28258,28281.5,581
2026-07-30 16:01:05.476,28277.25,28318,28273,28296.5,235
2026-07-30 16:01:05.512,28292.25,28333,28288,28311.5,206
2026-07-30 16:01:06.180,28307.25,28348,28303,28326.5,410
2026-07-30 16:01:07.064,28322.25,28363,28312.75,28340.25,679
2026-07-30 16:01:08.476,28336.75,28365.5,28303,28327,350
2026-07-30 16:11:43.496,28330,28355.25,28288,28315.25,29570
2026-07-30 16:16:36.244,28316.75,28348,28283.25,28324,8608
2026-07-30 16:20:09.944,28321,28363,28318,28341.25,5937
2026-07-30 16:30:00.064,28337,28378,28333,28356.5,9179
2026-07-30 16:30:00.080,28352.25,28393,28348,28371.5,246
2026-07-30 16:30:01.308,28367.25,28408,28363,28386.5,695
2026-07-30 16:30:12.232,28382.25,28410,28348,28372,996
2026-07-30 16:30:13.396,28375,28378,28333,28354.75,323
2026-07-30 16:30:31.896,28359,28363,28318,28339.5,1448
2026-07-30 16:59:59.764,28343.75,28370,28311,28339.5,24964
2026-07-30 18:00:36.536,28317.25,28332.25,28304.25,28321.5,1849
2026-07-30 18:00:37.484,28311.75,28347.25,28302.25,28327.25,89
2026-07-30 18:01:34.620,28322.25,28362.25,28317.25,28341,2018
2026-07-30 18:01:50.120,28336.5,28377.25,28332.25,28355.75,991
2026-07-30 18:01:53.372,28351.5,28392.25,28347.25,28370.75,261
2026-07-30 18:02:56.120,28366.5,28407.25,28362.25,28385.75,2594
2026-07-30 18:31:02.508,28381.5,28416.5,28347.25,28373.25,26501
2026-07-30 18:32:08.304,28375.25,28377.25,28332.25,28354.25,1362
2026-07-30 18:42:13.108,28358.25,28392.25,28332,28368.75,9742
2026-07-30 18:53:10.084,28365.5,28407.25,28362.25,28385.5,6877
2026-07-30 19:01:55.008,28381.5,28422.25,28377.25,28400.75,5381
2026-07-30 19:21:55.016,28396.5,28425.5,28362.25,28386.75,15824
2026-07-30 19:47:09.564,28389.5,28422.25,28357.75,28398,21794
2026-07-30 19:52:33.784,28395,28437.25,28391.25,28415.25,7222
2026-07-30 20:06:06.456,28411.25,28452.25,28395,28427.75,19754
2026-07-30 20:14:08.004,28425,28467.25,28422.25,28445.5,13620
2026-07-30 20:20:37.524,28441.25,28482.25,28437.25,28460.75,11191
2026-07-30 20:31:12.500,28456.5,28497.25,28452.25,28475.75,12337
2026-07-30 20:58:28.072,28471.5,28512.25,28467.25,28490.75,27101
2026-07-30 21:00:00.596,28486.5,28527.25,28482.25,28505.75,2605
2026-07-30 21:01:16.144,28501.5,28542.25,28497.25,28520.75,3273
2026-07-30 21:05:40.788,28516.5,28557.25,28512.25,28535.75,5828
2026-07-30 21:15:37.200,28531.5,28572.25,28527.25,28550.75,10965
2026-07-30 21:37:08.164,28546.5,28580,28512.25,28537.75,22684
2026-07-30 21:40:37.672,28540,28542.25,28497.25,28519.25,5016
2026-07-30 21:46:27.984,28523.25,28527.25,28482.25,28503.75,6266
2026-07-30 21:47:51.692,28508,28512.25,28467.25,28488.75,2518
2026-07-30 22:03:59.852,28493,28499.75,28452.25,28474.25,22091
2026-07-30 22:14:47.516,28478.25,28482.25,28437.25,28458.75,13084
2026-07-30 22:16:08.684,28463,28467.25,28422.25,28443.75,2917
2026-07-30 22:19:10.796,28448,28452.25,28407.25,28428.75,4842
2026-07-30 22:37:44.580,28433,28437.25,28392.25,28413.75,17565
2026-07-30 23:19:44.816,28418,28452.25,28389.75,28428,37137
2026-07-30 23:21:01.564,28425.25,28467.25,28422.25,28445.5,2311
2026-07-31 00:18:45.680,28441.25,28482.25,28421.75,28457,41963
2026-07-31 00:20:53.644,28454.5,28497.25,28452.25,28475.25,2581
2026-07-31 00:30:01.084,28471.25,28512.25,28467.25,28490.75,5618
2026-07-31 00:33:22.432,28486.5,28527.25,28482.25,28505.75,2265
2026-07-31 00:40:05.420,28501.5,28542.25,28497.25,28520.75,4832
2026-07-31 01:07:07.064,28516.5,28557.25,28512.25,28535.75,14624
2026-07-31 01:28:12.808,28531.5,28572.25,28527.25,28550.75,10227
2026-07-31 01:53:57.196,28546.5,28587.25,28540.25,28565.25,17818
2026-07-31 02:10:56.324,28561.25,28602.25,28557.25,28580.75,12107
2026-07-31 02:33:20.216,28576.5,28612.25,28542.25,28568.25,15998
2026-07-31 02:34:12.116,28570.25,28572.25,28527.25,28549.25,1633
2026-07-31 02:35:23.328,28553.25,28557.25,28512.25,28533.75,2258
2026-07-31 02:35:52.488,28538,28542.25,28497.25,28518.75,1401
2026-07-31 02:41:17.064,28523,28527.25,28482.25,28503.75,8188
2026-07-31 02:43:01.388,28508,28512.25,28467.25,28488.75,2365
2026-07-31 02:48:14.832,28493,28497.25,28452.25,28473.75,6868
2026-07-31 03:10:04.472,28478,28512.25,28450.25,28488.25,22740
2026-07-31 03:12:51.732,28485.25,28527.25,28482.25,28505.5,2957
2026-07-31 03:13:20.604,28501.25,28542.25,28497.25,28520.75,893
2026-07-31 03:27:17.168,28516.5,28557.25,28505,28534,13081
2026-07-31 03:27:34.668,28530.75,28572.25,28527.25,28550.5,824
2026-07-31 04:00:36.680,28546.5,28587.25,28533.75,28563.75,24892
2026-07-31 04:10:48.380,28560.5,28590.75,28527.25,28551.5,12590
2026-07-31 04:15:12.492,28554.25,28587.25,28523.75,28563.25,4778
2026-07-31 04:27:53.752,28560.25,28602.25,28557.25,28580.5,10179
2026-07-31 05:00:48.172,28576.25,28617.25,28560.75,28593,20651
2026-07-31 05:10:34.620,28590,28632.25,28587.25,28610.5,7597
2026-07-31 05:33:33.012,28606.25,28642,28572.25,28598.25,12921
2026-07-31 05:36:11.168,28600.25,28602.25,28557.25,28579.25,2041
2026-07-31 05:38:31.480,28583.25,28587.25,28542.25,28563.75,2242
2026-07-31 06:00:06.256,28568,28572.25,28527.25,28548.75,11955
2026-07-31 06:45:28.568,28553,28587.25,28519.25,28561.75,23659
2026-07-31 07:01:29.172,28559.5,28602.25,28550.25,28578.5,10598
2026-07-31 07:03:53.540,28575.5,28617.25,28572.25,28595.5,2440
2026-07-31 07:18:15.504,28591.5,28626,28557.25,28583,10705
2026-07-31 07:30:21.692,28585,28587.25,28542.25,28564.25,8386
2026-07-31 07:33:40.592,28568.25,28572.25,28527.25,28548.75,3224
2026-07-31 08:03:25.236,28553,28561.5,28512.25,28534.75,21071
2026-07-31 08:09:29.244,28538.5,28542.25,28497.25,28518.75,5954
2026-07-31 08:12:19.544,28523,28527.25,28482.25,28503.75,3082
2026-07-31 08:15:59.576,28508,28512.25,28467.25,28488.75,3352
2026-07-31 08:19:33.812,28493,28497.25,28452.25,28473.75,5323
2026-07-31 08:42:52.648,28478,28507.5,28437.25,28465,29674
2026-07-31 09:05:47.972,28466,28497.25,28432,28473.25,25071
2026-07-31 09:09:06.556,28470.25,28512.25,28467.25,28490.5,3946
2026-07-31 09:10:52.332,28486.25,28527.25,28482.25,28505.75,3368
2026-07-31 09:16:16.888,28501.5,28542.25,28497.25,28520.75,8080
2026-07-31 09:25:00.044,28516.5,28557.25,28512.25,28535.75,12178
2026-07-31 09:28:00.052,28531.5,28572.25,28527.25,28550.75,7117
2026-07-31 09:30:21.892,28546.5,28587.25,28540.75,28565.5,11419
2026-07-31 09:30:26.368,28561.25,28602.25,28557.25,28580.75,1827
2026-07-31 09:31:36.232,28576.5,28617.25,28572.25,28595.75,14269
2026-07-31 09:31:50.700,28591.5,28632.25,28587.25,28610.75,3542
2026-07-31 09:32:06.220,28606.5,28647.25,28602.25,28625.75,3891
2026-07-31 09:32:53.188,28621.5,28662.25,28617.25,28640.75,9611
2026-07-31 09:33:05.900,28636.5,28677.25,28632.25,28655.75,2861
2026-07-31 09:33:15.868,28651.5,28692.25,28647.25,28670.75,3025
2026-07-31 09:34:43.128,28666.5,28707.25,28662.25,28685.75,14613
2026-07-31 09:35:25.384,28681.5,28722.25,28677.25,28700.75,9590
2026-07-31 09:37:24.228,28696.5,28725.75,28662.25,28686.75,19514
2026-07-31 09:37:48.280,28689.5,28692.25,28647.25,28669,5115
2026-07-31 09:38:20.528,28673.25,28677.25,28632.25,28653.75,6916
2026-07-31 09:38:34.052,28658,28662.25,28617.25,28638.75,4053
2026-07-31 09:38:38.316,28643,28647.25,28602.25,28623.75,1274
2026-07-31 09:38:53.072,28628,28632.25,28587.25,28608.75,4022
2026-07-31 09:39:39.308,28613,28617.25,28572.25,28593.75,10409
2026-07-31 09:39:53.748,28598,28602.25,28557.25,28578.75,3237
2026-07-31 09:40:19.052,28583,28587.25,28542.25,28563.75,5680
2026-07-31 09:40:23.892,28568,28572.25,28527.25,28548.75,1990
2026-07-31 09:41:13.528,28553,28587.25,28516.25,28561,10456
2026-07-31 09:41:39.256,28559,28588.75,28527.25,28550.5,5332
2026-07-31 09:42:02.052,28554,28557.25,28512.25,28534,3204
2026-07-31 09:42:35.068,28538,28543.25,28497.25,28519,7261
2026-07-31 09:42:39.092,28523,28527.25,28482.25,28503.75,1529
2026-07-31 09:43:13.156,28508,28512.25,28467.25,28488.75,8129
2026-07-31 09:43:28.512,28493,28497.25,28452.25,28473.75,4739
2026-07-31 09:43:31.396,28478,28482.25,28437.25,28458.75,1300
2026-07-31 09:44:58.008,28463,28483.25,28422.25,28447.75,19021
2026-07-31 09:45:48.304,28450,28473.25,28407.25,28434.5,13102
2026-07-31 09:46:24.476,28435.75,28438.5,28392.25,28414.75,9257
2026-07-31 09:47:49.788,28418.5,28422.25,28377.25,28398.75,18238
2026-07-31 09:48:17.320,28403,28407.25,28362.25,28383.75,6000
2026-07-31 09:48:20.324,28388,28392.25,28347.25,28368.75,1212
2026-07-31 09:48:47.208,28373,28377.25,28332.25,28353.75,6747
2026-07-31 09:51:50.992,28358,28392.25,28318.75,28365.25,35950
2026-07-31 09:52:08.336,28363.75,28407.25,28362.25,28385.25,3670
2026-07-31 09:52:27.352,28381.25,28408.25,28347.25,28371,5075
2026-07-31 09:53:01.064,28374,28389.75,28332.25,28357,6361
2026-07-31 09:53:04.732,28359.75,28362.25,28317.25,28339,1659
2026-07-31 09:54:03.812,28343.25,28347.25,28302.25,28323.75,12930
2026-07-31 09:55:03.736,28328,28362.25,28294.75,28336.75,13019
2026-07-31 09:56:06.280,28334.5,28377.25,28310.5,28350,11572
2026-07-31 09:56:38.300,28348.5,28392.25,28347.25,28370,5619
2026-07-31 09:57:11.468,28366.25,28407.25,28362.25,28385.75,5991
2026-07-31 09:58:44.620,28381.5,28416,28347.25,28373,13578
2026-07-31 10:00:26.116,28375,28392,28332.25,28358,10756
2026-07-31 10:01:09.628,28360,28366,28317.25,28340.25,6309
2026-07-31 10:01:21.356,28343.75,28347.25,28302.25,28323.75,2543
2026-07-31 10:01:22.800,28328,28332.25,28287.25,28308.75,927
2026-07-31 10:02:45.616,28313,28339.75,28272.25,28299.25,14473
2026-07-31 10:04:21.652,28300.75,28311.25,28257.25,28281.75,15767
2026-07-31 10:04:58.300,28284.5,28287.25,28242.25,28264,6978
2026-07-31 10:05:20.388,28268.25,28272.25,28227.25,28248.75,5212
2026-07-31 10:06:55.348,28253,28274,28212.25,28237.75,16481
2026-07-31 10:07:13.172,28240,28242.25,28197.25,28219.25,4530
2026-07-31 10:07:27.064,28223.25,28227.25,28182.25,28203.75,3129
2026-07-31 10:07:34.040,28208,28212.25,28167.25,28188.75,2351
2026-07-31 10:08:30.668,28193,28197.25,28152.25,28173.75,12471
2026-07-31 10:08:38.368,28178,28182.25,28137.25,28158.75,3006
2026-07-31 10:10:12.312,28163,28177,28122.25,28146,18127
2026-07-31 10:10:28.068,28149.25,28152.25,28107.25,28129,4488
2026-07-31 10:11:57.472,28133,28167.25,28102,28142.5,13957
2026-07-31 10:12:23.088,28139.75,28182.25,28137.25,28160.5,5600
2026-07-31 10:13:08.132,28156.25,28192.25,28122.25,28148.25,8511
2026-07-31 10:14:02.332,28150.25,28152.25,28107.25,28129.25,8016
2026-07-31 10:16:11.748,28133.25,28163.5,28092.25,28120.25,21577
2026-07-31 10:17:21.088,28121.25,28152.25,28079.75,28126.5,12453
2026-07-31 10:18:23.956,28124.25,28167.25,28111.5,28142.5,9687
2026-07-31 10:18:45.976,28140,28182.25,28137.25,28160.5,4269
2026-07-31 10:19:00.348,28156.25,28197.25,28152.25,28175.75,2666
2026-07-31 10:19:05.416,28171.5,28212.25,28167.25,28190.75,1561
2026-07-31 10:20:37.140,28186.5,28227.25,28153.5,28198.75,16660
2026-07-31 10:22:25.072,28198,28242.25,28176,28214.5,18062
2026-07-31 10:24:15.352,28213.5,28247.75,28182.25,28206.5,15681
2026-07-31 10:24:19.380,28209.25,28212.25,28167.25,28189,1280
2026-07-31 10:27:40.916,28193.25,28227.25,28160,28202,28820
2026-07-31 10:28:02.688,28199.5,28242.25,28197.25,28220.25,3151
2026-07-31 10:29:05.664,28216.25,28257.25,28212.25,28235.75,8542
2026-07-31 10:31:20.604,28231.5,28272.25,28221,28249.25,17152
2026-07-31 10:34:02.224,28245.75,28281.75,28212.25,28238,22329
2026-07-31 10:35:27.284,28240.25,28272.25,28210.75,28248.75,10844
2026-07-31 10:36:03.384,28245.5,28287.25,28242.25,28265.5,4702
2026-07-31 10:42:05.160,28261.5,28295.75,28227.25,28253,34900
2026-07-31 10:42:18.672,28255,28257.25,28212.25,28234.25,3005
2026-07-31 10:44:00.712,28238.25,28272.25,28211.5,28248.5,11279
2026-07-31 10:46:40.212,28245.5,28287.25,28236,28264,17342
2026-07-31 10:46:47.260,28260.5,28302.25,28257.25,28280.5,1852
2026-07-31 10:48:58.608,28276.5,28317.25,28250.25,28290.25,13564
2026-07-31 10:49:30.904,28288.75,28332.25,28287.25,28310.25,4057
2026-07-31 10:55:39.212,28306.25,28347.25,28272.25,28299.5,34944
2026-07-31 10:56:06.040,28300.75,28302.25,28257.25,28279.5,3725
2026-07-31 10:56:38.200,28283.25,28317.25,28255.25,28293.25,5044
2026-07-31 10:57:30.656,28290.25,28332.25,28287.25,28310.5,4972
2026-07-31 11:09:12.412,28306.5,28342.5,28272.25,28298.25,61430
2026-07-31 11:09:31.964,28300.25,28302.25,28257.25,28279.25,2548
2026-07-31 11:11:27.500,28283.25,28287.25,28242.25,28263.75,13144
2026-07-31 11:11:41.060,28268,28272.25,28227.25,28248.75,2591
2026-07-31 11:14:16.060,28253,28287.25,28214.75,28260.5,20164
2026-07-31 11:15:30.560,28259,28302.25,28257.25,28280.25,8614
2026-07-31 11:15:30.888,28276.25,28317.25,28272.25,28295.75,671
2026-07-31 11:15:33.096,28291.5,28332.25,28287.25,28310.75,1711
2026-07-31 11:16:27.732,28306.5,28339,28272.25,28297.5,7739
2026-07-31 11:16:41.768,28300,28302.25,28257.25,28279.25,1958
2026-07-31 11:17:40.352,28283.25,28287.25,28242.25,28263.75,5736
2026-07-31 11:21:32.552,28268,28273,28227.25,28248.75,18728
2026-07-31 11:22:05.876,28253,28257.25,28212.25,28233.75,3186
2026-07-31 11:24:21.080,28238,28242.25,28197.25,28218.75,13077
2026-07-31 11:25:32.028,28223,28227.25,28182.25,28203.75,6991
2026-07-31 11:26:16.120,28208,28212.25,28167.25,28188.75,5046
2026-07-31 11:26:22.928,28193,28197.25,28152.25,28173.75,1985
2026-07-31 11:26:39.588,28178,28182.25,28137.25,28158.75,2633
2026-07-31 11:28:09.776,28163,28167.25,28122.25,28143.75,10863
2026-07-31 11:35:07.932,28148,28182.25,28115.5,28157,42376
2026-07-31 11:35:21.288,28154.5,28197.25,28152.25,28175.25,2490
2026-07-31 11:36:33.028,28171.25,28212.25,28167.25,28190.75,8099
2026-07-31 11:38:01.856,28186.5,28227.25,28182.25,28205.75,7357
2026-07-31 11:38:18.532,28201.5,28242.25,28197.25,28220.75,2472
2026-07-31 11:38:34.264,28216.5,28257.25,28212.25,28235.75,2081
2026-07-31 11:41:10.772,28231.5,28260.5,28197.25,28221.75,14779
2026-07-31 11:41:28.456,28224.5,28227.25,28182.25,28204,2521
2026-07-31 11:42:10.552,28208.25,28212.25,28167.25,28188.75,4781
2026-07-31 11:50:39.324,28193,28227.25,28163.5,28202.75,40427
2026-07-31 11:51:13.824,28200,28242.25,28197.25,28220.5,3454
2026-07-31 11:52:49.832,28216.25,28257.25,28212.25,28235.75,7915
2026-07-31 11:54:29.856,28231.5,28272.25,28227.25,28250.75,7392
2026-07-31 11:54:51.944,28246.5,28287.25,28242.25,28265.75,1860
2026-07-31 12:01:36.988,28261.5,28302.25,28251.25,28279.25,28675
2026-07-31 12:07:38.344,28275.75,28309,28242.25,28267.25,23512
2026-07-31 12:12:06.124,28269.75,28302.25,28242,28279,15163
2026-07-31 12:22:40.672,28275.75,28317.25,28256,28291.5,34278
2026-07-31 12:24:15.468,28289.5,28332.25,28287.25,28310.25,5471
2026-07-31 12:28:50.100,28306.25,28347.25,28302.25,28325.75,15715
2026-07-31 12:29:59.772,28321.5,28362.25,28317.25,28340.75,5201
2026-07-31 12:30:18.844,28336.5,28377.25,28332.25,28355.75,2743
2026-07-31 12:44:07.612,28351.5,28389,28317.25,28343.75,45916
2026-07-31 12:51:26.896,28345.5,28377.25,28308,28352,24529
2026-07-31 13:01:33.084,28349.75,28392.25,28347.25,28370.25,27365
2026-07-31 13:01:55.080,28366.25,28407.25,28362.25,28385.75,2627
2026-07-31 13:16:20.068,28381.5,28422.25,28364.25,28397.5,35683
2026-07-31 13:24:17.804,28395,28437.25,28392.25,28415.5,18359
2026-07-31 13:24:47.184,28411.25,28452.25,28407.25,28430.75,2648
2026-07-31 13:27:03.852,28426.5,28467.25,28422.25,28445.75,8596
2026-07-31 13:34:00.132,28441.5,28482.25,28437.25,28460.75,20378
2026-07-31 13:37:20.208,28456.5,28497.25,28452.25,28475.75,8579
2026-07-31 13:47:59.364,28471.5,28502.75,28437.25,28462.25,33057
2026-07-31 13:48:18.084,28464.75,28467.25,28422.25,28444,2511
2026-07-31 14:11:23.540,28448.25,28465.25,28407.25,28432,61799
2026-07-31 15:18:12.312,28434.5,28467.25,28395.25,28441,145585
2026-07-31 15:19:05.180,28439.25,28482.25,28437.25,28460.25,3632
2026-07-31 15:22:24.912,28456.25,28497.25,28452.25,28475.75,11263
2026-07-31 15:41:58.348,28471.5,28498.5,28437.25,28461,49207
2026-07-31 15:45:24.516,28464.25,28497.25,28434.25,28473.25,11783
2026-07-31 15:50:00.040,28470.25,28512.25,28467.25,28490.5,14705
2026-07-31 15:58:00.140,28486.25,28524.5,28452.25,28478.75,37950
2026-07-31 15:59:16.968,28480.5,28482.25,28437.25,28459.25,7739
2026-07-31 15:59:40.960,28463.25,28467.25,28422.25,28443.75,4298
2026-07-31 15:59:48.284,28448,28452.25,28407.25,28428.75,2089
2026-07-31 15:59:56.464,28433,28437.25,28392.25,28413.75,3320
2026-07-31 15:59:59.992,28418,28422.25,28377.25,28398.75,2777
2026-07-31 16:02:12.628,28403,28436,28362.25,28390.75,14035
2026-07-31 16:02:32.164,28391.5,28392.25,28347.25,28369.5,2269
2026-07-31 16:53:35.364,28373.5,28406,28332.25,28361,51264
2026-07-31 16:53:36.516,28361.5,28362.25,28317.25,28339.5,292
2026-07-31 16:56:34.964,28343.5,28349.5,28302.25,28324.25,4402
2026-07-31 16:59:23.920,28328.25,28332.25,28287.25,28308.75,2457
2026-07-31 16:59:39.024,28313,28317.25,28272.25,28293.75,353
2026-07-31 16:59:59.556,28298,28302.25,28266,28287.5,399
2026-08-02 18:00:00.236,28567.5,28582.5,28563.25,28574,466
2026-08-02 18:00:01.388,28563.25,28597.5,28552.5,28577.75,505
2026-08-02 18:00:01.612,28572.5,28612.5,28567.5,28591.25,166
2026-08-02 18:00:03.208,28587,28627.5,28582.5,28606,229
2026-08-02 18:00:06.000,28601.75,28627.75,28567.5,28591.25,448
2026-08-02 18:00:08.640,28594.25,28597.5,28552.5,28574.25,311
2026-08-02 18:00:36.616,28578.25,28612.5,28550,28588.25,1700
2026-08-02 18:12:51.060,28585.5,28627.5,28578.75,28604.75,19398
2026-08-02 18:58:31.176,28601.25,28642,28567.5,28594.5,33707
2026-08-02 19:09:34.148,28596,28597.5,28552.5,28574.75,10818
2026-08-02 19:33:20.032,28578.5,28612.5,28541.5,28586.25,18898
2026-08-02 19:51:08.800,28584.5,28627.5,28570.5,28602.5,15880
2026-08-02 19:54:52.388,28600,28637.75,28567.5,28593.25,8205
2026-08-02 20:15:18.044,28595.25,28627.5,28554.25,28601.25,29703
2026-08-02 20:25:29.208,28599.25,28630.25,28567.5,28591.25,9772
2026-08-02 20:28:15.528,28594.25,28597.5,28552.5,28574.25,3596
2026-08-02 20:29:00.496,28578.25,28582.5,28537.5,28559,1776
2026-08-02 20:38:56.864,28563.25,28597.5,28536.5,28573.75,12778
2026-08-02 20:48:49.232,28570.5,28612.5,28567.5,28590.75,11985
2026-08-02 21:04:12.644,28586.75,28627.5,28582.25,28606,14594
2026-08-02 21:19:50.192,28601.75,28635,28567.5,28593,14725
2026-08-02 21:42:54.548,28595.25,28627.5,28564,28603.5,20212
2026-08-02 21:58:22.016,28600.5,28642.5,28597.5,28620.75,10480
2026-08-02 22:03:15.504,28616.75,28657.5,28612.5,28636,5610
2026-08-02 22:19:52.244,28631.75,28672.5,28627.5,28651,13158
2026-08-02 23:50:32.464,28646.75,28687.5,28634.5,28664,51767
2026-08-03 01:15:42.052,28660.75,28698.25,28627.5,28653.5,41163
2026-08-03 02:40:46.728,28655.5,28661.25,28612.5,28635.5,41087
2026-08-03 02:49:15.908,28639,28642.5,28597.5,28619,4886
2026-08-03 02:55:48.056,28623.25,28627.5,28582.5,28604,4463
2026-08-03 03:02:22.148,28608.25,28612.5,28567.5,28589,6454
2026-08-03 03:09:18.104,28593.25,28627.5,28562.75,28602.75,7314
2026-08-03 03:41:42.572,28600,28635.25,28567.5,28592.5,26242
2026-08-03 04:03:01.396,28595,28597.5,28552.5,28574.5,14578
2026-08-03 04:03:57.064,28578.5,28582.5,28537.5,28559,1683
2026-08-03 04:08:09.780,28563.25,28567.5,28522.5,28544,5121
2026-08-03 04:20:14.300,28548.25,28568,28507.5,28532.75,12259
2026-08-03 04:23:59.536,28535.25,28537.5,28492.5,28514.5,4261
2026-08-03 04:27:10.936,28518.5,28522.5,28477.5,28499,3124
2026-08-03 04:39:36.364,28503.25,28537.5,28472,28512.5,13305
2026-08-03 04:42:25.104,28510,28552.5,28507.5,28530.75,2169
2026-08-03 04:55:16.740,28526.5,28567.5,28522.5,28546,9283
2026-08-03 04:56:09.908,28541.75,28582.5,28537.5,28561,1321
2026-08-03 05:00:01.296,28556.75,28597.5,28552.5,28576,3684
2026-08-03 05:50:59.620,28571.75,28601.5,28537.5,28562,31179
2026-08-03 05:53:30.712,28564.75,28567.5,28522.5,28544.25,1876
2026-08-03 06:21:19.188,28548.5,28566,28507.5,28532.25,16595
2026-08-03 06:24:40.256,28535,28537.5,28492.5,28514.25,3433
2026-08-03 07:06:38.236,28518.5,28547.75,28477.5,28505.25,29652
2026-08-03 07:38:55.704,28506.5,28513.5,28462.5,28486.25,28213
2026-08-03 07:48:19.972,28489.25,28492.5,28447.5,28469.25,9451
2026-08-03 07:51:19.992,28473.25,28477.5,28432.5,28454,4722
2026-08-03 07:53:23.608,28458.25,28462.5,28417.5,28439,2749
2026-08-03 08:00:49.508,28443.25,28447.5,28402.5,28424,9218
2026-08-03 08:06:03.124,28428.25,28432.5,28387.5,28409,7634
2026-08-03 08:20:59.708,28413.25,28447.5,28382.75,28422.75,19437
2026-08-03 08:31:39.384,28420,28462.5,28417.5,28440.75,12859
2026-08-03 08:43:20.036,28436.5,28477.5,28432.5,28456,12656
2026-08-03 09:18:45.268,28451.75,28492.5,28439,28469,53149
2026-08-03 09:26:08.924,28465.75,28496.5,28432.5,28456.75,13136
2026-08-03 09:27:11.404,28459.75,28462.5,28417.5,28439.25,3333
2026-08-03 09:27:46.180,28443.5,28447.5,28402.5,28424,3188
2026-08-03 09:30:03.932,28428.25,28436.25,28387.5,28409.75,11681
2026-08-03 09:30:51.904,28413.75,28429.5,28372.5,28397,10003
2026-08-03 09:30:59.404,28399.75,28402.5,28357.5,28379.25,2388
2026-08-03 09:31:16.180,28383.5,28387.5,28342.5,28364,5761
2026-08-03 09:32:06.188,28368.25,28372.5,28327.5,28349,8938
2026-08-03 09:34:05.884,28353.25,28387.5,28313,28360.25,23347
2026-08-03 09:34:39.012,28359,28402.5,28357.5,28380.25,7558
2026-08-03 09:35:15.632,28376.5,28417.5,28365,28394,8269
2026-08-03 09:35:36.560,28390.75,28432.5,28387.5,28410.75,5042
2026-08-03 09:35:37.400,28406.75,28447.5,28402.5,28426,860
2026-08-03 09:35:44.032,28421.75,28462.5,28417.5,28441,2874
2026-08-03 09:36:39.144,28436.75,28477.5,28432.5,28456,13009
2026-08-03 09:36:49.952,28451.75,28492.5,28447.5,28471,2672
2026-08-03 09:37:00.244,28466.75,28507.5,28462.5,28486,2708
2026-08-03 09:37:08.072,28481.75,28522.5,28477.5,28501,3173
2026-08-03 09:37:14.888,28496.75,28537.5,28492.5,28516,2524
2026-08-03 09:38:09.060,28511.75,28540.25,28477.5,28501.75,14464
2026-08-03 09:40:17.216,28504.75,28522.25,28462.5,28488,25383
2026-08-03 09:40:31.284,28490.25,28492.5,28447.5,28469.5,3688
2026-08-03 09:42:15.108,28473.5,28492.5,28432.5,28457.75,18703
2026-08-03 09:43:02.056,28460,28462.5,28417.5,28439.5,8518
2026-08-03 09:44:26.368,28443.5,28477.5,28416,28453.5,8662
2026-08-03 09:44:52.260,28450.5,28492.5,28447.5,28470.75,3301
2026-08-03 09:45:01.476,28466.75,28507.5,28462.5,28486,1587
2026-08-03 09:45:04.824,28481.75,28522.5,28477.5,28501,1287
2026-08-03 09:46:44.580,28496.75,28527,28462.5,28487.25,13747
2026-08-03 09:46:58.268,28489.75,28492.5,28447.5,28469.25,2220
2026-08-03 09:48:01.056,28473.5,28507.5,28443.75,28483,8971
2026-08-03 09:48:46.144,28480.25,28522.5,28477.5,28500.75,7212
2026-08-03 09:48:50.944,28496.5,28537.5,28492.5,28516,1599
2026-08-03 09:49:57.212,28511.75,28539,28477.5,28501.5,11680
2026-08-03 09:50:05.104,28504.5,28507.5,28462.5,28484.25,1816
2026-08-03 09:53:58.056,28488.25,28522.5,28455,28497,25382
2026-08-03 09:55:27.136,28494.75,28537.5,28492.5,28515.5,12465
2026-08-03 09:55:30.532,28511.5,28552.5,28507.5,28531,2372
2026-08-03 09:56:02.644,28526.75,28567.5,28522.5,28546,6694
2026-08-03 09:57:45.644,28541.75,28582.5,28537.5,28561,16019
2026-08-03 09:58:34.400,28556.75,28597.5,28552.5,28576,5324
2026-08-03 09:59:46.664,28571.75,28612.5,28567.5,28591,7127
2026-08-03 09:59:57.524,28586.75,28627.5,28582.5,28606,1470
2026-08-03 10:02:17.112,28601.75,28630,28567.5,28591.75,17610
2026-08-03 10:04:04.308,28594.5,28611.25,28552.5,28577.75,17899
2026-08-03 10:04:15.344,28580,28582.5,28537.5,28559.5,3543
2026-08-03 10:10:29.232,28563.5,28597.5,28525,28570.75,51924
2026-08-03 10:12:19.660,28569.25,28612.5,28567.5,28590.5,11658
2026-08-03 10:18:41.996,28586.5,28627.5,28555.5,28599.25,47535
2026-08-03 10:21:44.324,28598.25,28642.5,28597.5,28620.25,23458
2026-08-03 10:22:02.984,28616.25,28657.5,28612.5,28636,3320
2026-08-03 10:25:03.660,28631.75,28672.5,28627.5,28651,21739
2026-08-03 10:33:12.376,28646.75,28687.5,28635,28664.25,50749
2026-08-03 10:36:01.520,28660.75,28702.5,28657.5,28680.75,13925
2026-08-03 10:37:19.816,28676.75,28717.5,28672.5,28696,9558
2026-08-03 10:41:08.168,28691.75,28732.5,28687.5,28711,21005
2026-08-03 10:50:24.548,28706.75,28747.5,28699.5,28725.25,49479
2026-08-03 10:51:38.296,28721.5,28762.5,28717.5,28741,8762
2026-08-03 10:51:52.840,28736.75,28777.5,28732.5,28756,3404
2026-08-03 10:53:41.356,28751.75,28792.5,28747.5,28771,11456
2026-08-03 11:28:34.320,28766.75,28805,28732.5,28759.25,150168
2026-08-03 11:45:25.956,28760.75,28792.5,28723.25,28767.25,65972
2026-08-03 11:53:56.288,28765,28807.5,28762.5,28785.5,22878
2026-08-03 12:04:15.760,28781.5,28822.5,28777.5,28801,35871
2026-08-03 12:17:46.296,28796.75,28837.5,28792.5,28816,35857
2026-08-03 13:10:49.448,28811.75,28852.5,28807.5,28831,113844
2026-08-03 13:18:38.476,28826.75,28867.5,28822.5,28846,18373
2026-08-03 13:27:08.388,28841.75,28882.5,28837.5,28861,19293
2026-08-03 13:47:41.152,28856.75,28897.5,28852.5,28876,37992
2026-08-03 13:55:39.636,28871.75,28912.5,28867.5,28891,14984
2026-08-03 14:00:29.476,28886.75,28927.5,28882.5,28906,14415
2026-08-03 14:04:15.676,28901.75,28942.5,28897.5,28921,13259
2026-08-03 14:05:21.800,28916.75,28957.5,28912.5,28936,6718
2026-08-03 14:27:14.548,28931.75,28965,28897.5,28923,66439
2026-08-03 14:36:50.680,28925.25,28927.5,28882.5,28904.5,29545
2026-08-03 15:01:34.712,28908.5,28942.5,28882.25,28919,62529
2026-08-03 15:55:06.924,28915.75,28943.75,28882.5,28906,129631
2026-08-03 15:56:21.768,28909.25,28912.5,28867.5,28889.25,6542
2026-08-03 16:15:23.516,28893.25,28927.5,28865.75,28903.5,48027
2026-08-03 16:59:59.984,28900.5,28942.5,28897.5,28917.5,21458
2026-08-03 18:08:01.908,28930,28945,28918,28934.5,6403
2026-08-03 18:40:15.040,28924.75,28960,28915,28940,16791
2026-08-03 20:04:02.780,28935,28975,28929.5,28953.5,49689
2026-08-03 20:15:30.216,28949.25,28979,28915,28939.5,16628
2026-08-03 20:30:16.824,28942.25,28945,28900,28921.75,18351
2026-08-03 20:34:48.004,28926,28930,28885,28906.5,6244
2026-08-03 20:42:08.864,28910.75,28915,28870,28891.5,10085
2026-08-03 21:00:51.632,28895.75,28909,28855,28878.75,26058
2026-08-03 21:03:37.852,28881.75,28885,28840,28861.75,6422
2026-08-03 21:29:02.216,28865.75,28900,28831.5,28874.25,29244
2026-08-03 21:30:39.952,28872.25,28915,28870,28893,2826
2026-08-03 21:35:33.088,28889,28930,28885,28908.5,6493
2026-08-03 21:45:14.024,28904.25,28945,28900,28923.5,11653
2026-08-03 21:46:28.152,28919.25,28960,28915,28938.5,2628
2026-08-03 21:51:30.056,28934.25,28975,28930,28953.5,5223
2026-08-03 21:51:41.120,28949.25,28990,28945,28968.5,1087
2026-08-03 21:51:52.000,28964.25,29005,28960,28983.5,2088
2026-08-03 21:53:04.676,28979.25,29020,28975,28998.5,3199
2026-08-03 21:53:31.708,28994.25,29035,28990,29013.5,1994
2026-08-03 22:10:34.620,29009.25,29049.25,28975,29002.25,26541
2026-08-03 22:17:28.668,29003.5,29005,28960,28982.25,9754
2026-08-03 22:21:43.400,28986,28990,28945,28966.5,6457
2026-08-03 23:58:53.656,28970.75,29005,28930,28977.75,81643
2026-08-04 00:53:58.440,28976.25,29020,28968.5,28996.25,26314
2026-08-04 01:30:29.972,28993,29035,28978.5,29010.5,21359
2026-08-04 01:35:34.104,29007.75,29050,29005,29028.25,3932
2026-08-04 01:36:52.132,29024,29065,29020,29043.5,2274
2026-08-04 02:00:20.072,29039.25,29080,29035,29058.5,13210
2026-08-04 02:23:50.964,29054.25,29095,29050,29073.5,12837
2026-08-04 03:31:55.296,29069.25,29110,29037.25,29081.75,45785
2026-08-04 04:16:45.692,29080.75,29125,29065.75,29099.25,30271
2026-08-04 04:34:30.008,29097,29132.25,29065,29089.75,12102
2026-08-04 04:46:08.248,29092.5,29095,29050,29071.75,7550
2026-08-04 05:06:14.344,29076,29080,29035,29056.5,13626
2026-08-04 05:09:01.484,29060.75,29065,29020,29041.5,2511
2026-08-04 05:40:31.316,29045.75,29080,29007.5,29053.25,19565
2026-08-04 06:08:45.876,29051.75,29095,29050,29073,15804
2026-08-04 06:12:10.440,29069,29110,29065,29088.5,2372
2026-08-04 06:44:39.536,29084.25,29125,29073.5,29102,23606
2026-08-04 06:45:30.484,29098.5,29140,29095,29118.25,3296
2026-08-04 07:20:13.920,29114.25,29155,29103.75,29132,33393
2026-08-04 07:28:50.296,29128.5,29170,29125,29148.25,7797
2026-08-04 07:43:31.732,29144.25,29185,29140,29163.5,11929
2026-08-04 07:43:54.376,29159.25,29200,29155,29178.5,3048
2026-08-04 07:49:54.904,29174.25,29215,29170,29193.5,12353
2026-08-04 07:51:31.124,29189.25,29230,29185,29208.5,2884
2026-08-04 07:52:51.020,29204.25,29245,29200,29223.5,3136
2026-08-04 09:20:50.640,29219.25,29260,29185,29231,90648
2026-08-04 09:20:50.980,29230.5,29275,29230,29252.75,827
2026-08-04 09:30:04.464,29248.75,29284,29215,29240.75,32052
2026-08-04 09:30:30.064,29242.75,29275,29208,29250.25,8416
2026-08-04 09:30:38.172,29247.5,29290,29245,29268.25,3039
2026-08-04 09:31:00.444,29264,29305,29260,29283.5,6482
2026-08-04 09:32:00.544,29279.25,29320,29275,29298.5,12083
2026-08-04 09:32:10.432,29294.25,29335,29290,29313.5,3621
2026-08-04 09:33:26.272,29309.25,29350,29305,29328.5,13731
2026-08-04 09:33:50.252,29324.25,29365,29320,29343.5,5292
2026-08-04 09:34:55.736,29339.25,29380,29335,29358.5,12955
2026-08-04 09:35:09.532,29354.25,29395,29350,29373.5,5989
2026-08-04 09:35:35.480,29369.25,29410,29365,29388.5,6187
2026-08-04 09:41:09.480,29384.25,29425,29352.5,29396.75,77148
2026-08-04 09:42:28.192,29395.75,29440,29395,29417.75,14142
2026-08-04 09:45:16.772,29413.75,29455,29393.5,29429.25,33999
2026-08-04 09:50:05.316,29427.25,29470,29425,29448,43427
2026-08-04 09:50:05.560,29444,29485,29440,29463.5,1176
2026-08-04 09:51:22.480,29459.25,29500,29455,29478.5,15836
2026-08-04 09:56:25.212,29474.25,29504.5,29440,29464.75,41288
2026-08-04 10:05:13.716,29467.25,29500,29425,29473,69098
2026-08-04 10:05:16.080,29471.5,29515,29470,29493,1597
2026-08-04 10:08:42.072,29489,29530,29485,29508.5,24426
2026-08-04 10:15:17.384,29504.25,29545,29500,29523.5,38724
2026-08-04 10:23:20.700,29519.25,29546.25,29485,29509,56281
2026-08-04 10:27:56.544,29512,29545,29482.25,29521,32803
2026-08-04 10:29:27.228,29518,29560,29515,29538.25,12895
2026-08-04 10:38:20.496,29534.25,29575,29519.25,29550.75,57113
2026-08-04 11:09:40.012,29548,29590,29515,29560.75,125425
2026-08-04 11:12:11.320,29560.25,29605,29560,29582.5,11337
2026-08-04 11:13:21.044,29578.75,29620,29575,29598.5,6817
2026-08-04 11:19:40.364,29594.25,29635,29590,29613.5,25574
2026-08-04 11:22:01.904,29609.25,29650,29605,29628.5,10837
2026-08-04 11:38:32.560,29624.25,29665,29620,29643.5,69518
2026-08-04 11:39:19.180,29639.25,29680,29635,29658.5,9609
2026-08-04 11:52:25.908,29654.25,29695,29650,29673.5,41901
2026-08-04 12:20:37.776,29669.25,29710,29660.75,29687.5,82987
2026-08-04 12:34:05.412,29683.75,29725,29680,29703.5,36847
2026-08-04 12:48:10.692,29699.25,29740,29695,29718.5,37792
2026-08-04 13:00:25.912,29714.25,29755,29710,29733.5,27634
2026-08-04 13:01:09.372,29729.25,29770,29725,29748.5,6300
2026-08-04 13:05:18.312,29744.25,29785,29740,29763.5,17140
2026-08-04 13:15:01.088,29759.25,29800,29755,29778.5,34550
2026-08-04 13:26:02.480,29774.25,29815,29770,29793.5,33515
2026-08-04 13:37:00.076,29789.25,29830,29785,29808.5,35153
2026-08-04 13:38:33.844,29804.25,29845,29800,29823.5,7658
2026-08-04 13:42:59.912,29819.25,29860,29815,29838.5,14499
2026-08-04 13:45:04.336,29834.25,29875,29830,29853.5,7366
2026-08-04 13:48:15.508,29849.25,29890,29845,29868.5,12564
2026-08-04 14:00:24.524,29864.25,29898.25,29830,29855.75,52062
2026-08-04 14:00:34.916,29857.75,29860,29815,29837,3031
2026-08-04 14:22:38.276,29841,29875,29809.5,29850,81215
2026-08-04 14:30:55.564,29847.5,29890,29845,29868.25,21076
2026-08-04 15:01:01.936,29864,29905,29840,29878.5,82855
2026-08-04 15:01:33.840,29876.75,29920,29875,29898,4750
2026-08-04 15:11:53.488,29894,29935,29890,29913.5,30198
2026-08-04 15:44:14.116,29909.25,29950,29888.5,29924.5,88242
2026-08-04 15:52:22.248,29922.25,29956.5,29890,29914.75,33517
2026-08-04 15:54:41.016,29917.25,29920,29875,29896.75,14552
2026-08-04 15:56:11.864,29901,29905,29860,29881.5,11219
2026-08-04 16:05:34.048,29885.75,29920,29847.5,29893.25,52060
2026-08-04 16:06:15.088,29891.75,29935,29890,29913,3012
2026-08-04 16:15:05.012,29909,29949.5,29875,29902,18962
2026-08-04 16:15:05.032,29903.5,29905,29860,29882.25,290
2026-08-04 16:15:05.204,29886,29890,29845,29866.5,255
2026-08-04 16:15:07.012,29870.75,29875,29830,29851.5,437
2026-08-04 16:15:09.132,29855.75,29860,29815,29836.5,393
2026-08-04 16:15:50.496,29840.75,29871,29800,29828,4200
2026-08-04 16:16:25.484,29829,29831,29785,29807.5,3946
2026-08-04 16:16:33.760,29811.25,29815,29770,29791.5,1187
2026-08-04 16:18:19.532,29795.75,29830,29757.75,29803.5,9670
2026-08-04 16:19:31.344,29801.75,29831.25,29770,29793.25,3735
2026-08-04 16:23:08.760,29796.5,29830,29761.75,29804.5,9740
2026-08-04 16:35:10.592,29802.25,29838.5,29770,29795.25,18932
2026-08-04 16:59:59.936,29797.5,29827,29764.5,29802,24738
2026-08-04 18:00:04.312,29781.25,29796.25,29778.25,29788,389
2026-08-04 18:00:20.660,29777.25,29811.25,29766.25,29791.5,403
2026-08-04 18:07:09.852,29786.25,29826.25,29775.5,29803.5,6133
2026-08-04 18:20:11.480,29800,29841.25,29796.25,29819.75,7527
2026-08-04 19:46:56.524,29815.5,29856.25,29793,29830.25,56808
2026-08-04 20:30:39.260,29828.25,29871.25,29818.75,29847.25,39788
2026-08-04 21:17:12.124,29844.25,29877.5,29811.25,29836,50144
2026-08-04 21:48:20.588,29838.75,29871.25,29796.75,29844.5,32574
2026-08-04 21:57:40.916,29842.75,29886.25,29841.25,29864.25,7160
2026-08-05 00:40:15.012,29860.25,29901.25,29842.25,29876.25,80764
2026-08-05 00:58:08.616,29873.75,29916.25,29871.25,29894.25,8891
2026-08-05 01:06:40.744,29890.25,29931.25,29886.25,29909.75,6841
2026-08-05 01:24:01.976,29905.5,29946.25,29901.25,29924.75,7472
2026-08-05 01:51:04.432,29920.5,29961.25,29916.25,29939.75,14441
2026-08-05 01:54:42.548,29935.5,29976.25,29931.25,29954.75,3281
2026-08-05 03:27:15.584,29950.5,29990.75,29916.25,29943.5,61898
2026-08-05 03:30:40.420,29944.75,29946.25,29901.25,29923.5,3957
2026-08-05 03:35:38.848,29927.25,29931.25,29886.25,29907.75,4704
2026-08-05 04:12:26.044,29912,29926,29871.25,29895.25,26208
2026-08-05 04:14:32.012,29898.25,29901.25,29856.25,29878,3267
2026-08-05 04:21:47.732,29882,29886.25,29841.25,29862.75,7715
2026-08-05 04:24:46.600,29867,29871.25,29826.25,29847.75,3446
2026-08-05 04:30:30.248,29852,29856.25,29811.25,29832.75,6275
2026-08-05 05:32:07.296,29837,29871.25,29796.75,29844,52472
2026-08-05 05:38:21.492,29842.75,29886.25,29841.25,29864,3473
2026-08-05 07:02:48.704,29860.25,29901.25,29833,29874,52080
2026-08-05 07:09:21.172,29872.5,29916.25,29871.25,29894,7140
2026-08-05 07:35:41.432,29890.25,29931.25,29886.25,29909.75,19949
2026-08-05 08:35:54.720,29905.5,29946.25,29888.5,29921.5,62956
2026-08-05 09:28:19.816,29919,29961.25,29895.75,29934.25,64078
2026-08-05 09:29:58.596,29932.75,29976.25,29931.25,29954.25,6225
2026-08-05 09:30:18.476,29950.25,29991.25,29946.25,29969.75,8009
2026-08-05 09:34:37.056,29965.5,30006.25,29935,29978.25,67772
2026-08-05 09:35:52.440,29977.25,30021.25,29976.25,29999,16201
2026-08-05 09:36:22.896,29995,30023,29961.25,29985.25,10114
2026-08-05 09:36:25.592,29988.25,29991.25,29946.25,29968,2220
2026-08-05 09:36:31.064,29972,29976.25,29931.25,29952.75,2734
2026-08-05 09:36:37.384,29957,29961.25,29916.25,29937.75,3451
2026-08-05 09:38:15.996,29942,29976.25,29909.5,29951,26043
2026-08-05 09:38:30.208,29948.5,29991.25,29946.25,29969.25,4371
2026-08-05 09:39:52.952,29965.25,30006.25,29948,29981.5,19998
2026-08-05 09:39:54.716,29978.75,30021.25,29976.25,29999.5,2075
2026-08-05 09:40:23.172,29995.25,30036.25,29980.5,30012,11097
2026-08-05 09:43:59.232,30009.25,30051.25,29982.25,30023.5,40975
2026-08-05 09:45:08.580,30022.25,30066.25,30021.25,30044,9952
2026-08-05 09:50:11.960,30040.25,30073.25,30006.25,30031.5,50327
2026-08-05 09:52:31.748,30033.75,30036.25,29991.25,30013.25,29937
2026-08-05 09:54:29.576,30017.25,30037,29976.25,30001.75,20386
2026-08-05 09:58:27.716,30004,30036.25,29966.75,30010.75,33032
2026-08-05 09:58:56.240,30008.5,30051.25,30006.25,30029.25,3703
2026-08-05 10:00:00.136,30025.25,30058.75,29991.25,30016.75,7142
2026-08-05 10:01:28.392,30019,30034.5,29976.25,30001.5,15310
2026-08-05 10:01:32.096,30003.75,30006.25,29961.25,29983.25,1603
2026-08-05 10:02:06.624,29987.25,29991.25,29946.25,29967.75,6996
2026-08-05 10:02:16.352,29972,29976.25,29931.25,29952.75,3439
2026-08-05 10:05:24.724,29957,29991.25,29918,29964.25,41769
2026-08-05 10:05:26.196,29962.75,30006.25,29961.25,29984.25,1124
2026-08-05 10:09:18.252,29980.25,30021.25,29957.75,29995,40308
2026-08-05 10:20:04.324,29993.25,30031,29961.25,29986.75,81901
2026-08-05 10:20:11.260,29989,29991.25,29946.25,29968.25,2505
2026-08-05 10:22:32.228,29972.25,29978.75,29931.25,29953.25,21926
2026-08-05 10:23:19.448,29957.25,29961.25,29916.25,29937.75,7742
2026-08-05 10:23:20.552,29942,29946.25,29901.25,29922.75,1387
2026-08-05 10:24:29.476,29927,29961.25,29901,29937.5,15106
2026-08-05 10:25:32.536,29934.5,29976.25,29931.25,29954.5,9892
2026-08-05 10:29:51.940,29950.5,29989.75,29916.25,29943.25,36587
2026-08-05 10:30:05.456,29944.75,29946.25,29901.25,29923.25,3773
2026-08-05 10:30:22.644,29927.25,29931.25,29886.25,29907.75,5566
2026-08-05 10:30:47.628,29912,29916.25,29871.25,29892.75,5963
2026-08-05 10:32:25.248,29897,29902.5,29856.25,29878,19107
2026-08-05 10:38:12.740,29882,29914.75,29841.25,29869.75,53051
2026-08-05 10:41:09.132,29870.5,29878.75,29826.25,29850.5,27158
2026-08-05 10:48:47.476,29853.25,29886.25,29824.75,29862.75,60063
2026-08-05 10:49:50.376,29859.5,29901.25,29856.25,29879.5,8126
2026-08-05 10:52:22.572,29875.5,29907.5,29841.25,29866.25,21909
2026-08-05 10:52:26.840,29868.75,29871.25,29826.25,29848.25,1755
2026-08-05 10:53:42.176,29852.25,29856.25,29811.25,29832.75,9810
2026-08-05 10:53:43.864,29837,29841.25,29796.25,29817.75,2786
2026-08-05 10:57:26.352,29822,29856.25,29787.75,29830.5,33462
2026-08-05 11:00:38.164,29828.5,29871.25,29826.25,29849.25,20364
2026-08-05 11:11:02.744,29845.25,29886.25,29825,29860.75,59962
2026-08-05 11:15:47.780,29858.5,29891,29826.25,29850.5,25367
2026-08-05 11:16:03.000,29853.25,29856.25,29811.25,29833,2981
2026-08-05 11:18:07.632,29837.25,29841.25,29796.25,29817.75,11857
2026-08-05 11:18:07.864,29822,29826.25,29781.25,29802.75,1049
2026-08-05 11:18:09.380,29807,29811.25,29766.25,29787.75,1783
2026-08-05 11:19:39.260,29792,29826.25,29762.25,29801.75,14869
2026-08-05 11:21:04.940,29799,29841.25,29796.25,29819.5,8325
2026-08-05 11:31:35.196,29815.25,29856.25,29793.75,29830.5,49580
2026-08-05 11:45:35.328,29828.25,29861.75,29796.25,29820.75,52529
2026-08-05 11:51:31.200,29823.5,29826.25,29781.25,29803,22378
2026-08-05 11:55:27.112,29807.25,29811.25,29766.25,29787.75,15386
2026-08-05 11:56:21.472,29792,29796.25,29751.25,29772.75,4109
2026-08-05 11:57:11.076,29777,29781.25,29736.25,29757.75,7077
2026-08-05 11:57:16.140,29762,29766.25,29721.25,29742.75,2044
2026-08-05 12:09:01.840,29747,29767.75,29706.25,29731.75,62129
2026-08-05 12:20:37.452,29734,29766.25,29701.75,29742,45073
2026-08-05 12:21:02.132,29739.25,29781.25,29736.25,29759.5,3202
2026-08-05 12:21:58.776,29755.25,29796.25,29751.25,29774.75,5976
2026-08-05 12:27:01.344,29770.5,29811.25,29753.5,29786.75,22347
2026-08-05 12:29:22.200,29784,29826.25,29781.25,29804.5,9674
2026-08-05 13:06:11.056,29800.25,29840,29766.25,29793.25,113368
2026-08-05 13:10:06.276,29794.75,29796.25,29751.25,29773.25,13480
2026-08-05 13:31:29.396,29777.25,29784.5,29736.25,29758.5,58835
2026-08-05 15:00:05.180,29762.5,29786.25,29721.25,29747.75,168040
2026-08-05 15:44:29.532,29749.5,29780,29706.25,29735.5,95563
2026-08-05 15:46:53.108,29736,29736.25,29691.25,29713.75,8550
2026-08-05 15:56:31.144,29717.5,29733,29676.25,29700.75,32679
2026-08-05 15:59:03.016,29703.5,29706.25,29661.25,29683,11097
2026-08-05 15:59:32.632,29687.25,29691.25,29646.25,29667.75,4231
2026-08-05 15:59:40.300,29672,29676.25,29631.25,29652.75,2165
2026-08-05 15:59:45.008,29657,29661.25,29616.25,29637.75,2074
2026-08-05 15:59:52.720,29642,29646.25,29601.25,29622.75,4224
2026-08-05 16:00:33.072,29627,29631.25,29586.25,29607.75,10421
2026-08-05 16:02:01.152,29612,29616.25,29571.25,29592.75,8746
2026-08-05 16:02:08.252,29597,29601.25,29556.25,29577.75,1306
2026-08-05 16:05:01.632,29582,29609.25,29541.25,29568.5,11471
2026-08-05 16:13:13.636,29569.75,29601.25,29530.75,29575.75,22599
2026-08-05 16:14:07.784,29573.5,29616.25,29571.25,29594.25,2066
2026-08-05 16:59:59.740,29590.25,29618.5,29560,29591,32377
2026-08-05 18:00:00.032,29576,29576,29561,29568.5,104
2026-08-05 18:22:57.308,29579.75,29621,29560,29595.5,15581
2026-08-05 18:23:29.264,29593.25,29636,29591,29614,1168
2026-08-05 18:32:40.476,29610,29651,29606,29629.5,7097
2026-08-05 18:33:33.156,29625.25,29666,29621,29644.5,2221
2026-08-05 19:32:50.540,29640.25,29678.75,29606,29632.75,39931
2026-08-05 19:32:57.152,29634.5,29636,29591,29613,1151
2026-08-05 19:37:33.380,29617,29621,29576,29597.5,7144
2026-08-05 20:00:22.932,29601.75,29608.25,29561,29583,18767
2026-08-05 20:52:06.144,29587,29608.75,29546,29572,65800
2026-08-05 21:00:19.740,29574,29576,29531,29553,7684
2026-08-05 21:01:19.868,29557,29561,29516,29537.5,3274
2026-08-05 21:15:26.660,29541.75,29546,29501,29522.5,18252
2026-08-05 21:20:36.020,29526.75,29531,29486,29507.5,5640
2026-08-05 21:25:40.264,29511.75,29516,29471,29492.5,6030
2026-08-05 21:26:15.752,29496.75,29501,29456,29477.5,1981
2026-08-05 21:48:53.864,29481.75,29516,29454.25,29492,26771
2026-08-05 22:10:26.080,29489,29531,29486,29509.25,19566
2026-08-05 22:11:50.668,29505,29546,29501,29524.5,2510
2026-08-05 22:20:47.064,29520.25,29561,29516,29539.5,10237
2026-08-05 22:24:01.208,29535.25,29576,29531,29554.5,3264
2026-08-05 22:41:56.788,29550.25,29591,29529.25,29565.5,17789
2026-08-05 22:43:59.928,29563.25,29606,29561,29584,2972
2026-08-05 23:24:10.160,29580,29621,29546,29573.25,28590
2026-08-05 23:32:16.380,29574.75,29576,29531,29553.25,6672
2026-08-06 00:25:00.416,29557,29591,29522.75,29565.5,34568
2026-08-06 02:09:35.312,29563.25,29600.5,29531,29556.5,50222
2026-08-06 02:13:47.992,29558.75,29561,29516,29538,2779
2026-08-06 02:14:17.196,29542,29546,29501,29522.5,1404
2026-08-06 02:19:25.020,29526.75,29531,29486,29507.5,4478
2026-08-06 02:28:28.316,29511.75,29546,29484,29522,6982
2026-08-06 03:13:46.552,29519,29561,29486.25,29531.75,28022
2026-08-06 03:53:27.844,29531.5,29564,29501,29524.25,21488
2026-08-06 04:03:46.488,29527.75,29531,29486,29507.75,6945
2026-08-06 04:04:09.392,29511.75,29516,29471,29492.5,1115
2026-08-06 04:10:31.572,29496.75,29511.25,29456,29480,7639
2026-08-06 04:30:42.076,29483,29516,29444.25,29489.75,17100
2026-08-06 04:34:15.316,29488,29531,29486,29509,2334
2026-08-06 05:04:10.520,29505,29532.75,29471,29495,18904
2026-08-06 05:08:11.220,29498,29501,29456,29477.75,2934
2026-08-06 05:10:56.540,29481.75,29486,29441,29462.5,2221
2026-08-06 05:47:14.012,29466.75,29501,29437.75,29476.5,18316
2026-08-06 05:55:33.172,29473.75,29516,29471,29494.25,3910
2026-08-06 06:02:40.132,29490,29531,29486,29509.5,4264
2026-08-06 06:45:27.524,29505.25,29537.5,29471,29496.25,21316
2026-08-06 07:00:14.264,29498.5,29501,29456,29478,10219
2026-08-06 07:00:18.096,29482,29486,29441,29462.5,792
2026-08-06 07:00:39.268,29466.75,29471,29426,29447.5,1624
2026-08-06 07:01:47.304,29451.75,29456,29411,29432.5,3548
2026-08-06 07:03:52.500,29436.75,29441,29396,29417.5,4683
2026-08-06 07:04:11.416,29421.75,29426,29381,29402.5,1294
2026-08-06 07:07:24.808,29406.75,29411,29366,29387.5,6628
2026-08-06 07:15:10.860,29391.75,29426,29364.75,29402,10738
2026-08-06 07:17:20.160,29399,29441,29396,29419.25,2764
2026-08-06 07:18:30.304,29415.25,29456,29411,29434.5,1561
2026-08-06 07:29:48.940,29430.25,29471,29426,29449.5,10132
2026-08-06 07:30:55.112,29445.25,29486,29441,29464.5,2425
2026-08-06 07:31:08.660,29460.25,29501,29456,29479.5,878
2026-08-06 07:51:30.112,29475.25,29516,29441,29468.25,23472
2026-08-06 08:02:22.284,29469.75,29476.5,29426,29449.5,13944
2026-08-06 08:13:03.128,29452.75,29456,29411,29432.75,12088
2026-08-06 08:17:28.672,29436.75,29441,29396,29417.5,4656
2026-08-06 08:36:02.464,29421.75,29456,29388.25,29430.5,22124
2026-08-06 08:56:40.940,29428.25,29462.75,29396,29420.75,24106
2026-08-06 09:00:45.116,29423.25,29426,29381,29402.75,7023
2026-08-06 09:07:24.224,29407,29411,29366,29387.5,13158
2026-08-06 09:14:39.344,29391.75,29396,29351,29372.5,13751
2026-08-06 09:25:01.212,29376.75,29381,29336,29357.5,20818
2026-08-06 09:31:00.396,29361.75,29371,29321,29343.75,28240
2026-08-06 09:31:31.696,29347.25,29355,29306,29328.5,10072
2026-08-06 09:32:03.444,29332.25,29336,29291,29312.5,8697
2026-08-06 09:32:10.876,29316.75,29321,29276,29297.5,3199
2026-08-06 09:33:00.364,29301.75,29306,29261,29282.5,10762
2026-08-06 09:33:04.660,29286.75,29291,29246,29267.5,2321
2026-08-06 09:34:39.500,29271.75,29306,29241,29281.25,21512
2026-08-06 09:34:47.892,29278.5,29321,29276,29299.25,2301
2026-08-06 09:34:49.100,29295,29336,29291,29314.5,891
2026-08-06 09:35:01.068,29310.25,29351,29306,29329.5,4122
2026-08-06 09:35:02.820,29325.25,29366,29321,29344.5,1516
2026-08-06 09:36:02.400,29340.25,29381,29322,29356,18008
2026-08-06 09:36:16.920,29353.5,29396,29351,29374.25,6138
2026-08-06 09:36:28.064,29370,29411,29366,29389.5,3040
2026-08-06 09:37:03.520,29385.25,29426,29381,29404.5,8981
2026-08-06 09:37:33.188,29400.25,29441,29396,29419.5,7561
2026-08-06 09:40:01.628,29415.25,29448.75,29381,29406.5,27207
2026-08-06 09:40:41.920,29408.75,29441,29376,29416.75,9739
2026-08-06 09:41:05.268,29413.75,29456,29411,29434.25,5763
2026-08-06 09:44:19.704,29430,29471,29412.5,29446.25,36835
2026-08-06 09:46:58.956,29443.5,29486,29441,29464.25,29076
2026-08-06 09:47:09.940,29460,29501,29456,29479.5,4703
2026-08-06 09:48:00.836,29475.25,29516,29471,29494.5,10022
2026-08-06 09:49:51.540,29490.25,29531,29486,29509.5,18592
2026-08-06 09:51:58.996,29505.25,29546,29501,29524.5,22144
2026-08-06 10:07:07.256,29520.25,29561,29486.25,29532.25,150438
2026-08-06 10:07:14.288,29531.5,29576,29531,29553.75,3270
2026-08-06 10:10:18.240,29549.75,29591,29546,29569.5,26897
2026-08-06 10:11:15.260,29565.25,29606,29561,29584.5,9944
2026-08-06 10:16:44.796,29580.25,29621,29576,29599.5,41325
2026-08-06 10:17:13.340,29595.25,29636,29591,29614.5,5806
2026-08-06 10:17:26.768,29610.25,29651,29606,29629.5,4135
2026-08-06 10:22:39.252,29625.25,29666,29621,29644.5,34961
2026-08-06 10:25:29.304,29640.25,29666.5,29606,29629.75,22329
2026-08-06 10:26:31.912,29632.75,29636,29591,29612.75,13624
2026-08-06 10:27:17.944,29616.75,29621,29576,29597.5,9582
2026-08-06 10:34:37.816,29601.75,29636,29563.5,29609.25,65700
2026-08-06 10:36:00.932,29607.75,29651,29606,29629,9390
2026-08-06 10:37:30.048,29625,29651.25,29591,29614.5,13797
2026-08-06 10:38:58.752,29617.75,29621,29576,29597.75,11586
2026-08-06 10:39:29.684,29601.75,29606,29561,29582.5,5714
2026-08-06 10:40:01.460,29586.75,29591,29546,29567.5,6347
2026-08-06 10:42:07.196,29571.75,29606,29545.5,29582.25,19335
2026-08-06 10:44:05.500,29579.25,29621,29576,29599.25,14037
2026-08-06 10:45:19.776,29595.25,29622.25,29561,29584.75,10604
2026-08-06 10:45:28.528,29588,29591,29546,29567.75,2010
2026-08-06 10:54:50.036,29571.75,29606,29532.75,29579.25,69041
2026-08-06 10:56:15.204,29577.5,29621,29576,29599,11884
2026-08-06 10:56:58.440,29595,29636,29591,29614.5,6334
2026-08-06 10:57:48.400,29610.25,29651,29606,29629.5,6727
2026-08-06 11:00:03.048,29625.25,29666,29621,29644.5,14190
2026-08-06 11:03:43.756,29640.25,29678.25,29606,29632.75,29331
2026-08-06 11:08:03.136,29634.25,29666,29598.75,29641.25,27334
2026-08-06 11:10:31.032,29638.75,29681,29636,29659.25,15855
2026-08-06 11:18:07.760,29655,29686.25,29621,29645.75,42569
2026-08-06 11:18:25.720,29648.5,29651,29606,29627.75,2959
2026-08-06 11:19:28.652,29632,29636,29591,29612.5,7993
2026-08-06 11:20:02.216,29616.75,29621,29576,29597.5,5000
2026-08-06 11:34:19.516,29601.75,29627.75,29561,29587.75,86868
2026-08-06 11:37:05.788,29589.5,29591,29546,29568,16604
2026-08-06 11:45:04.852,29572,29585.5,29531,29555,37008
2026-08-06 11:47:01.600,29558,29591,29530.75,29567.75,12560
2026-08-06 11:48:52.108,29564.25,29606,29561,29584.25,9724
2026-08-06 11:50:22.932,29580.25,29621,29576,29599.5,9870
2026-08-06 11:52:03.464,29595.25,29625.5,29561,29585.75,12363
2026-08-06 11:53:43.900,29588.25,29592.5,29546,29568.25,10447
2026-08-06 11:54:50.920,29572,29576,29531,29552.5,8214
2026-08-06 11:55:09.148,29556.75,29561,29516,29537.5,4390
2026-08-06 12:00:27.432,29541.75,29556,29501,29525,31660
2026-08-06 12:01:13.540,29528,29531,29486,29507.75,5443
2026-08-06 12:16:01.484,29511.75,29542.75,29471,29499.25,71300
2026-08-06 12:16:05.432,29500,29501,29456,29478.25,2259
2026-08-06 12:39:41.100,29482.25,29516,29448.75,29490.75,104478
2026-08-06 12:53:04.780,29488.25,29531,29468,29504.5,55101
2026-08-06 12:59:02.028,29502.75,29546,29501,29524,19322
2026-08-06 13:00:00.584,29520,29561,29516,29539.5,4811
2026-08-06 13:40:56.520,29535.25,29574.25,29501,29527.75,119176
2026-08-06 14:16:57.180,29529.5,29561,29493.25,29536.25,92801
2026-08-06 14:42:01.084,29533.5,29576,29501,29528,61081
2026-08-06 15:04:47.596,29529.5,29561,29500.75,29538,49508
2026-08-06 15:25:03.388,29534.5,29570.75,29501,29526.75,47423
2026-08-06 15:48:00.776,29529,29546,29486,29511.75,62010
2026-08-06 16:04:34.144,29513.75,29546,29475,29520.25,69596
2026-08-06 16:27:52.168,29518,29551.5,29486,29510.5,25470
2026-08-06 16:59:59.532,29513.25,29516,29480,29503.5,13371
2026-08-06 18:00:54.292,29515,29529,29500,29511,1248
2026-08-06 18:12:58.784,29520.5,29560,29494,29533.5,7046
2026-08-06 18:14:29.480,29531.75,29575,29530,29553,1735
2026-08-06 19:19:35.176,29549,29590,29529.25,29564.5,31093
2026-08-06 20:02:35.668,29562.25,29605,29560,29583,32650
2026-08-06 20:15:59.152,29579,29619.25,29545,29572,18080
2026-08-06 20:16:47.672,29573.5,29575,29530,29552.25,2222
2026-08-06 20:20:10.856,29556,29560,29515,29536.5,6356
2026-08-06 20:20:43.304,29540.75,29545,29500,29521.5,2008
2026-08-06 20:34:33.824,29525.75,29560,29496.25,29535.5,19722
2026-08-06 21:00:46.196,29532.75,29575,29503.25,29546.5,39737
2026-08-06 21:15:10.740,29545.75,29582.5,29515,29539.5,16913
2026-08-06 21:20:10.512,29542.25,29545,29500,29521.75,5643
2026-08-06 21:20:55.200,29526,29530,29485,29506.5,2353
2026-08-06 21:30:22.800,29510.75,29545,29482.75,29520.75,13191
2026-08-06 21:32:14.496,29518,29560,29515,29538.25,2989
2026-08-06 21:33:00.048,29534,29575,29530,29553.5,1689
2026-08-06 21:38:43.688,29549.25,29581.5,29515,29540.25,10545
2026-08-06 21:39:58.252,29542.5,29545,29500,29522,1922
2026-08-06 22:39:20.684,29526,29548.5,29485,29511,49938
2026-08-06 23:01:54.460,29513,29545,29476,29519.75,15745
2026-08-07 00:00:24.992,29517.5,29549.25,29485,29509.25,29026
2026-08-07 00:13:58.828,29512,29515,29470,29491.75,6758
2026-08-07 01:04:25.008,29496,29530,29455,29502.75,28777
2026-08-07 01:08:47.008,29501.25,29545,29500,29522.75,2288
2026-08-07 02:12:36.256,29519,29560,29515,29538.5,22327
2026-08-07 02:29:44.264,29534.25,29575,29530,29553.5,7888
2026-08-07 03:14:55.328,29549.25,29590,29531.75,29565.25,20592
2026-08-07 04:02:24.228,29562.75,29605,29560,29583.25,19599
2026-08-07 04:13:19.672,29579,29620,29575,29598.5,7052
2026-08-07 04:30:38.420,29594.25,29635,29590,29613.5,9619
2026-08-07 05:25:16.376,29609.25,29650,29605,29628.5,24723
2026-08-07 07:37:16.272,29624.25,29665,29592.25,29636.75,52190
2026-08-07 08:00:09.600,29635.75,29669.75,29605,29629,14553
2026-08-07 08:03:00.200,29632,29665,29604.75,29641.75,4914
2026-08-07 08:29:02.844,29638.25,29680,29633.75,29658,19564
2026-08-07 08:29:47.184,29654,29685.5,29620,29645,2424
2026-08-07 08:29:47.292,29647.5,29650,29605,29626.75,318
2026-08-07 08:29:52.244,29631,29665,29596,29639.25,327
2026-08-07 08:29:53.648,29637,29680,29611.75,29652.25,542
2026-08-07 08:30:01.028,29651,29695,29649.75,29672.75,612
2026-08-07 08:30:03.612,29668.75,29710,29647.5,29684,1050
2026-08-07 08:30:03.616,29682,29725,29680,29703,128
2026-08-07 08:30:03.616,29699,29740,29695,29718.5,185
2026-08-07 08:30:13.920,29714.25,29755,29710,29733.5,1349
2026-08-07 08:30:16.192,29729.25,29770,29725,29748.5,539
2026-08-07 08:33:16.480,29744.25,29771,29710,29733.75,13022
2026-08-07 08:37:43.328,29737,29770,29707,29746,14337
2026-08-07 08:39:26.548,29743,29785,29740,29763.25,5282
2026-08-07 08:41:00.208,29759,29800,29755,29778.5,5436
2026-08-07 08:45:15.988,29774.25,29815,29770,29793.5,13017
2026-08-07 08:46:11.140,29789.25,29830,29785,29808.5,3350
2026-08-07 08:48:49.512,29804.25,29845,29800,29823.5,8419
2026-08-07 08:50:42.632,29819.25,29860,29815,29838.5,5042
2026-08-07 09:03:36.052,29834.25,29867.25,29800,29825.5,32975
2026-08-07 09:04:53.436,29827.75,29830,29785,29807,4360
2026-08-07 09:07:16.320,29811,29815,29770,29791.5,7388
2026-08-07 09:11:18.800,29795.75,29800,29755,29776.5,12563
2026-08-07 09:14:12.160,29780.75,29785,29740,29761.5,7503
2026-08-07 09:15:51.480,29765.75,29770,29725,29746.5,4489
2026-08-07 09:25:23.876,29750.75,29755,29710,29731.5,21575
2026-08-07 09:27:51.752,29735.75,29740,29695,29716.5,8238
2026-08-07 09:32:05.116,29720.75,29755,29683,29728.5,35936
2026-08-07 09:32:55.256,29726.75,29770,29725,29748,11621
2026-08-07 09:33:03.632,29744,29785,29740,29763.5,2352
2026-08-07 09:33:11.096,29759.25,29800,29755,29778.5,2863
2026-08-07 09:36:25.008,29774.25,29813,29740,29766.75,42805
2026-08-07 09:36:32.484,29768.5,29770,29725,29747,2646
2026-08-07 09:36:43.660,29751,29755,29710,29731.5,3629
2026-08-07 09:38:47.652,29735.75,29770,29696.25,29743,27423
2026-08-07 09:40:06.384,29741.5,29777,29710,29734.75,16585
2026-08-07 09:43:51.060,29737.25,29770,29703.5,29745.25,36806
2026-08-07 09:44:01.240,29742.5,29785,29740,29763.25,2951
2026-08-07 09:45:05.156,29759,29800,29755,29778.5,11130
2026-08-07 09:45:09.180,29774.25,29815,29770,29793.5,2103
2026-08-07 09:45:54.224,29789.25,29821.75,29755,29780.25,12514
2026-08-07 09:46:14.192,29782.75,29785,29740,29762,4558
2026-08-07 09:46:16.308,29766,29770,29725,29746.5,1244
2026-08-07 09:46:24.292,29750.75,29755,29710,29731.5,3827
2026-08-07 09:48:01.908,29735.75,29770,29708.25,29746,15951
2026-08-07 09:50:52.452,29743,29785,29733.5,29761.5,22602
2026-08-07 09:56:06.204,29758.25,29800,29725,29752,40431
2026-08-07 09:56:17.240,29753.5,29755,29710,29732.25,2828
2026-08-07 09:56:36.532,29736,29740,29695,29716.5,4138
2026-08-07 09:57:04.068,29720.75,29725,29680,29701.5,6824
2026-08-07 09:57:04.880,29705.75,29710,29665,29686.5,1687
2026-08-07 09:58:30.812,29690.75,29695,29650,29671.5,19142
2026-08-07 10:00:45.504,29675.75,29710,29644.25,29685,28950
2026-08-07 10:02:02.048,29682.5,29713,29650,29673.75,12942
2026-08-07 10:04:08.320,29677,29680,29635,29656.75,21628
2026-08-07 10:04:58.288,29660.75,29665,29620,29641.5,9565
2026-08-07 10:07:00.016,29645.75,29680,29613.5,29654.75,23196
2026-08-07 10:10:18.680,29652.5,29685.25,29620,29644.5,31984
2026-08-07 10:11:37.904,29647.25,29650,29605,29626.75,13251
2026-08-07 10:12:03.372,29631,29635,29590,29611.5,5304
2026-08-07 10:12:06.976,29615.75,29620,29575,29596.5,2493
2026-08-07 10:16:06.868,29600.75,29635,29564.25,29608.75,45645
2026-08-07 10:16:41.460,29606.75,29650,29605,29628,6673
2026-08-07 10:17:34.664,29624,29665,29620,29643.5,9335
2026-08-07 10:18:49.712,29639.25,29680,29635,29658.5,13115
2026-08-07 10:19:00.220,29654.25,29695,29650,29673.5,3006
2026-08-07 10:19:18.604,29669.25,29710,29665,29688.5,4141
2026-08-07 10:20:00.912,29684.25,29725,29680,29703.5,7078
2026-08-07 10:23:57.832,29699.25,29740,29687.25,29716.75,35972
2026-08-07 10:26:01.172,29713.25,29755,29699.5,29730.75,19849
2026-08-07 10:27:47.308,29727.75,29770,29725,29748.25,12148
2026-08-07 10:35:47.096,29744,29779,29710,29735.75,58595
2026-08-07 10:35:50.344,29738,29740,29695,29717,1416
2026-08-07 10:39:19.528,29721,29736.25,29680,29704.25,27717
2026-08-07 10:43:47.256,29707.25,29720.5,29665,29689.5,33993
2026-08-07 10:47:52.296,29692.25,29725,29660,29700.5,26482
2026-08-07 11:01:33.340,29697.75,29740,29666.25,29711,63315
2026-08-07 11:05:18.068,29710.5,29755,29708.75,29732.25,14227
2026-08-07 11:10:17.624,29728.75,29770,29725,29748.5,18583
2026-08-07 11:23:25.416,29744.25,29785,29738.25,29763,45414
2026-08-07 11:25:21.612,29759,29800,29755,29778.5,8459
2026-08-07 11:26:08.612,29774.25,29815,29770,29793.5,4340
2026-08-07 11:30:00.180,29789.25,29830,29785,29808.5,15643
2026-08-07 11:30:26.604,29804.25,29845,29800,29823.5,5023
2026-08-07 12:20:16.948,29819.25,29855,29785,29811,153294
2026-08-07 12:21:52.268,29813,29821.5,29770,29793.75,9757
2026-08-07 12:23:56.124,29796.75,29800,29755,29776.75,9360
2026-08-07 12:25:26.708,29780.75,29785,29740,29761.5,8094
2026-08-07 12:25:40.756,29765.75,29770,29725,29746.5,2959
2026-08-07 12:26:05.956,29750.75,29755,29710,29731.5,6323
2026-08-07 12:26:46.388,29735.75,29740,29695,29716.5,4666
2026-08-07 12:30:24.836,29720.75,29725,29680,29701.5,21643
2026-08-07 12:36:07.936,29705.75,29740,29669,29713.75,32225
2026-08-07 12:39:08.252,29711.75,29755,29710,29733,10845
2026-08-07 12:46:01.100,29729,29770,29725,29748.5,23069
2026-08-07 14:25:59.920,29744.25,29780.75,29710,29736.25,186784
2026-08-07 14:35:56.640,29738,29740,29695,29717,20335
2026-08-07 14:44:41.600,29721,29725,29680,29701.5,15160
2026-08-07 15:00:41.596,29705.75,29740,29676.75,29715.75,38668
2026-08-07 15:01:23.520,29712.75,29755,29710,29733.25,2998
2026-08-07 15:01:33.052,29729,29770,29725,29748.5,2450
2026-08-07 15:07:22.260,29744.25,29785,29740,29763.5,17146
2026-08-07 15:10:06.540,29759.25,29800,29755,29778.5,7820
2026-08-07 15:15:51.216,29774.25,29815,29770,29793.5,15775
2026-08-07 15:54:00.020,29789.25,29830,29772,29805.25,94250
2026-08-07 15:55:06.392,29802.75,29845,29800,29823.25,6808
2026-08-07 15:58:47.024,29819,29860,29815,29838.5,14439
2026-08-07 16:59:59.832,29834.25,29860.5,29802.5,29834.5,51206
2026-08-09 18:00:00.360,29851.5,29866.5,29850,29858.75,216
2026-08-09 18:00:00.760,29847.5,29881.5,29836.5,29861.75,110
2026-08-09 18:00:00.888,29856.75,29896.5,29851.5,29875.25,91
2026-08-09 18:11:54.204,29871,29897,29836.5,29860.25,13550
2026-08-09 18:12:08.796,29863.25,29866.5,29821.5,29843.25,1100
2026-08-09 18:17:57.828,29847.25,29851.5,29806.5,29828,8099
2026-08-09 19:07:33.036,29832.25,29866.5,29805,29842.5,31879
2026-08-09 19:24:13.508,29839.5,29881.5,29836.5,29859.75,9871
2026-08-09 20:00:20.016,29855.75,29881.75,29821.5,29845,28381
2026-08-09 20:02:01.616,29848.25,29851.5,29806.5,29828.25,4499
2026-08-09 20:08:00.332,29832.25,29866.5,29797.75,29840.75,12492
2026-08-09 20:08:55.456,29838.75,29881.5,29836.5,29859.5,2333
2026-08-09 20:10:42.316,29855.5,29896.5,29851.5,29875,3649
2026-08-09 20:35:49.872,29870.75,29906.5,29836.5,29862.5,29320
2026-08-09 20:36:52.232,29864.5,29866.5,29821.5,29843.5,2455
2026-08-09 20:42:05.264,29847.5,29851.5,29806.5,29828,7899
2026-08-09 20:56:27.460,29832.25,29836.5,29791.5,29813,15769
2026-08-09 21:14:58.080,29817.25,29851.5,29788,29827,21400
2026-08-09 21:20:00.576,29824.25,29866.5,29821.5,29844.75,5825
2026-08-09 21:24:35.472,29840.5,29881.5,29836.5,29860,6196
2026-08-09 22:51:58.196,29855.75,29896.5,29841.25,29872.5,60847
2026-08-10 01:05:51.492,29869.5,29911.5,29863.75,29889,60089
2026-08-10 01:55:06.752,29885.25,29926.5,29881.5,29905,19397
2026-08-10 02:01:32.420,29900.75,29941.5,29896.5,29920,3694
2026-08-10 02:12:35.108,29915.75,29956.5,29911.5,29935,6615
2026-08-10 03:10:57.952,29930.75,29963.75,29896.5,29922,31214
2026-08-10 03:32:27.872,29924.25,29956.5,29886.75,29931,14701
2026-08-10 03:45:12.740,29928.75,29971.5,29926.5,29949.5,5979
2026-08-10 06:40:18.596,29945.5,29985,29911.5,29938.5,84030
2026-08-10 07:00:48.328,29940,29941.5,29896.5,29918.5,12047
2026-08-10 07:05:33.832,29922.5,29926.5,29881.5,29903,6377
2026-08-10 07:12:24.828,29907.25,29911.5,29866.5,29888,6009
2026-08-10 07:48:33.336,29892.25,29915,29851.5,29877.5,33543
2026-08-10 08:16:32.448,29879.5,29884.25,29836.5,29859.25,24397
2026-08-10 08:23:35.580,29862.75,29866.5,29821.5,29843,6758
2026-08-10 08:32:35.532,29847.25,29851.5,29806.5,29828,8632
2026-08-10 08:35:01.856,29832.25,29836.5,29791.5,29813,3874
2026-08-10 08:52:26.408,29817.25,29821.5,29776.5,29798,21953
2026-08-10 09:30:12.784,29802.25,29836.5,29771,29811.5,64197
2026-08-10 09:34:17.604,29809,29841.25,29776.5,29800.75,46082
2026-08-10 09:34:26.732,29803.75,29806.5,29761.5,29783.25,4969
2026-08-10 09:34:26.860,29787.5,29791.5,29746.5,29768,1118
2026-08-10 09:35:00.992,29772.25,29776.5,29731.5,29753,10560
2026-08-10 09:36:07.208,29757.25,29791.5,29726.75,29766.75,21418
2026-08-10 09:36:19.172,29764,29806.5,29761.5,29784.75,3910
2026-08-10 09:38:18.204,29780.5,29811.25,29746.5,29771.25,28254
2026-08-10 09:41:20.812,29773.75,29776.5,29731.5,29753.25,33967
2026-08-10 09:45:03.768,29757.5,29791.5,29719,29764.75,42056
2026-08-10 09:47:36.016,29763.25,29806.5,29761.5,29784.5,26064
2026-08-10 09:49:03.100,29780.5,29821.5,29776.5,29800,12193
2026-08-10 09:52:46.600,29795.75,29832.75,29761.5,29787.75,41137
2026-08-10 10:01:47.800,29789.75,29821.5,29754.25,29796.75,71922
2026-08-10 10:05:39.064,29794,29836.5,29791.5,29814.75,25787
2026-08-10 10:06:21.268,29810.5,29851.5,29806.5,29830,6919
2026-08-10 10:09:28.344,29825.75,29866.5,29821.5,29845,22838
2026-08-10 10:10:39.064,29840.75,29881.5,29836.5,29860,11206
2026-08-10 10:15:04.192,29855.75,29896.5,29851.5,29875,27062
2026-08-10 10:24:11.676,29870.75,29900,29836.5,29861,57850
2026-08-10 10:25:10.164,29863.75,29866.5,29821.5,29843.25,10112
2026-08-10 10:25:22.412,29847.5,29851.5,29806.5,29828,3916
2026-08-10 10:29:22.200,29832.25,29866.5,29801.25,29841.5,32059
2026-08-10 10:32:56.216,29839,29881.5,29836.5,29859.75,20180
2026-08-10 10:53:37.104,29855.5,29893,29821.5,29848,99093
2026-08-10 10:53:59.288,29849.75,29851.5,29806.5,29828.5,5776
2026-08-10 10:55:00.932,29832.5,29836.5,29791.5,29813,10791
2026-08-10 11:00:06.820,29817.25,29821.5,29776.5,29798,36678
2026-08-10 11:25:57.148,29802.25,29823.5,29761.5,29787.25,120344
2026-08-10 11:35:24.052,29789.25,29791.5,29746.5,29768.5,37037
2026-08-10 11:44:35.340,29772.5,29806.5,29741.25,29781.75,33274
2026-08-10 11:51:54.392,29779,29821.5,29776.5,29799.75,25333
2026-08-10 11:54:04.124,29795.5,29836.5,29791.5,29815,9071
2026-08-10 11:57:05.124,29810.75,29851.5,29806.5,29830,11401
2026-08-10 12:32:03.916,29825.75,29858.75,29791.5,29817,91136
2026-08-10 12:32:03.932,29819.25,29821.5,29776.5,29798.5,1010
2026-08-10 12:32:03.972,29802.5,29806.5,29761.5,29783,409
2026-08-10 12:32:05.380,29787.25,29791.5,29746.5,29768,1754
2026-08-10 12:44:10.688,29772.25,29796.25,29731.5,29757.75,55852
2026-08-10 13:08:27.412,29759.75,29791.5,29730.25,29768.25,70842
2026-08-10 13:10:09.116,29764.75,29806.5,29761.5,29784.75,6157
2026-08-10 13:51:08.020,29780.75,29811.5,29746.5,29771.25,79698
2026-08-10 15:57:21.152,29774,29796.5,29731.5,29758.25,227658
2026-08-10 16:59:59.776,29760,29770,29722.75,29754,55160
2026-08-10 18:00:02.032,29764.25,29779.25,29760.25,29770.75,309
2026-08-10 19:20:50.732,29760,29788.5,29719.25,29746.75,32110
2026-08-10 19:23:33.024,29748,29749.25,29704.25,29726.5,3447
2026-08-10 19:55:04.960,29730.25,29734.25,29689.25,29710.75,16064
2026-08-10 20:01:55.176,29715,29719.25,29674.25,29695.75,10911
2026-08-10 20:11:46.660,29700,29734.25,29666,29708.5,18284
2026-08-10 20:12:13.028,29706.5,29749.25,29704.25,29727.25,1916
2026-08-10 20:27:38.848,29723.25,29764.25,29719.25,29742.75,20455
2026-08-10 20:44:27.152,29738.5,29779.25,29734.25,29757.75,13276
2026-08-10 21:00:08.576,29753.5,29794.25,29749.25,29772.75,12626
2026-08-10 21:13:17.968,29768.5,29809.25,29764.25,29787.75,16667
2026-08-10 21:14:52.184,29783.5,29824.25,29779.25,29802.75,3252
2026-08-10 21:24:00.672,29798.5,29839.25,29794.25,29817.75,9686
2026-08-11 00:28:51.968,29813.5,29854.25,29809.25,29832.75,81336
2026-08-11 01:51:35.228,29828.5,29862,29794.25,29819.75,35598
2026-08-11 02:24:19.768,29822,29827.5,29779.25,29802,19642
2026-08-11 02:31:56.784,29805.75,29809.25,29764.25,29785.75,6358
2026-08-11 02:32:54.284,29790,29794.25,29749.25,29770.75,2347
2026-08-11 02:34:12.240,29775,29779.25,29734.25,29755.75,2298
2026-08-11 04:03:09.116,29760,29794.25,29726,29768.5,59052
2026-08-11 04:12:45.920,29766.5,29805.5,29734.25,29760,10437
2026-08-11 04:23:25.244,29762.25,29764.25,29719.25,29741.25,8068
2026-08-11 05:40:52.348,29745.25,29779.25,29717.5,29755.25,48059
2026-08-11 06:22:45.212,29752.25,29794.25,29749.25,29772.5,18031
2026-08-11 06:25:14.496,29768.5,29809.25,29764.25,29787.75,3216
2026-08-11 06:28:17.396,29783.5,29824.25,29779.25,29802.75,3964
2026-08-11 07:01:06.564,29798.5,29839.25,29794.25,29817.75,15476
2026-08-11 07:01:09.208,29813.5,29854.25,29809.25,29832.75,1282
2026-08-11 07:01:11.484,29828.5,29869.25,29824.25,29847.75,1281
2026-08-11 07:04:11.216,29843.5,29884.25,29839.25,29862.75,9860
2026-08-11 07:32:10.928,29858.5,29887,29824.25,29848.5,22709
2026-08-11 09:30:04.340,29851.5,29871.5,29809.25,29835.25,101830
2026-08-11 09:30:36.732,29837.25,29839.25,29794.25,29816.25,8022
2026-08-11 09:30:51.624,29820.25,29824.25,29779.25,29800.75,3681
2026-08-11 09:31:15.924,29805,29809.25,29764.25,29785.75,7834
2026-08-11 09:31:19.656,29790,29794.25,29749.25,29770.75,2288
2026-08-11 09:33:57.132,29775,29779.25,29734.25,29755.75,36572
2026-08-11 09:35:22.616,29760,29764.25,29719.25,29740.75,17975
2026-08-11 09:35:40.272,29745,29749.25,29704.25,29725.75,6945
2026-08-11 09:36:07.436,29730,29734.25,29689.25,29710.75,7568
2026-08-11 09:41:50.264,29715,29749.25,29678.75,29723,72093
2026-08-11 09:45:47.120,29721.25,29756.5,29689.25,29714,44113
2026-08-11 09:46:01.052,29716.75,29719.25,29674.25,29696,5019
2026-08-11 09:46:06.280,29700.25,29704.25,29659.25,29680.75,1212
2026-08-11 09:46:06.348,29685,29689.25,29644.25,29665.75,1318
2026-08-11 09:57:16.028,29670,29704.25,29636,29678.5,110664
2026-08-11 09:59:31.008,29676.5,29719.25,29674.25,29697.25,14278
2026-08-11 09:59:58.204,29693.25,29734.25,29689.25,29712.75,5356
2026-08-11 10:00:55.328,29708.5,29749.25,29704.25,29727.75,12485
2026-08-11 10:03:54.832,29723.5,29764.25,29719.25,29742.75,25200
2026-08-11 10:06:02.564,29738.5,29779.25,29734.25,29757.75,17950
2026-08-11 10:52:29.064,29753.5,29794.25,29723.25,29766.25,290786
2026-08-11 11:07:36.156,29765.25,29805,29734.25,29759.75,71427
2026-08-11 11:08:30.236,29762,29764.25,29719.25,29741.25,4976
2026-08-11 11:11:37.088,29745.25,29749.25,29704.25,29725.75,20217
2026-08-11 11:33:58.836,29730,29735.5,29689.25,29711,92730
2026-08-11 11:34:09.164,29715,29719.25,29674.25,29695.75,4593
2026-08-11 11:58:02.432,29700,29704.25,29659.25,29680.75,87313
2026-08-11 12:19:55.868,29685,29689.25,29644.25,29665.75,62388
2026-08-11 12:25:26.440,29670,29674.25,29629.25,29650.75,19490
2026-08-11 13:02:03.032,29655,29665.5,29614.25,29637.25,94407
2026-08-11 13:11:18.364,29640.75,29644.25,29599.25,29620.75,24834
2026-08-11 13:12:41.788,29625,29629.25,29584.25,29605.75,7213
2026-08-11 14:27:32.052,29610,29641,29569.25,29597.25,168908
2026-08-11 14:28:08.292,29598.25,29599.25,29554.25,29576.5,6172
2026-08-11 14:29:54.372,29580.5,29584.25,29539.25,29560.75,7580
2026-08-11 14:54:35.756,29565,29599.25,29533.5,29574.25,61465
2026-08-11 15:14:00.020,29571.75,29614.25,29569.25,29592.5,45051
2026-08-11 15:30:00.260,29588.25,29629.25,29584.25,29607.75,27048
2026-08-11 15:36:57.344,29603.5,29644.25,29599.25,29622.75,16798
2026-08-11 15:39:59.748,29618.5,29659.25,29614.25,29637.75,9196
2026-08-11 16:29:48.912,29633.5,29674.25,29606.75,29647.25,101572
2026-08-11 16:59:59.416,29645.75,29677.5,29643.5,29653.5,10573
2026-08-11 18:00:00.095,29663,29664,29648,29655.75,65
2026-08-11 18:04:14.423,29666.75,29678,29633,29652.75,2919
