dateline_utc_epoch,datetime_utc,datetime_et,weekday_et,currency,event,impact
1733151600,2024-12-02 15:00:00,2024-12-02 10:00:00,Mon,USD,ISM Manufacturing PMI,high
1733211000,2024-12-03 07:30:00,2024-12-03 02:30:00,Tue,CHF,CPI m/m,high
1733238000,2024-12-03 15:00:00,2024-12-03 10:00:00,Tue,USD,JOLTS Job Openings,high
1733272200,2024-12-04 00:30:00,2024-12-03 19:30:00,Tue,AUD,GDP q/q,high
1733318100,2024-12-04 13:15:00,2024-12-04 08:15:00,Wed,USD,ADP Non-Farm Employment Change,high
1733324400,2024-12-04 15:00:00,2024-12-04 10:00:00,Wed,USD,ISM Services PMI,high
1733337900,2024-12-04 18:45:00,2024-12-04 13:45:00,Wed,USD,FOMC Member Powell Speaks,high
1733405400,2024-12-05 13:30:00,2024-12-05 08:30:00,Thu,USD,Unemployment Claims,high
1733491800,2024-12-06 13:30:00,2024-12-06 08:30:00,Fri,CAD,Employment Change,high
1733491800,2024-12-06 13:30:00,2024-12-06 08:30:00,Fri,CAD,Unemployment Rate,high
1733491800,2024-12-06 13:30:00,2024-12-06 08:30:00,Fri,USD,Average Hourly Earnings m/m,high
1733491800,2024-12-06 13:30:00,2024-12-06 08:30:00,Fri,USD,Non-Farm Employment Change,high
1733491800,2024-12-06 13:30:00,2024-12-06 08:30:00,Fri,USD,Unemployment Rate,high
1733801400,2024-12-10 03:30:00,2024-12-09 22:30:00,Mon,AUD,Cash Rate,high
1733801400,2024-12-10 03:30:00,2024-12-09 22:30:00,Mon,AUD,RBA Rate Statement,high
1733923800,2024-12-11 13:30:00,2024-12-11 08:30:00,Wed,USD,Core CPI m/m,high
1733923800,2024-12-11 13:30:00,2024-12-11 08:30:00,Wed,USD,Core CPI y/y,high
1733923800,2024-12-11 13:30:00,2024-12-11 08:30:00,Wed,USD,CPI m/m,high
1733923800,2024-12-11 13:30:00,2024-12-11 08:30:00,Wed,USD,CPI y/y,high
1733928300,2024-12-11 14:45:00,2024-12-11 09:45:00,Wed,CAD,BOC Rate Statement,high
1733928300,2024-12-11 14:45:00,2024-12-11 09:45:00,Wed,CAD,Overnight Rate,high
1733931000,2024-12-11 15:30:00,2024-12-11 10:30:00,Wed,CAD,BOC Press Conference,high
1733963400,2024-12-12 00:30:00,2024-12-11 19:30:00,Wed,AUD,Employment Change,high
1733963400,2024-12-12 00:30:00,2024-12-11 19:30:00,Wed,AUD,Unemployment Rate,high
1733992200,2024-12-12 08:30:00,2024-12-12 03:30:00,Thu,CHF,SNB Monetary Policy Assessment,high
1733992200,2024-12-12 08:30:00,2024-12-12 03:30:00,Thu,CHF,SNB Policy Rate,high
1733994000,2024-12-12 09:00:00,2024-12-12 04:00:00,Thu,CHF,SNB Press Conference,high
1734009300,2024-12-12 13:15:00,2024-12-12 08:15:00,Thu,EUR,Main Refinancing Rate,high
1734009300,2024-12-12 13:15:00,2024-12-12 08:15:00,Thu,EUR,Monetary Policy Statement,high
1734010200,2024-12-12 13:30:00,2024-12-12 08:30:00,Thu,USD,Core PPI m/m,high
1734010200,2024-12-12 13:30:00,2024-12-12 08:30:00,Thu,USD,PPI m/m,high
1734010200,2024-12-12 13:30:00,2024-12-12 08:30:00,Thu,USD,Unemployment Claims,high
1734011100,2024-12-12 13:45:00,2024-12-12 08:45:00,Thu,EUR,ECB Press Conference,high
1734073200,2024-12-13 07:00:00,2024-12-13 02:00:00,Fri,GBP,GDP m/m,high
1734336900,2024-12-16 08:15:00,2024-12-16 03:15:00,Mon,EUR,French Flash Manufacturing PMI,high
1734336900,2024-12-16 08:15:00,2024-12-16 03:15:00,Mon,EUR,French Flash Services PMI,high
1734337800,2024-12-16 08:30:00,2024-12-16 03:30:00,Mon,EUR,German Flash Manufacturing PMI,high
1734337800,2024-12-16 08:30:00,2024-12-16 03:30:00,Mon,EUR,German Flash Services PMI,high
1734341400,2024-12-16 09:30:00,2024-12-16 04:30:00,Mon,GBP,Flash Manufacturing PMI,high
1734341400,2024-12-16 09:30:00,2024-12-16 04:30:00,Mon,GBP,Flash Services PMI,high
1734360300,2024-12-16 14:45:00,2024-12-16 09:45:00,Mon,USD,Flash Manufacturing PMI,high
1734360300,2024-12-16 14:45:00,2024-12-16 09:45:00,Mon,USD,Flash Services PMI,high
1734380400,2024-12-16 20:20:00,2024-12-16 15:20:00,Mon,CAD,BOC Gov Macklem Speaks,high
1734418800,2024-12-17 07:00:00,2024-12-17 02:00:00,Tue,GBP,Claimant Count Change,high
1734442200,2024-12-17 13:30:00,2024-12-17 08:30:00,Tue,CAD,CPI m/m,high
1734442200,2024-12-17 13:30:00,2024-12-17 08:30:00,Tue,CAD,Median CPI y/y,high
1734442200,2024-12-17 13:30:00,2024-12-17 08:30:00,Tue,CAD,Trimmed CPI y/y,high
1734442200,2024-12-17 13:30:00,2024-12-17 08:30:00,Tue,USD,Core Retail Sales m/m,high
1734442200,2024-12-17 13:30:00,2024-12-17 08:30:00,Tue,USD,Retail Sales m/m,high
1734505200,2024-12-18 07:00:00,2024-12-18 02:00:00,Wed,GBP,CPI y/y,high
1734548400,2024-12-18 19:00:00,2024-12-18 14:00:00,Wed,USD,Federal Funds Rate,high
1734548400,2024-12-18 19:00:00,2024-12-18 14:00:00,Wed,USD,FOMC Economic Projections,high
1734548400,2024-12-18 19:00:00,2024-12-18 14:00:00,Wed,USD,FOMC Statement,high
1734550200,2024-12-18 19:30:00,2024-12-18 14:30:00,Wed,USD,FOMC Press Conference,high
1734558300,2024-12-18 21:45:00,2024-12-18 16:45:00,Wed,NZD,GDP q/q,high
1734576720,2024-12-19 02:52:00,2024-12-18 21:52:00,Wed,JPY,BOJ Policy Rate,high
1734576720,2024-12-19 02:52:00,2024-12-18 21:52:00,Wed,JPY,Monetary Policy Statement,high
1734589800,2024-12-19 06:30:00,2024-12-19 01:30:00,Thu,JPY,BOJ Press Conference,high
1734609600,2024-12-19 12:00:00,2024-12-19 07:00:00,Thu,GBP,Monetary Policy Summary,high
1734609600,2024-12-19 12:00:00,2024-12-19 07:00:00,Thu,GBP,MPC Official Bank Rate Votes,high
1734609600,2024-12-19 12:00:00,2024-12-19 07:00:00,Thu,GBP,Official Bank Rate,high
1734615000,2024-12-19 13:30:00,2024-12-19 08:30:00,Thu,USD,Final GDP q/q,high
1734615000,2024-12-19 13:30:00,2024-12-19 08:30:00,Thu,USD,Unemployment Claims,high
1734678000,2024-12-20 07:00:00,2024-12-20 02:00:00,Fri,GBP,Retail Sales m/m,high
1734701400,2024-12-20 13:30:00,2024-12-20 08:30:00,Fri,CAD,Core Retail Sales m/m,high
1734701400,2024-12-20 13:30:00,2024-12-20 08:30:00,Fri,CAD,Retail Sales m/m,high
1734701400,2024-12-20 13:30:00,2024-12-20 08:30:00,Fri,USD,Core PCE Price Index m/m,high
1734960600,2024-12-23 13:30:00,2024-12-23 08:30:00,Mon,CAD,GDP m/m,high
1735219800,2024-12-26 13:30:00,2024-12-26 08:30:00,Thu,USD,Unemployment Claims,high
1735608600,2024-12-31 01:30:00,2024-12-30 20:30:00,Mon,CNY,Manufacturing PMI,high
1735824600,2025-01-02 13:30:00,2025-01-02 08:30:00,Thu,USD,Unemployment Claims,high
1735916400,2025-01-03 15:00:00,2025-01-03 10:00:00,Fri,USD,ISM Manufacturing PMI,high
1736148540,2025-01-06 07:29:00,2025-01-06 02:29:00,Mon,EUR,German Prelim CPI m/m,high
1736235000,2025-01-07 07:30:00,2025-01-07 02:30:00,Tue,CHF,CPI m/m,high
1736262000,2025-01-07 15:00:00,2025-01-07 10:00:00,Tue,USD,ISM Services PMI,high
1736262000,2025-01-07 15:00:00,2025-01-07 10:00:00,Tue,USD,JOLTS Job Openings,high
1736296200,2025-01-08 00:30:00,2025-01-07 19:30:00,Tue,AUD,CPI y/y,high
1736342100,2025-01-08 13:15:00,2025-01-08 08:15:00,Wed,USD,ADP Non-Farm Employment Change,high
1736343000,2025-01-08 13:30:00,2025-01-08 08:30:00,Wed,USD,Unemployment Claims,high
1736362800,2025-01-08 19:00:00,2025-01-08 14:00:00,Wed,USD,FOMC Meeting Minutes,high
1736515800,2025-01-10 13:30:00,2025-01-10 08:30:00,Fri,CAD,Employment Change,high
1736515800,2025-01-10 13:30:00,2025-01-10 08:30:00,Fri,CAD,Unemployment Rate,high
1736515800,2025-01-10 13:30:00,2025-01-10 08:30:00,Fri,USD,Average Hourly Earnings m/m,high
1736515800,2025-01-10 13:30:00,2025-01-10 08:30:00,Fri,USD,Non-Farm Employment Change,high
1736515800,2025-01-10 13:30:00,2025-01-10 08:30:00,Fri,USD,Unemployment Rate,high
1736861400,2025-01-14 13:30:00,2025-01-14 08:30:00,Tue,USD,Core PPI m/m,high
1736861400,2025-01-14 13:30:00,2025-01-14 08:30:00,Tue,USD,PPI m/m,high
1736924400,2025-01-15 07:00:00,2025-01-15 02:00:00,Wed,GBP,CPI y/y,high
1736947800,2025-01-15 13:30:00,2025-01-15 08:30:00,Wed,USD,Core CPI m/m,high
1736947800,2025-01-15 13:30:00,2025-01-15 08:30:00,Wed,USD,Core CPI y/y,high
1736947800,2025-01-15 13:30:00,2025-01-15 08:30:00,Wed,USD,CPI m/m,high
1736947800,2025-01-15 13:30:00,2025-01-15 08:30:00,Wed,USD,CPI y/y,high
1736987400,2025-01-16 00:30:00,2025-01-15 19:30:00,Wed,AUD,Employment Change,high
1736987400,2025-01-16 00:30:00,2025-01-15 19:30:00,Wed,AUD,Unemployment Rate,high
1737010800,2025-01-16 07:00:00,2025-01-16 02:00:00,Thu,GBP,GDP m/m,high
1737034200,2025-01-16 13:30:00,2025-01-16 08:30:00,Thu,USD,Core Retail Sales m/m,high
1737034200,2025-01-16 13:30:00,2025-01-16 08:30:00,Thu,USD,Retail Sales m/m,high
1737034200,2025-01-16 13:30:00,2025-01-16 08:30:00,Thu,USD,Unemployment Claims,high
1737097200,2025-01-17 07:00:00,2025-01-17 02:00:00,Fri,GBP,Retail Sales m/m,high
1737392400,2025-01-20 17:00:00,2025-01-20 12:00:00,Mon,USD,President Trump Speaks,high
1737442800,2025-01-21 07:00:00,2025-01-21 02:00:00,Tue,GBP,Claimant Count Change,high
1737466200,2025-01-21 13:30:00,2025-01-21 08:30:00,Tue,CAD,CPI m/m,high
1737466200,2025-01-21 13:30:00,2025-01-21 08:30:00,Tue,CAD,Median CPI y/y,high
1737466200,2025-01-21 13:30:00,2025-01-21 08:30:00,Tue,CAD,Trimmed CPI y/y,high
1737495900,2025-01-21 21:45:00,2025-01-21 16:45:00,Tue,NZD,CPI q/q,high
1737639000,2025-01-23 13:30:00,2025-01-23 08:30:00,Thu,CAD,Core Retail Sales m/m,high
1737639000,2025-01-23 13:30:00,2025-01-23 08:30:00,Thu,CAD,Retail Sales m/m,high
1737639000,2025-01-23 13:30:00,2025-01-23 08:30:00,Thu,USD,Unemployment Claims,high
1737648000,2025-01-23 16:00:00,2025-01-23 11:00:00,Thu,USD,President Trump Speaks,high
1737688980,2025-01-24 03:23:00,2025-01-23 22:23:00,Thu,JPY,BOJ Outlook Report,high
1737688980,2025-01-24 03:23:00,2025-01-23 22:23:00,Thu,JPY,BOJ Policy Rate,high
1737688980,2025-01-24 03:23:00,2025-01-23 22:23:00,Thu,JPY,Monetary Policy Statement,high
1737700200,2025-01-24 06:30:00,2025-01-24 01:30:00,Fri,JPY,BOJ Press Conference,high
1737706500,2025-01-24 08:15:00,2025-01-24 03:15:00,Fri,EUR,French Flash Manufacturing PMI,high
1737706500,2025-01-24 08:15:00,2025-01-24 03:15:00,Fri,EUR,French Flash Services PMI,high
1737707400,2025-01-24 08:30:00,2025-01-24 03:30:00,Fri,EUR,German Flash Manufacturing PMI,high
1737707400,2025-01-24 08:30:00,2025-01-24 03:30:00,Fri,EUR,German Flash Services PMI,high
1737711000,2025-01-24 09:30:00,2025-01-24 04:30:00,Fri,GBP,Flash Manufacturing PMI,high
1737711000,2025-01-24 09:30:00,2025-01-24 04:30:00,Fri,GBP,Flash Services PMI,high
1737729900,2025-01-24 14:45:00,2025-01-24 09:45:00,Fri,USD,Flash Manufacturing PMI,high
1737729900,2025-01-24 14:45:00,2025-01-24 09:45:00,Fri,USD,Flash Services PMI,high
1737941400,2025-01-27 01:30:00,2025-01-26 20:30:00,Sun,CNY,Manufacturing PMI,high
1738013100,2025-01-27 21:25:00,2025-01-27 16:25:00,Mon,CHF,SNB Chairman Schlegel Speaks,high
1738076400,2025-01-28 15:00:00,2025-01-28 10:00:00,Tue,USD,CB Consumer Confidence,high
1738110600,2025-01-29 00:30:00,2025-01-28 19:30:00,Tue,AUD,CPI m/m,high
1738110600,2025-01-29 00:30:00,2025-01-28 19:30:00,Tue,AUD,CPI y/y,high
1738110600,2025-01-29 00:30:00,2025-01-28 19:30:00,Tue,AUD,Trimmed Mean CPI m/m,high
1738160100,2025-01-29 14:15:00,2025-01-29 09:15:00,Wed,GBP,BOE Gov Bailey Speaks,high
1738161900,2025-01-29 14:45:00,2025-01-29 09:45:00,Wed,CAD,BOC Monetary Policy Report,high
1738161900,2025-01-29 14:45:00,2025-01-29 09:45:00,Wed,CAD,BOC Rate Statement,high
1738161900,2025-01-29 14:45:00,2025-01-29 09:45:00,Wed,CAD,Overnight Rate,high
1738164600,2025-01-29 15:30:00,2025-01-29 10:30:00,Wed,CAD,BOC Press Conference,high
1738177200,2025-01-29 19:00:00,2025-01-29 14:00:00,Wed,USD,Federal Funds Rate,high
1738177200,2025-01-29 19:00:00,2025-01-29 14:00:00,Wed,USD,FOMC Statement,high
1738179000,2025-01-29 19:30:00,2025-01-29 14:30:00,Wed,USD,FOMC Press Conference,high
1738242900,2025-01-30 13:15:00,2025-01-30 08:15:00,Thu,EUR,Main Refinancing Rate,high
1738242900,2025-01-30 13:15:00,2025-01-30 08:15:00,Thu,EUR,Monetary Policy Statement,high
1738243800,2025-01-30 13:30:00,2025-01-30 08:30:00,Thu,USD,Advance GDP q/q,high
1738243800,2025-01-30 13:30:00,2025-01-30 08:30:00,Thu,USD,Unemployment Claims,high
1738244700,2025-01-30 13:45:00,2025-01-30 08:45:00,Thu,EUR,ECB Press Conference,high
1738308540,2025-01-31 07:29:00,2025-01-31 02:29:00,Fri,EUR,German Prelim CPI m/m,high
1738330200,2025-01-31 13:30:00,2025-01-31 08:30:00,Fri,CAD,GDP m/m,high
1738330200,2025-01-31 13:30:00,2025-01-31 08:30:00,Fri,USD,Core PCE Price Index m/m,high
1738330200,2025-01-31 13:30:00,2025-01-31 08:30:00,Fri,USD,Employment Cost Index q/q,high
1738594800,2025-02-03 15:00:00,2025-02-03 10:00:00,Mon,USD,ISM Manufacturing PMI,high
1738681200,2025-02-04 15:00:00,2025-02-04 10:00:00,Tue,USD,JOLTS Job Openings,high
1738705500,2025-02-04 21:45:00,2025-02-04 16:45:00,Tue,NZD,Employment Change q/q,high
1738705500,2025-02-04 21:45:00,2025-02-04 16:45:00,Tue,NZD,Unemployment Rate,high
1738707000,2025-02-04 22:10:00,2025-02-04 17:10:00,Tue,USD,President Trump Speaks,high
1738761300,2025-02-05 13:15:00,2025-02-05 08:15:00,Wed,USD,ADP Non-Farm Employment Change,high
1738767600,2025-02-05 15:00:00,2025-02-05 10:00:00,Wed,USD,ISM Services PMI,high
1738843200,2025-02-06 12:00:00,2025-02-06 07:00:00,Thu,GBP,BOE Monetary Policy Report,high
1738843200,2025-02-06 12:00:00,2025-02-06 07:00:00,Thu,GBP,Monetary Policy Summary,high
1738843200,2025-02-06 12:00:00,2025-02-06 07:00:00,Thu,GBP,MPC Official Bank Rate Votes,high
1738843200,2025-02-06 12:00:00,2025-02-06 07:00:00,Thu,GBP,Official Bank Rate,high
1738845000,2025-02-06 12:30:00,2025-02-06 07:30:00,Thu,GBP,BOE Gov Bailey Speaks,high
1738848600,2025-02-06 13:30:00,2025-02-06 08:30:00,Thu,USD,Unemployment Claims,high
1738875900,2025-02-06 21:05:00,2025-02-06 16:05:00,Thu,GBP,BOE Gov Bailey Speaks,high
1738935000,2025-02-07 13:30:00,2025-02-07 08:30:00,Fri,CAD,Employment Change,high
1738935000,2025-02-07 13:30:00,2025-02-07 08:30:00,Fri,CAD,Unemployment Rate,high
1738935000,2025-02-07 13:30:00,2025-02-07 08:30:00,Fri,USD,Average Hourly Earnings m/m,high
1738935000,2025-02-07 13:30:00,2025-02-07 08:30:00,Fri,USD,Non-Farm Employment Change,high
1738935000,2025-02-07 13:30:00,2025-02-07 08:30:00,Fri,USD,Unemployment Rate,high
1739223000,2025-02-10 21:30:00,2025-02-10 16:30:00,Mon,USD,President Trump Speaks,high
1739276100,2025-02-11 12:15:00,2025-02-11 07:15:00,Tue,GBP,BOE Gov Bailey Speaks,high
1739286000,2025-02-11 15:00:00,2025-02-11 10:00:00,Tue,USD,Fed Chairman Powell Testifies,high
1739306400,2025-02-11 20:40:00,2025-02-11 15:40:00,Tue,USD,President Trump Speaks,high
1739349000,2025-02-12 08:30:00,2025-02-12 03:30:00,Wed,EUR,Greek Presidential Elections,high
1739367000,2025-02-12 13:30:00,2025-02-12 08:30:00,Wed,USD,Core CPI m/m,high
1739367000,2025-02-12 13:30:00,2025-02-12 08:30:00,Wed,USD,Core CPI y/y,high
1739367000,2025-02-12 13:30:00,2025-02-12 08:30:00,Wed,USD,CPI m/m,high
1739367000,2025-02-12 13:30:00,2025-02-12 08:30:00,Wed,USD,CPI y/y,high
1739372400,2025-02-12 15:00:00,2025-02-12 10:00:00,Wed,USD,Fed Chairman Powell Testifies,high
1739393280,2025-02-12 20:48:00,2025-02-12 15:48:00,Wed,USD,President Trump Speaks,high
1739412000,2025-02-13 02:00:00,2025-02-12 21:00:00,Wed,NZD,Inflation Expectations q/q,high
1739430000,2025-02-13 07:00:00,2025-02-13 02:00:00,Thu,GBP,GDP m/m,high
1739431800,2025-02-13 07:30:00,2025-02-13 02:30:00,Thu,CHF,CPI m/m,high
1739453400,2025-02-13 13:30:00,2025-02-13 08:30:00,Thu,USD,Core PPI m/m,high
1739453400,2025-02-13 13:30:00,2025-02-13 08:30:00,Thu,USD,PPI m/m,high
1739453400,2025-02-13 13:30:00,2025-02-13 08:30:00,Thu,USD,Unemployment Claims,high
1739471760,2025-02-13 18:36:00,2025-02-13 13:36:00,Thu,USD,President Trump Speaks,high
1739539800,2025-02-14 13:30:00,2025-02-14 08:30:00,Fri,USD,Core Retail Sales m/m,high
1739539800,2025-02-14 13:30:00,2025-02-14 08:30:00,Fri,USD,Retail Sales m/m,high
1739560080,2025-02-14 19:08:00,2025-02-14 14:08:00,Fri,USD,President Trump Speaks,high
1739849400,2025-02-18 03:30:00,2025-02-17 22:30:00,Mon,AUD,Cash Rate,high
1739849400,2025-02-18 03:30:00,2025-02-17 22:30:00,Mon,AUD,RBA Monetary Policy Statement,high
1739849400,2025-02-18 03:30:00,2025-02-17 22:30:00,Mon,AUD,RBA Rate Statement,high
1739862000,2025-02-18 07:00:00,2025-02-18 02:00:00,Tue,GBP,Claimant Count Change,high
1739871000,2025-02-18 09:30:00,2025-02-18 04:30:00,Tue,GBP,BOE Gov Bailey Speaks,high
1739885400,2025-02-18 13:30:00,2025-02-18 08:30:00,Tue,CAD,CPI m/m,high
1739885400,2025-02-18 13:30:00,2025-02-18 08:30:00,Tue,CAD,Median CPI y/y,high
1739885400,2025-02-18 13:30:00,2025-02-18 08:30:00,Tue,CAD,Trimmed CPI y/y,high
1739913180,2025-02-18 21:13:00,2025-02-18 16:13:00,Tue,USD,President Trump Speaks,high
1739925000,2025-02-19 00:30:00,2025-02-18 19:30:00,Tue,AUD,Wage Price Index q/q,high
1739926800,2025-02-19 01:00:00,2025-02-18 20:00:00,Tue,NZD,Official Cash Rate,high
1739926800,2025-02-19 01:00:00,2025-02-18 20:00:00,Tue,NZD,RBNZ Monetary Policy Statement,high
1739926800,2025-02-19 01:00:00,2025-02-18 20:00:00,Tue,NZD,RBNZ Rate Statement,high
1739930400,2025-02-19 02:00:00,2025-02-18 21:00:00,Tue,NZD,RBNZ Press Conference,high
1739930400,2025-02-19 02:00:00,2025-02-18 21:00:00,Tue,USD,President Trump Speaks,high
1739948400,2025-02-19 07:00:00,2025-02-19 02:00:00,Wed,GBP,CPI y/y,high
1739991600,2025-02-19 19:00:00,2025-02-19 14:00:00,Wed,USD,FOMC Meeting Minutes,high
1740002400,2025-02-19 22:00:00,2025-02-19 17:00:00,Wed,USD,President Trump Speaks,high
1740011400,2025-02-20 00:30:00,2025-02-19 19:30:00,Wed,AUD,Employment Change,high
1740011400,2025-02-20 00:30:00,2025-02-19 19:30:00,Wed,AUD,Unemployment Rate,high
1740058200,2025-02-20 13:30:00,2025-02-20 08:30:00,Thu,USD,Unemployment Claims,high
1740090600,2025-02-20 22:30:00,2025-02-20 17:30:00,Thu,AUD,RBA Gov Bullock Speaks,high
1740097200,2025-02-21 00:20:00,2025-02-20 19:20:00,Thu,USD,President Trump Speaks,high
1740121200,2025-02-21 07:00:00,2025-02-21 02:00:00,Fri,GBP,Retail Sales m/m,high
1740125700,2025-02-21 08:15:00,2025-02-21 03:15:00,Fri,EUR,French Flash Manufacturing PMI,high
1740125700,2025-02-21 08:15:00,2025-02-21 03:15:00,Fri,EUR,French Flash Services PMI,high
1740126600,2025-02-21 08:30:00,2025-02-21 03:30:00,Fri,EUR,German Flash Manufacturing PMI,high
1740126600,2025-02-21 08:30:00,2025-02-21 03:30:00,Fri,EUR,German Flash Services PMI,high
1740130200,2025-02-21 09:30:00,2025-02-21 04:30:00,Fri,GBP,Flash Manufacturing PMI,high
1740130200,2025-02-21 09:30:00,2025-02-21 04:30:00,Fri,GBP,Flash Services PMI,high
1740144600,2025-02-21 13:30:00,2025-02-21 08:30:00,Fri,CAD,Core Retail Sales m/m,high
1740144600,2025-02-21 13:30:00,2025-02-21 08:30:00,Fri,CAD,Retail Sales m/m,high
1740149100,2025-02-21 14:45:00,2025-02-21 09:45:00,Fri,USD,Flash Manufacturing PMI,high
1740149100,2025-02-21 14:45:00,2025-02-21 09:45:00,Fri,USD,Flash Services PMI,high
1740159000,2025-02-21 17:30:00,2025-02-21 12:30:00,Fri,CAD,BOC Gov Macklem Speaks,high
1740171360,2025-02-21 20:56:00,2025-02-21 15:56:00,Fri,USD,President Trump Speaks,high
1740303000,2025-02-23 09:30:00,2025-02-23 04:30:00,Sun,EUR,German Federal Elections,high
1740426540,2025-02-24 19:49:00,2025-02-24 14:49:00,Mon,USD,President Trump Speaks,high
1740517140,2025-02-25 20:59:00,2025-02-25 15:59:00,Tue,USD,President Trump Speaks,high
1740529800,2025-02-26 00:30:00,2025-02-25 19:30:00,Tue,AUD,CPI y/y,high
1740663000,2025-02-27 13:30:00,2025-02-27 08:30:00,Thu,USD,Prelim GDP q/q,high
1740663000,2025-02-27 13:30:00,2025-02-27 08:30:00,Thu,USD,Unemployment Claims,high
1740727740,2025-02-28 07:29:00,2025-02-28 02:29:00,Fri,EUR,German Prelim CPI m/m,high
1740749400,2025-02-28 13:30:00,2025-02-28 08:30:00,Fri,CAD,GDP m/m,high
1740749400,2025-02-28 13:30:00,2025-02-28 08:30:00,Fri,USD,Core PCE Price Index m/m,high
1740762900,2025-02-28 17:15:00,2025-02-28 12:15:00,Fri,USD,President Trump Speaks,high
1740792600,2025-03-01 01:30:00,2025-02-28 20:30:00,Fri,CNY,Manufacturing PMI,high
1741014000,2025-03-03 15:00:00,2025-03-03 10:00:00,Mon,USD,ISM Manufacturing PMI,high
1741134600,2025-03-05 00:30:00,2025-03-04 19:30:00,Tue,AUD,GDP q/q,high
1741140600,2025-03-05 02:10:00,2025-03-04 21:10:00,Tue,USD,President Trump Speaks,high
1741159800,2025-03-05 07:30:00,2025-03-05 02:30:00,Wed,CHF,CPI m/m,high
1741180500,2025-03-05 13:15:00,2025-03-05 08:15:00,Wed,USD,ADP Non-Farm Employment Change,high
1741186800,2025-03-05 15:00:00,2025-03-05 10:00:00,Wed,USD,ISM Services PMI,high
1741259700,2025-03-06 11:15:00,2025-03-06 06:15:00,Thu,EUR,Euro Summit,high
1741266900,2025-03-06 13:15:00,2025-03-06 08:15:00,Thu,EUR,Main Refinancing Rate,high
1741266900,2025-03-06 13:15:00,2025-03-06 08:15:00,Thu,EUR,Monetary Policy Statement,high
1741267800,2025-03-06 13:30:00,2025-03-06 08:30:00,Thu,USD,Unemployment Claims,high
1741268700,2025-03-06 13:45:00,2025-03-06 08:45:00,Thu,EUR,ECB Press Conference,high
1741354200,2025-03-07 13:30:00,2025-03-07 08:30:00,Fri,CAD,Employment Change,high
1741354200,2025-03-07 13:30:00,2025-03-07 08:30:00,Fri,CAD,Unemployment Rate,high
1741354200,2025-03-07 13:30:00,2025-03-07 08:30:00,Fri,USD,Average Hourly Earnings m/m,high
1741354200,2025-03-07 13:30:00,2025-03-07 08:30:00,Fri,USD,Non-Farm Employment Change,high
1741354200,2025-03-07 13:30:00,2025-03-07 08:30:00,Fri,USD,Unemployment Rate,high
1741368600,2025-03-07 17:30:00,2025-03-07 12:30:00,Fri,USD,FOMC Member Powell Speaks,high
1741701600,2025-03-11 14:00:00,2025-03-11 10:00:00,Tue,USD,JOLTS Job Openings,high
1741782600,2025-03-12 12:30:00,2025-03-12 08:30:00,Wed,USD,Core CPI m/m,high
1741782600,2025-03-12 12:30:00,2025-03-12 08:30:00,Wed,USD,Core CPI y/y,high
1741782600,2025-03-12 12:30:00,2025-03-12 08:30:00,Wed,USD,CPI m/m,high
1741782600,2025-03-12 12:30:00,2025-03-12 08:30:00,Wed,USD,CPI y/y,high
1741787100,2025-03-12 13:45:00,2025-03-12 09:45:00,Wed,CAD,BOC Rate Statement,high
1741787100,2025-03-12 13:45:00,2025-03-12 09:45:00,Wed,CAD,Overnight Rate,high
1741789800,2025-03-12 14:30:00,2025-03-12 10:30:00,Wed,CAD,BOC Press Conference,high
1741869000,2025-03-13 12:30:00,2025-03-13 08:30:00,Thu,USD,Core PPI m/m,high
1741869000,2025-03-13 12:30:00,2025-03-13 08:30:00,Thu,USD,PPI m/m,high
1741869000,2025-03-13 12:30:00,2025-03-13 08:30:00,Thu,USD,Unemployment Claims,high
1741935600,2025-03-14 07:00:00,2025-03-14 03:00:00,Fri,GBP,GDP m/m,high
1741960800,2025-03-14 14:00:00,2025-03-14 10:00:00,Fri,USD,Prelim UoM Consumer Sentiment,high
1741960800,2025-03-14 14:00:00,2025-03-14 10:00:00,Fri,USD,Prelim UoM Inflation Expectations,high
1742214600,2025-03-17 12:30:00,2025-03-17 08:30:00,Mon,USD,Core Retail Sales m/m,high
1742214600,2025-03-17 12:30:00,2025-03-17 08:30:00,Mon,USD,Retail Sales m/m,high
1742301000,2025-03-18 12:30:00,2025-03-18 08:30:00,Tue,CAD,CPI m/m,high
1742301000,2025-03-18 12:30:00,2025-03-18 08:30:00,Tue,CAD,Median CPI y/y,high
1742301000,2025-03-18 12:30:00,2025-03-18 08:30:00,Tue,CAD,Trimmed CPI y/y,high
1742351100,2025-03-19 02:25:00,2025-03-18 22:25:00,Tue,JPY,BOJ Policy Rate,high
1742351100,2025-03-19 02:25:00,2025-03-18 22:25:00,Tue,JPY,Monetary Policy Statement,high
1742365800,2025-03-19 06:30:00,2025-03-19 02:30:00,Wed,JPY,BOJ Press Conference,high
1742407200,2025-03-19 18:00:00,2025-03-19 14:00:00,Wed,USD,Federal Funds Rate,high
1742407200,2025-03-19 18:00:00,2025-03-19 14:00:00,Wed,USD,FOMC Economic Projections,high
1742407200,2025-03-19 18:00:00,2025-03-19 14:00:00,Wed,USD,FOMC Statement,high
1742409000,2025-03-19 18:30:00,2025-03-19 14:30:00,Wed,USD,FOMC Press Conference,high
1742420700,2025-03-19 21:45:00,2025-03-19 17:45:00,Wed,NZD,GDP q/q,high
1742430600,2025-03-20 00:30:00,2025-03-19 20:30:00,Wed,AUD,Employment Change,high
1742430600,2025-03-20 00:30:00,2025-03-19 20:30:00,Wed,AUD,Unemployment Rate,high
1742454000,2025-03-20 07:00:00,2025-03-20 03:00:00,Thu,GBP,Claimant Count Change,high
1742459400,2025-03-20 08:30:00,2025-03-20 04:30:00,Thu,CHF,SNB Monetary Policy Assessment,high
1742459400,2025-03-20 08:30:00,2025-03-20 04:30:00,Thu,CHF,SNB Policy Rate,high
1742461200,2025-03-20 09:00:00,2025-03-20 05:00:00,Thu,CHF,SNB Press Conference,high
1742472000,2025-03-20 12:00:00,2025-03-20 08:00:00,Thu,GBP,Monetary Policy Summary,high
1742472000,2025-03-20 12:00:00,2025-03-20 08:00:00,Thu,GBP,MPC Official Bank Rate Votes,high
1742472000,2025-03-20 12:00:00,2025-03-20 08:00:00,Thu,GBP,Official Bank Rate,high
1742473800,2025-03-20 12:30:00,2025-03-20 08:30:00,Thu,USD,Unemployment Claims,high
1742489400,2025-03-20 16:50:00,2025-03-20 12:50:00,Thu,CAD,BOC Gov Macklem Speaks,high
1742560200,2025-03-21 12:30:00,2025-03-21 08:30:00,Fri,CAD,Core Retail Sales m/m,high
1742560200,2025-03-21 12:30:00,2025-03-21 08:30:00,Fri,CAD,Retail Sales m/m,high
1742804100,2025-03-24 08:15:00,2025-03-24 04:15:00,Mon,EUR,French Flash Manufacturing PMI,high
1742804100,2025-03-24 08:15:00,2025-03-24 04:15:00,Mon,EUR,French Flash Services PMI,high
1742805000,2025-03-24 08:30:00,2025-03-24 04:30:00,Mon,EUR,German Flash Manufacturing PMI,high
1742805000,2025-03-24 08:30:00,2025-03-24 04:30:00,Mon,EUR,German Flash Services PMI,high
1742808600,2025-03-24 09:30:00,2025-03-24 05:30:00,Mon,GBP,Flash Manufacturing PMI,high
1742808600,2025-03-24 09:30:00,2025-03-24 05:30:00,Mon,GBP,Flash Services PMI,high
1742823900,2025-03-24 13:45:00,2025-03-24 09:45:00,Mon,USD,Flash Manufacturing PMI,high
1742823900,2025-03-24 13:45:00,2025-03-24 09:45:00,Mon,USD,Flash Services PMI,high
1742839200,2025-03-24 18:00:00,2025-03-24 14:00:00,Mon,GBP,BOE Gov Bailey Speaks,high
1742949000,2025-03-26 00:30:00,2025-03-25 20:30:00,Tue,AUD,CPI y/y,high
1742972400,2025-03-26 07:00:00,2025-03-26 03:00:00,Wed,GBP,CPI y/y,high
1742992200,2025-03-26 12:30:00,2025-03-26 08:30:00,Wed,GBP,Annual Budget Release,high
1743019200,2025-03-26 20:00:00,2025-03-26 16:00:00,Wed,USD,President Trump Speaks,high
1743078600,2025-03-27 12:30:00,2025-03-27 08:30:00,Thu,USD,Final GDP q/q,high
1743078600,2025-03-27 12:30:00,2025-03-27 08:30:00,Thu,USD,Unemployment Claims,high
1743145200,2025-03-28 07:00:00,2025-03-28 03:00:00,Fri,GBP,Retail Sales m/m,high
1743165000,2025-03-28 12:30:00,2025-03-28 08:30:00,Fri,CAD,GDP m/m,high
1743165000,2025-03-28 12:30:00,2025-03-28 08:30:00,Fri,USD,Core PCE Price Index m/m,high
1743384600,2025-03-31 01:30:00,2025-03-30 21:30:00,Sun,CNY,Manufacturing PMI,high
1743402540,2025-03-31 06:29:00,2025-03-31 02:29:00,Mon,EUR,German Prelim CPI m/m,high
1743478200,2025-04-01 03:30:00,2025-03-31 23:30:00,Mon,AUD,Cash Rate,high
1743478200,2025-04-01 03:30:00,2025-03-31 23:30:00,Mon,AUD,RBA Rate Statement,high
1743516000,2025-04-01 14:00:00,2025-04-01 10:00:00,Tue,USD,ISM Manufacturing PMI,high
1743516000,2025-04-01 14:00:00,2025-04-01 10:00:00,Tue,USD,JOLTS Job Openings,high
1743596100,2025-04-02 12:15:00,2025-04-02 08:15:00,Wed,USD,ADP Non-Farm Employment Change,high
1743624000,2025-04-02 20:00:00,2025-04-02 16:00:00,Wed,USD,President Trump Speaks,high
1743661800,2025-04-03 06:30:00,2025-04-03 02:30:00,Thu,CHF,CPI m/m,high
1743683400,2025-04-03 12:30:00,2025-04-03 08:30:00,Thu,USD,Unemployment Claims,high
1743688800,2025-04-03 14:00:00,2025-04-03 10:00:00,Thu,USD,ISM Services PMI,high
1743769800,2025-04-04 12:30:00,2025-04-04 08:30:00,Fri,CAD,Employment Change,high
1743769800,2025-04-04 12:30:00,2025-04-04 08:30:00,Fri,CAD,Unemployment Rate,high
1743769800,2025-04-04 12:30:00,2025-04-04 08:30:00,Fri,USD,Average Hourly Earnings m/m,high
1743769800,2025-04-04 12:30:00,2025-04-04 08:30:00,Fri,USD,Non-Farm Employment Change,high
1743769800,2025-04-04 12:30:00,2025-04-04 08:30:00,Fri,USD,Unemployment Rate,high
1743780300,2025-04-04 15:25:00,2025-04-04 11:25:00,Fri,USD,FOMC Member Powell Speaks,high
1744164000,2025-04-09 02:00:00,2025-04-08 22:00:00,Tue,NZD,Official Cash Rate,high
1744164000,2025-04-09 02:00:00,2025-04-08 22:00:00,Tue,NZD,RBNZ Rate Statement,high
1744179300,2025-04-09 06:15:00,2025-04-09 02:15:00,Wed,JPY,BOJ Gov Ueda Speaks,high
1744221600,2025-04-09 18:00:00,2025-04-09 14:00:00,Wed,USD,FOMC Meeting Minutes,high
1744279200,2025-04-10 10:00:00,2025-04-10 06:00:00,Thu,AUD,RBA Gov Bullock Speaks,high
1744288200,2025-04-10 12:30:00,2025-04-10 08:30:00,Thu,USD,Core CPI m/m,high
1744288200,2025-04-10 12:30:00,2025-04-10 08:30:00,Thu,USD,Core CPI y/y,high
1744288200,2025-04-10 12:30:00,2025-04-10 08:30:00,Thu,USD,CPI m/m,high
1744288200,2025-04-10 12:30:00,2025-04-10 08:30:00,Thu,USD,CPI y/y,high
1744288200,2025-04-10 12:30:00,2025-04-10 08:30:00,Thu,USD,Unemployment Claims,high
1744351200,2025-04-11 06:00:00,2025-04-11 02:00:00,Fri,GBP,GDP m/m,high
1744374600,2025-04-11 12:30:00,2025-04-11 08:30:00,Fri,USD,Core PPI m/m,high
1744374600,2025-04-11 12:30:00,2025-04-11 08:30:00,Fri,USD,PPI m/m,high
1744380000,2025-04-11 14:00:00,2025-04-11 10:00:00,Fri,USD,Prelim UoM Consumer Sentiment,high
1744380000,2025-04-11 14:00:00,2025-04-11 10:00:00,Fri,USD,Prelim UoM Inflation Expectations,high
1744696800,2025-04-15 06:00:00,2025-04-15 02:00:00,Tue,GBP,Claimant Count Change,high
1744720200,2025-04-15 12:30:00,2025-04-15 08:30:00,Tue,CAD,CPI m/m,high
1744720200,2025-04-15 12:30:00,2025-04-15 08:30:00,Tue,CAD,Median CPI y/y,high
1744720200,2025-04-15 12:30:00,2025-04-15 08:30:00,Tue,CAD,Trimmed CPI y/y,high
1744783200,2025-04-16 06:00:00,2025-04-16 02:00:00,Wed,GBP,CPI y/y,high
1744806600,2025-04-16 12:30:00,2025-04-16 08:30:00,Wed,USD,Core Retail Sales m/m,high
1744806600,2025-04-16 12:30:00,2025-04-16 08:30:00,Wed,USD,Retail Sales m/m,high
1744811100,2025-04-16 13:45:00,2025-04-16 09:45:00,Wed,CAD,BOC Monetary Policy Report,high
1744811100,2025-04-16 13:45:00,2025-04-16 09:45:00,Wed,CAD,BOC Rate Statement,high
1744811100,2025-04-16 13:45:00,2025-04-16 09:45:00,Wed,CAD,Overnight Rate,high
1744813800,2025-04-16 14:30:00,2025-04-16 10:30:00,Wed,CAD,BOC Press Conference,high
1744824600,2025-04-16 17:30:00,2025-04-16 13:30:00,Wed,USD,FOMC Member Powell Speaks,high
1744843500,2025-04-16 22:45:00,2025-04-16 18:45:00,Wed,NZD,CPI q/q,high
1744853400,2025-04-17 01:30:00,2025-04-16 21:30:00,Wed,AUD,Employment Change,high
1744853400,2025-04-17 01:30:00,2025-04-16 21:30:00,Wed,AUD,Unemployment Rate,high
1744892100,2025-04-17 12:15:00,2025-04-17 08:15:00,Thu,EUR,Main Refinancing Rate,high
1744892100,2025-04-17 12:15:00,2025-04-17 08:15:00,Thu,EUR,Monetary Policy Statement,high
1744893000,2025-04-17 12:30:00,2025-04-17 08:30:00,Thu,USD,Unemployment Claims,high
1744893900,2025-04-17 12:45:00,2025-04-17 08:45:00,Thu,EUR,ECB Press Conference,high
1745392500,2025-04-23 07:15:00,2025-04-23 03:15:00,Wed,EUR,French Flash Manufacturing PMI,high
1745392500,2025-04-23 07:15:00,2025-04-23 03:15:00,Wed,EUR,French Flash Services PMI,high
1745393400,2025-04-23 07:30:00,2025-04-23 03:30:00,Wed,EUR,German Flash Manufacturing PMI,high
1745393400,2025-04-23 07:30:00,2025-04-23 03:30:00,Wed,EUR,German Flash Services PMI,high
1745397000,2025-04-23 08:30:00,2025-04-23 04:30:00,Wed,GBP,Flash Manufacturing PMI,high
1745397000,2025-04-23 08:30:00,2025-04-23 04:30:00,Wed,GBP,Flash Services PMI,high
1745415900,2025-04-23 13:45:00,2025-04-23 09:45:00,Wed,USD,Flash Manufacturing PMI,high
1745415900,2025-04-23 13:45:00,2025-04-23 09:45:00,Wed,USD,Flash Services PMI,high
1745428500,2025-04-23 17:15:00,2025-04-23 13:15:00,Wed,GBP,BOE Gov Bailey Speaks,high
1745497800,2025-04-24 12:30:00,2025-04-24 08:30:00,Thu,USD,Unemployment Claims,high
1745560800,2025-04-25 06:00:00,2025-04-25 02:00:00,Fri,GBP,Retail Sales m/m,high
1745568000,2025-04-25 08:00:00,2025-04-25 04:00:00,Fri,CHF,SNB Chairman Schlegel Speaks,high
1745584200,2025-04-25 12:30:00,2025-04-25 08:30:00,Fri,CAD,Core Retail Sales m/m,high
1745584200,2025-04-25 12:30:00,2025-04-25 08:30:00,Fri,CAD,Retail Sales m/m,high
1745849700,2025-04-28 14:15:00,2025-04-28 10:15:00,Mon,CAD,Federal Election,high
1745935200,2025-04-29 14:00:00,2025-04-29 10:00:00,Tue,USD,JOLTS Job Openings,high
1745976600,2025-04-30 01:30:00,2025-04-29 21:30:00,Tue,AUD,CPI m/m,high
1745976600,2025-04-30 01:30:00,2025-04-29 21:30:00,Tue,AUD,CPI y/y,high
1745976600,2025-04-30 01:30:00,2025-04-29 21:30:00,Tue,AUD,Trimmed Mean CPI m/m,high
1745976600,2025-04-30 01:30:00,2025-04-29 21:30:00,Tue,CNY,Manufacturing PMI,high
1745994540,2025-04-30 06:29:00,2025-04-30 02:29:00,Wed,EUR,German Prelim CPI m/m,high
1746015300,2025-04-30 12:15:00,2025-04-30 08:15:00,Wed,USD,ADP Non-Farm Employment Change,high
1746016200,2025-04-30 12:30:00,2025-04-30 08:30:00,Wed,CAD,GDP m/m,high
1746016200,2025-04-30 12:30:00,2025-04-30 08:30:00,Wed,USD,Advance GDP q/q,high
1746016200,2025-04-30 12:30:00,2025-04-30 08:30:00,Wed,USD,Employment Cost Index q/q,high
1746021600,2025-04-30 14:00:00,2025-04-30 10:00:00,Wed,USD,Core PCE Price Index m/m,high
1746068580,2025-05-01 03:03:00,2025-04-30 23:03:00,Wed,JPY,BOJ Outlook Report,high
1746068580,2025-05-01 03:03:00,2025-04-30 23:03:00,Wed,JPY,BOJ Policy Rate,high
1746068580,2025-05-01 03:03:00,2025-04-30 23:03:00,Wed,JPY,Monetary Policy Statement,high
1746081000,2025-05-01 06:30:00,2025-05-01 02:30:00,Thu,JPY,BOJ Press Conference,high
1746102600,2025-05-01 12:30:00,2025-05-01 08:30:00,Thu,USD,Unemployment Claims,high
1746108000,2025-05-01 14:00:00,2025-05-01 10:00:00,Thu,USD,ISM Manufacturing PMI,high
1746189000,2025-05-02 12:30:00,2025-05-02 08:30:00,Fri,USD,Average Hourly Earnings m/m,high
1746189000,2025-05-02 12:30:00,2025-05-02 08:30:00,Fri,USD,Non-Farm Employment Change,high
1746189000,2025-05-02 12:30:00,2025-05-02 08:30:00,Fri,USD,Unemployment Rate,high
1746235800,2025-05-03 01:30:00,2025-05-02 21:30:00,Fri,AUD,Parliamentary Elections,high
1746426600,2025-05-05 06:30:00,2025-05-05 02:30:00,Mon,CHF,CPI m/m,high
1746453600,2025-05-05 14:00:00,2025-05-05 10:00:00,Mon,USD,ISM Services PMI,high
1746571500,2025-05-06 22:45:00,2025-05-06 18:45:00,Tue,NZD,Employment Change q/q,high
1746571500,2025-05-06 22:45:00,2025-05-06 18:45:00,Tue,NZD,Unemployment Rate,high
1746640800,2025-05-07 18:00:00,2025-05-07 14:00:00,Wed,USD,Federal Funds Rate,high
1746640800,2025-05-07 18:00:00,2025-05-07 14:00:00,Wed,USD,FOMC Statement,high
1746642600,2025-05-07 18:30:00,2025-05-07 14:30:00,Wed,USD,FOMC Press Conference,high
1746702120,2025-05-08 11:02:00,2025-05-08 07:02:00,Thu,GBP,BOE Monetary Policy Report,high
1746702120,2025-05-08 11:02:00,2025-05-08 07:02:00,Thu,GBP,Monetary Policy Summary,high
1746702120,2025-05-08 11:02:00,2025-05-08 07:02:00,Thu,GBP,MPC Official Bank Rate Votes,high
1746702120,2025-05-08 11:02:00,2025-05-08 07:02:00,Thu,GBP,Official Bank Rate,high
1746703800,2025-05-08 11:30:00,2025-05-08 07:30:00,Thu,GBP,BOE Gov Bailey Speaks,high
1746707400,2025-05-08 12:30:00,2025-05-08 08:30:00,Thu,USD,Unemployment Claims,high
1746712800,2025-05-08 14:00:00,2025-05-08 10:00:00,Thu,USD,President Trump Speaks,high
1746716400,2025-05-08 15:00:00,2025-05-08 11:00:00,Thu,CAD,BOC Press Conference,high
1746780000,2025-05-09 08:40:00,2025-05-09 04:40:00,Fri,GBP,BOE Gov Bailey Speaks,high
1746793800,2025-05-09 12:30:00,2025-05-09 08:30:00,Fri,CAD,Employment Change,high
1746793800,2025-05-09 12:30:00,2025-05-09 08:30:00,Fri,CAD,Unemployment Rate,high
1747116000,2025-05-13 06:00:00,2025-05-13 02:00:00,Tue,GBP,Claimant Count Change,high
1747139400,2025-05-13 12:30:00,2025-05-13 08:30:00,Tue,USD,Core CPI m/m,high
1747139400,2025-05-13 12:30:00,2025-05-13 08:30:00,Tue,USD,Core CPI y/y,high
1747139400,2025-05-13 12:30:00,2025-05-13 08:30:00,Tue,USD,CPI m/m,high
1747139400,2025-05-13 12:30:00,2025-05-13 08:30:00,Tue,USD,CPI y/y,high
1747148400,2025-05-13 15:00:00,2025-05-13 11:00:00,Tue,GBP,BOE Gov Bailey Speaks,high
1747186200,2025-05-14 01:30:00,2025-05-13 21:30:00,Tue,AUD,Wage Price Index q/q,high
1747272600,2025-05-15 01:30:00,2025-05-14 21:30:00,Wed,AUD,Employment Change,high
1747272600,2025-05-15 01:30:00,2025-05-14 21:30:00,Wed,AUD,Unemployment Rate,high
1747288800,2025-05-15 06:00:00,2025-05-15 02:00:00,Thu,GBP,GDP m/m,high
1747312200,2025-05-15 12:30:00,2025-05-15 08:30:00,Thu,USD,Core PPI m/m,high
1747312200,2025-05-15 12:30:00,2025-05-15 08:30:00,Thu,USD,Core Retail Sales m/m,high
1747312200,2025-05-15 12:30:00,2025-05-15 08:30:00,Thu,USD,PPI m/m,high
1747312200,2025-05-15 12:30:00,2025-05-15 08:30:00,Thu,USD,Retail Sales m/m,high
1747312200,2025-05-15 12:30:00,2025-05-15 08:30:00,Thu,USD,Unemployment Claims,high
1747312800,2025-05-15 12:40:00,2025-05-15 08:40:00,Thu,USD,FOMC Member Powell Speaks,high
1747404000,2025-05-16 14:00:00,2025-05-16 10:00:00,Fri,USD,Prelim UoM Consumer Sentiment,high
1747404000,2025-05-16 14:00:00,2025-05-16 10:00:00,Fri,USD,Prelim UoM Inflation Expectations,high
1747715400,2025-05-20 04:30:00,2025-05-20 00:30:00,Tue,AUD,Cash Rate,high
1747715400,2025-05-20 04:30:00,2025-05-20 00:30:00,Tue,AUD,RBA Monetary Policy Statement,high
1747715400,2025-05-20 04:30:00,2025-05-20 00:30:00,Tue,AUD,RBA Rate Statement,high
1747744200,2025-05-20 12:30:00,2025-05-20 08:30:00,Tue,CAD,CPI m/m,high
1747744200,2025-05-20 12:30:00,2025-05-20 08:30:00,Tue,CAD,Median CPI y/y,high
1747744200,2025-05-20 12:30:00,2025-05-20 08:30:00,Tue,CAD,Trimmed CPI y/y,high
1747807200,2025-05-21 06:00:00,2025-05-21 02:00:00,Wed,GBP,CPI y/y,high
1747898100,2025-05-22 07:15:00,2025-05-22 03:15:00,Thu,EUR,French Flash Manufacturing PMI,high
1747898100,2025-05-22 07:15:00,2025-05-22 03:15:00,Thu,EUR,French Flash Services PMI,high
1747899000,2025-05-22 07:30:00,2025-05-22 03:30:00,Thu,EUR,German Flash Manufacturing PMI,high
1747899000,2025-05-22 07:30:00,2025-05-22 03:30:00,Thu,EUR,German Flash Services PMI,high
1747902600,2025-05-22 08:30:00,2025-05-22 04:30:00,Thu,GBP,Flash Manufacturing PMI,high
1747902600,2025-05-22 08:30:00,2025-05-22 04:30:00,Thu,GBP,Flash Services PMI,high
1747917000,2025-05-22 12:30:00,2025-05-22 08:30:00,Thu,USD,Unemployment Claims,high
1747921500,2025-05-22 13:45:00,2025-05-22 09:45:00,Thu,USD,Flash Manufacturing PMI,high
1747921500,2025-05-22 13:45:00,2025-05-22 09:45:00,Thu,USD,Flash Services PMI,high
1747938600,2025-05-22 18:30:00,2025-05-22 14:30:00,Thu,CAD,BOC Gov Macklem Speaks,high
1747980000,2025-05-23 06:00:00,2025-05-23 02:00:00,Fri,GBP,Retail Sales m/m,high
1748003400,2025-05-23 12:30:00,2025-05-23 08:30:00,Fri,CAD,Core Retail Sales m/m,high
1748003400,2025-05-23 12:30:00,2025-05-23 08:30:00,Fri,CAD,Retail Sales m/m,high
1748304000,2025-05-27 00:00:00,2025-05-26 20:00:00,Mon,JPY,BOJ Gov Ueda Speaks,high
1748395800,2025-05-28 01:30:00,2025-05-27 21:30:00,Tue,AUD,CPI y/y,high
1748397600,2025-05-28 02:00:00,2025-05-27 22:00:00,Tue,NZD,Official Cash Rate,high
1748397600,2025-05-28 02:00:00,2025-05-27 22:00:00,Tue,NZD,RBNZ Monetary Policy Statement,high
1748397600,2025-05-28 02:00:00,2025-05-27 22:00:00,Tue,NZD,RBNZ Rate Statement,high
1748401200,2025-05-28 03:00:00,2025-05-27 23:00:00,Tue,NZD,RBNZ Press Conference,high
1748455200,2025-05-28 18:00:00,2025-05-28 14:00:00,Wed,USD,FOMC Meeting Minutes,high
1748521800,2025-05-29 12:30:00,2025-05-29 08:30:00,Thu,USD,Prelim GDP q/q,high
1748521800,2025-05-29 12:30:00,2025-05-29 08:30:00,Thu,USD,Unemployment Claims,high
1748530800,2025-05-29 15:00:00,2025-05-29 11:00:00,Thu,GBP,BOE Gov Bailey Speaks,high
1748586540,2025-05-30 06:29:00,2025-05-30 02:29:00,Fri,EUR,German Prelim CPI m/m,high
1748608200,2025-05-30 12:30:00,2025-05-30 08:30:00,Fri,CAD,GDP m/m,high
1748608200,2025-05-30 12:30:00,2025-05-30 08:30:00,Fri,USD,Core PCE Price Index m/m,high
1748655000,2025-05-31 01:30:00,2025-05-30 21:30:00,Fri,CNY,Manufacturing PMI,high
1748872800,2025-06-02 14:00:00,2025-06-02 10:00:00,Mon,USD,ISM Manufacturing PMI,high
1748883600,2025-06-02 17:00:00,2025-06-02 13:00:00,Mon,USD,FOMC Member Powell Speaks,high
1748932200,2025-06-03 06:30:00,2025-06-03 02:30:00,Tue,CHF,CPI m/m,high
1748937000,2025-06-03 07:50:00,2025-06-03 03:50:00,Tue,JPY,BOJ Gov Ueda Speaks,high
1748959200,2025-06-03 14:00:00,2025-06-03 10:00:00,Tue,USD,JOLTS Job Openings,high
1749000600,2025-06-04 01:30:00,2025-06-03 21:30:00,Tue,AUD,GDP q/q,high
1749039300,2025-06-04 12:15:00,2025-06-04 08:15:00,Wed,USD,ADP Non-Farm Employment Change,high
1749044700,2025-06-04 13:45:00,2025-06-04 09:45:00,Wed,CAD,BOC Rate Statement,high
1749044700,2025-06-04 13:45:00,2025-06-04 09:45:00,Wed,CAD,Overnight Rate,high
1749045600,2025-06-04 14:00:00,2025-06-04 10:00:00,Wed,USD,ISM Services PMI,high
1749047400,2025-06-04 14:30:00,2025-06-04 10:30:00,Wed,CAD,BOC Press Conference,high
1749125700,2025-06-05 12:15:00,2025-06-05 08:15:00,Thu,EUR,Main Refinancing Rate,high
1749125700,2025-06-05 12:15:00,2025-06-05 08:15:00,Thu,EUR,Monetary Policy Statement,high
1749126600,2025-06-05 12:30:00,2025-06-05 08:30:00,Thu,USD,Unemployment Claims,high
1749127500,2025-06-05 12:45:00,2025-06-05 08:45:00,Thu,EUR,ECB Press Conference,high
1749213000,2025-06-06 12:30:00,2025-06-06 08:30:00,Fri,CAD,Employment Change,high
1749213000,2025-06-06 12:30:00,2025-06-06 08:30:00,Fri,CAD,Unemployment Rate,high
1749213000,2025-06-06 12:30:00,2025-06-06 08:30:00,Fri,USD,Average Hourly Earnings m/m,high
1749213000,2025-06-06 12:30:00,2025-06-06 08:30:00,Fri,USD,Non-Farm Employment Change,high
1749213000,2025-06-06 12:30:00,2025-06-06 08:30:00,Fri,USD,Unemployment Rate,high
1749645000,2025-06-11 12:30:00,2025-06-11 08:30:00,Wed,USD,Core CPI m/m,high
1749645000,2025-06-11 12:30:00,2025-06-11 08:30:00,Wed,USD,Core CPI y/y,high
1749645000,2025-06-11 12:30:00,2025-06-11 08:30:00,Wed,USD,CPI m/m,high
1749645000,2025-06-11 12:30:00,2025-06-11 08:30:00,Wed,USD,CPI y/y,high
1749708000,2025-06-12 06:00:00,2025-06-12 02:00:00,Thu,GBP,GDP m/m,high
1749731400,2025-06-12 12:30:00,2025-06-12 08:30:00,Thu,USD,Core PPI m/m,high
1749731400,2025-06-12 12:30:00,2025-06-12 08:30:00,Thu,USD,PPI m/m,high
1749731400,2025-06-12 12:30:00,2025-06-12 08:30:00,Thu,USD,Unemployment Claims,high
1749823200,2025-06-13 14:00:00,2025-06-13 10:00:00,Fri,USD,Prelim UoM Consumer Sentiment,high
1749823200,2025-06-13 14:00:00,2025-06-13 10:00:00,Fri,USD,Prelim UoM Inflation Expectations,high
1750131000,2025-06-17 03:30:00,2025-06-16 23:30:00,Mon,JPY,BOJ Policy Rate,high
1750131000,2025-06-17 03:30:00,2025-06-16 23:30:00,Mon,JPY,Monetary Policy Statement,high
1750141800,2025-06-17 06:30:00,2025-06-17 02:30:00,Tue,JPY,BOJ Press Conference,high
1750163400,2025-06-17 12:30:00,2025-06-17 08:30:00,Tue,USD,Core Retail Sales m/m,high
1750163400,2025-06-17 12:30:00,2025-06-17 08:30:00,Tue,USD,Retail Sales m/m,high
1750226400,2025-06-18 06:00:00,2025-06-18 02:00:00,Wed,GBP,CPI y/y,high
1750249800,2025-06-18 12:30:00,2025-06-18 08:30:00,Wed,USD,Unemployment Claims,high
1750259700,2025-06-18 15:15:00,2025-06-18 11:15:00,Wed,CAD,BOC Gov Macklem Speaks,high
1750269600,2025-06-18 18:00:00,2025-06-18 14:00:00,Wed,USD,Federal Funds Rate,high
1750269600,2025-06-18 18:00:00,2025-06-18 14:00:00,Wed,USD,FOMC Economic Projections,high
1750269600,2025-06-18 18:00:00,2025-06-18 14:00:00,Wed,USD,FOMC Statement,high
1750271400,2025-06-18 18:30:00,2025-06-18 14:30:00,Wed,USD,FOMC Press Conference,high
1750286700,2025-06-18 22:45:00,2025-06-18 18:45:00,Wed,NZD,GDP q/q,high
1750296600,2025-06-19 01:30:00,2025-06-18 21:30:00,Wed,AUD,Employment Change,high
1750296600,2025-06-19 01:30:00,2025-06-18 21:30:00,Wed,AUD,Unemployment Rate,high
1750318200,2025-06-19 07:30:00,2025-06-19 03:30:00,Thu,CHF,SNB Monetary Policy Assessment,high
1750318200,2025-06-19 07:30:00,2025-06-19 03:30:00,Thu,CHF,SNB Policy Rate,high
1750320000,2025-06-19 08:00:00,2025-06-19 04:00:00,Thu,CHF,SNB Press Conference,high
1750330800,2025-06-19 11:00:00,2025-06-19 07:00:00,Thu,GBP,Monetary Policy Summary,high
1750330800,2025-06-19 11:00:00,2025-06-19 07:00:00,Thu,GBP,MPC Official Bank Rate Votes,high
1750330800,2025-06-19 11:00:00,2025-06-19 07:00:00,Thu,GBP,Official Bank Rate,high
1750399200,2025-06-20 06:00:00,2025-06-20 02:00:00,Fri,GBP,Retail Sales m/m,high
1750401600,2025-06-20 06:40:00,2025-06-20 02:40:00,Fri,JPY,BOJ Gov Ueda Speaks,high
1750557600,2025-06-22 02:00:00,2025-06-21 22:00:00,Sat,USD,President Trump Speaks,high
1750662900,2025-06-23 07:15:00,2025-06-23 03:15:00,Mon,EUR,French Flash Manufacturing PMI,high
1750662900,2025-06-23 07:15:00,2025-06-23 03:15:00,Mon,EUR,French Flash Services PMI,high
1750663800,2025-06-23 07:30:00,2025-06-23 03:30:00,Mon,EUR,German Flash Manufacturing PMI,high
1750663800,2025-06-23 07:30:00,2025-06-23 03:30:00,Mon,EUR,German Flash Services PMI,high
1750667400,2025-06-23 08:30:00,2025-06-23 04:30:00,Mon,GBP,Flash Manufacturing PMI,high
1750667400,2025-06-23 08:30:00,2025-06-23 04:30:00,Mon,GBP,Flash Services PMI,high
1750686300,2025-06-23 13:45:00,2025-06-23 09:45:00,Mon,USD,Flash Manufacturing PMI,high
1750686300,2025-06-23 13:45:00,2025-06-23 09:45:00,Mon,USD,Flash Services PMI,high
1750752000,2025-06-24 08:00:00,2025-06-24 04:00:00,Tue,GBP,BOE Gov Bailey Speaks,high
1750768200,2025-06-24 12:30:00,2025-06-24 08:30:00,Tue,CAD,CPI m/m,high
1750768200,2025-06-24 12:30:00,2025-06-24 08:30:00,Tue,CAD,Median CPI y/y,high
1750768200,2025-06-24 12:30:00,2025-06-24 08:30:00,Tue,CAD,Trimmed CPI y/y,high
1750773600,2025-06-24 14:00:00,2025-06-24 10:00:00,Tue,GBP,BOE Gov Bailey Speaks,high
1750773600,2025-06-24 14:00:00,2025-06-24 10:00:00,Tue,USD,Fed Chairman Powell Testifies,high
1750815000,2025-06-25 01:30:00,2025-06-24 21:30:00,Tue,AUD,CPI y/y,high
1750860000,2025-06-25 14:00:00,2025-06-25 10:00:00,Wed,USD,Fed Chairman Powell Testifies,high
1750935600,2025-06-26 11:00:00,2025-06-26 07:00:00,Thu,GBP,BOE Gov Bailey Speaks,high
1750941000,2025-06-26 12:30:00,2025-06-26 08:30:00,Thu,USD,Final GDP q/q,high
1750941000,2025-06-26 12:30:00,2025-06-26 08:30:00,Thu,USD,Unemployment Claims,high
1751027400,2025-06-27 12:30:00,2025-06-27 08:30:00,Fri,CAD,GDP m/m,high
1751027400,2025-06-27 12:30:00,2025-06-27 08:30:00,Fri,USD,Core PCE Price Index m/m,high
1751247000,2025-06-30 01:30:00,2025-06-29 21:30:00,Sun,CNY,Manufacturing PMI,high
1751376600,2025-07-01 13:30:00,2025-07-01 09:30:00,Tue,GBP,BOE Gov Bailey Speaks,high
1751376600,2025-07-01 13:30:00,2025-07-01 09:30:00,Tue,JPY,BOJ Gov Ueda Speaks,high
1751376600,2025-07-01 13:30:00,2025-07-01 09:30:00,Tue,USD,FOMC Member Powell Speaks,high
1751378400,2025-07-01 14:00:00,2025-07-01 10:00:00,Tue,USD,ISM Manufacturing PMI,high
1751378400,2025-07-01 14:00:00,2025-07-01 10:00:00,Tue,USD,JOLTS Job Openings,high
1751458500,2025-07-02 12:15:00,2025-07-02 08:15:00,Wed,USD,ADP Non-Farm Employment Change,high
1751524200,2025-07-03 06:30:00,2025-07-03 02:30:00,Thu,CHF,CPI m/m,high
1751545200,2025-07-03 12:20:00,2025-07-03 08:20:00,Thu,GBP,BOE Gov Bailey Speaks,high
1751545800,2025-07-03 12:30:00,2025-07-03 08:30:00,Thu,USD,Average Hourly Earnings m/m,high
1751545800,2025-07-03 12:30:00,2025-07-03 08:30:00,Thu,USD,Non-Farm Employment Change,high
1751545800,2025-07-03 12:30:00,2025-07-03 08:30:00,Thu,USD,Unemployment Rate,high
1751551200,2025-07-03 14:00:00,2025-07-03 10:00:00,Thu,USD,ISM Services PMI,high
1751949000,2025-07-08 04:30:00,2025-07-08 00:30:00,Tue,AUD,Cash Rate,high
1751949000,2025-07-08 04:30:00,2025-07-08 00:30:00,Tue,AUD,RBA Rate Statement,high
1751952600,2025-07-08 05:30:00,2025-07-08 01:30:00,Tue,AUD,RBA Press Conference,high
1752026400,2025-07-09 02:00:00,2025-07-08 22:00:00,Tue,NZD,Official Cash Rate,high
1752026400,2025-07-09 02:00:00,2025-07-08 22:00:00,Tue,NZD,RBNZ Rate Statement,high
1752055200,2025-07-09 10:00:00,2025-07-09 06:00:00,Wed,GBP,BOE Gov Bailey Speaks,high
1752084000,2025-07-09 18:00:00,2025-07-09 14:00:00,Wed,USD,FOMC Meeting Minutes,high
1752150600,2025-07-10 12:30:00,2025-07-10 08:30:00,Thu,USD,Unemployment Claims,high
1752213600,2025-07-11 06:00:00,2025-07-11 02:00:00,Fri,GBP,GDP m/m,high
1752237000,2025-07-11 12:30:00,2025-07-11 08:30:00,Fri,CAD,Employment Change,high
1752237000,2025-07-11 12:30:00,2025-07-11 08:30:00,Fri,CAD,Unemployment Rate,high
1752582600,2025-07-15 12:30:00,2025-07-15 08:30:00,Tue,CAD,CPI m/m,high
1752582600,2025-07-15 12:30:00,2025-07-15 08:30:00,Tue,CAD,Median CPI y/y,high
1752582600,2025-07-15 12:30:00,2025-07-15 08:30:00,Tue,CAD,Trimmed CPI y/y,high
1752582600,2025-07-15 12:30:00,2025-07-15 08:30:00,Tue,USD,Core CPI m/m,high
1752582600,2025-07-15 12:30:00,2025-07-15 08:30:00,Tue,USD,Core CPI y/y,high
1752582600,2025-07-15 12:30:00,2025-07-15 08:30:00,Tue,USD,CPI m/m,high
1752582600,2025-07-15 12:30:00,2025-07-15 08:30:00,Tue,USD,CPI y/y,high
1752609600,2025-07-15 20:00:00,2025-07-15 16:00:00,Tue,GBP,BOE Gov Bailey Speaks,high
1752645600,2025-07-16 06:00:00,2025-07-16 02:00:00,Wed,GBP,CPI y/y,high
1752669000,2025-07-16 12:30:00,2025-07-16 08:30:00,Wed,USD,Core PPI m/m,high
1752669000,2025-07-16 12:30:00,2025-07-16 08:30:00,Wed,USD,PPI m/m,high
1752715800,2025-07-17 01:30:00,2025-07-16 21:30:00,Wed,AUD,Employment Change,high
1752715800,2025-07-17 01:30:00,2025-07-16 21:30:00,Wed,AUD,Unemployment Rate,high
1752755400,2025-07-17 12:30:00,2025-07-17 08:30:00,Thu,USD,Core Retail Sales m/m,high
1752755400,2025-07-17 12:30:00,2025-07-17 08:30:00,Thu,USD,Retail Sales m/m,high
1752755400,2025-07-17 12:30:00,2025-07-17 08:30:00,Thu,USD,Unemployment Claims,high
1752994800,2025-07-20 07:00:00,2025-07-20 03:00:00,Sun,JPY,Upper House Elections,high
1753051500,2025-07-20 22:45:00,2025-07-20 18:45:00,Sun,NZD,CPI q/q,high
1753175700,2025-07-22 09:15:00,2025-07-22 05:15:00,Tue,GBP,BOE Gov Bailey Speaks,high
1753326300,2025-07-24 03:05:00,2025-07-23 23:05:00,Wed,AUD,RBA Gov Bullock Speaks,high
1753341300,2025-07-24 07:15:00,2025-07-24 03:15:00,Thu,EUR,French Flash Manufacturing PMI,high
1753341300,2025-07-24 07:15:00,2025-07-24 03:15:00,Thu,EUR,French Flash Services PMI,high
1753342200,2025-07-24 07:30:00,2025-07-24 03:30:00,Thu,EUR,German Flash Manufacturing PMI,high
1753342200,2025-07-24 07:30:00,2025-07-24 03:30:00,Thu,EUR,German Flash Services PMI,high
1753345800,2025-07-24 08:30:00,2025-07-24 04:30:00,Thu,GBP,Flash Manufacturing PMI,high
1753345800,2025-07-24 08:30:00,2025-07-24 04:30:00,Thu,GBP,Flash Services PMI,high
1753359300,2025-07-24 12:15:00,2025-07-24 08:15:00,Thu,EUR,Main Refinancing Rate,high
1753359300,2025-07-24 12:15:00,2025-07-24 08:15:00,Thu,EUR,Monetary Policy Statement,high
1753360200,2025-07-24 12:30:00,2025-07-24 08:30:00,Thu,USD,Unemployment Claims,high
1753361100,2025-07-24 12:45:00,2025-07-24 08:45:00,Thu,EUR,ECB Press Conference,high
1753364700,2025-07-24 13:45:00,2025-07-24 09:45:00,Thu,USD,Flash Manufacturing PMI,high
1753364700,2025-07-24 13:45:00,2025-07-24 09:45:00,Thu,USD,Flash Services PMI,high
1753797600,2025-07-29 14:00:00,2025-07-29 10:00:00,Tue,USD,JOLTS Job Openings,high
1753839000,2025-07-30 01:30:00,2025-07-29 21:30:00,Tue,AUD,CPI m/m,high
1753839000,2025-07-30 01:30:00,2025-07-29 21:30:00,Tue,AUD,CPI y/y,high
1753839000,2025-07-30 01:30:00,2025-07-29 21:30:00,Tue,AUD,Trimmed Mean CPI m/m,high
1753862400,2025-07-30 08:00:00,2025-07-30 04:00:00,Wed,EUR,German Prelim GDP q/q,high
1753877700,2025-07-30 12:15:00,2025-07-30 08:15:00,Wed,USD,ADP Non-Farm Employment Change,high
1753878600,2025-07-30 12:30:00,2025-07-30 08:30:00,Wed,USD,Advance GDP q/q,high
1753883100,2025-07-30 13:45:00,2025-07-30 09:45:00,Wed,CAD,BOC Monetary Policy Report,high
1753883100,2025-07-30 13:45:00,2025-07-30 09:45:00,Wed,CAD,BOC Rate Statement,high
1753883100,2025-07-30 13:45:00,2025-07-30 09:45:00,Wed,CAD,Overnight Rate,high
1753885800,2025-07-30 14:30:00,2025-07-30 10:30:00,Wed,CAD,BOC Press Conference,high
1753898400,2025-07-30 18:00:00,2025-07-30 14:00:00,Wed,USD,Federal Funds Rate,high
1753898400,2025-07-30 18:00:00,2025-07-30 14:00:00,Wed,USD,FOMC Statement,high
1753900200,2025-07-30 18:30:00,2025-07-30 14:30:00,Wed,USD,FOMC Press Conference,high
1753925400,2025-07-31 01:30:00,2025-07-30 21:30:00,Wed,CNY,Manufacturing PMI,high
1753930620,2025-07-31 02:57:00,2025-07-30 22:57:00,Wed,JPY,BOJ Outlook Report,high
1753930620,2025-07-31 02:57:00,2025-07-30 22:57:00,Wed,JPY,BOJ Policy Rate,high
1753930620,2025-07-31 02:57:00,2025-07-30 22:57:00,Wed,JPY,Monetary Policy Statement,high
1753943400,2025-07-31 06:30:00,2025-07-31 02:30:00,Thu,JPY,BOJ Press Conference,high
1753965000,2025-07-31 12:30:00,2025-07-31 08:30:00,Thu,CAD,GDP m/m,high
1753965000,2025-07-31 12:30:00,2025-07-31 08:30:00,Thu,USD,Core PCE Price Index m/m,high
1753965000,2025-07-31 12:30:00,2025-07-31 08:30:00,Thu,USD,Employment Cost Index q/q,high
1753965000,2025-07-31 12:30:00,2025-07-31 08:30:00,Thu,USD,Unemployment Claims,high
1754051400,2025-08-01 12:30:00,2025-08-01 08:30:00,Fri,USD,Average Hourly Earnings m/m,high
1754051400,2025-08-01 12:30:00,2025-08-01 08:30:00,Fri,USD,Non-Farm Employment Change,high
1754051400,2025-08-01 12:30:00,2025-08-01 08:30:00,Fri,USD,Unemployment Rate,high
1754056800,2025-08-01 14:00:00,2025-08-01 10:00:00,Fri,USD,ISM Manufacturing PMI,high
1754289000,2025-08-04 06:30:00,2025-08-04 02:30:00,Mon,CHF,CPI m/m,high
1754402400,2025-08-05 14:00:00,2025-08-05 10:00:00,Tue,USD,ISM Services PMI,high
1754433900,2025-08-05 22:45:00,2025-08-05 18:45:00,Tue,NZD,Employment Change q/q,high
1754433900,2025-08-05 22:45:00,2025-08-05 18:45:00,Tue,NZD,Unemployment Rate,high
1754564400,2025-08-07 11:00:00,2025-08-07 07:00:00,Thu,GBP,BOE Monetary Policy Report,high
1754564400,2025-08-07 11:00:00,2025-08-07 07:00:00,Thu,GBP,Monetary Policy Summary,high
1754564400,2025-08-07 11:00:00,2025-08-07 07:00:00,Thu,GBP,MPC Official Bank Rate Votes,high
1754564400,2025-08-07 11:00:00,2025-08-07 07:00:00,Thu,GBP,Official Bank Rate,high
1754566200,2025-08-07 11:30:00,2025-08-07 07:30:00,Thu,GBP,BOE Gov Bailey Speaks,high
1754569800,2025-08-07 12:30:00,2025-08-07 08:30:00,Thu,USD,Unemployment Claims,high
1754656200,2025-08-08 12:30:00,2025-08-08 08:30:00,Fri,CAD,Employment Change,high
1754656200,2025-08-08 12:30:00,2025-08-08 08:30:00,Fri,CAD,Unemployment Rate,high
1754973000,2025-08-12 04:30:00,2025-08-12 00:30:00,Tue,AUD,Cash Rate,high
1754973000,2025-08-12 04:30:00,2025-08-12 00:30:00,Tue,AUD,RBA Monetary Policy Statement,high
1754973000,2025-08-12 04:30:00,2025-08-12 00:30:00,Tue,AUD,RBA Rate Statement,high
1754976600,2025-08-12 05:30:00,2025-08-12 01:30:00,Tue,AUD,RBA Press Conference,high
1755001800,2025-08-12 12:30:00,2025-08-12 08:30:00,Tue,USD,Core CPI m/m,high
1755001800,2025-08-12 12:30:00,2025-08-12 08:30:00,Tue,USD,Core CPI y/y,high
1755001800,2025-08-12 12:30:00,2025-08-12 08:30:00,Tue,USD,CPI m/m,high
1755001800,2025-08-12 12:30:00,2025-08-12 08:30:00,Tue,USD,CPI y/y,high
1755048600,2025-08-13 01:30:00,2025-08-12 21:30:00,Tue,AUD,Wage Price Index q/q,high
1755135000,2025-08-14 01:30:00,2025-08-13 21:30:00,Wed,AUD,Employment Change,high
1755135000,2025-08-14 01:30:00,2025-08-13 21:30:00,Wed,AUD,Unemployment Rate,high
1755151200,2025-08-14 06:00:00,2025-08-14 02:00:00,Thu,GBP,GDP m/m,high
1755174600,2025-08-14 12:30:00,2025-08-14 08:30:00,Thu,USD,Core PPI m/m,high
1755174600,2025-08-14 12:30:00,2025-08-14 08:30:00,Thu,USD,PPI m/m,high
1755174600,2025-08-14 12:30:00,2025-08-14 08:30:00,Thu,USD,Unemployment Claims,high
1755261000,2025-08-15 12:30:00,2025-08-15 08:30:00,Fri,USD,Core Retail Sales m/m,high
1755261000,2025-08-15 12:30:00,2025-08-15 08:30:00,Fri,USD,Retail Sales m/m,high
1755266400,2025-08-15 14:00:00,2025-08-15 10:00:00,Fri,USD,Prelim UoM Consumer Sentiment,high
1755266400,2025-08-15 14:00:00,2025-08-15 10:00:00,Fri,USD,Prelim UoM Inflation Expectations,high
1755298500,2025-08-15 22:55:00,2025-08-15 18:55:00,Fri,USD,President Trump Speaks,high
1755606600,2025-08-19 12:30:00,2025-08-19 08:30:00,Tue,CAD,CPI m/m,high
1755606600,2025-08-19 12:30:00,2025-08-19 08:30:00,Tue,CAD,Median CPI y/y,high
1755606600,2025-08-19 12:30:00,2025-08-19 08:30:00,Tue,CAD,Trimmed CPI y/y,high
1755655200,2025-08-20 02:00:00,2025-08-19 22:00:00,Tue,NZD,Official Cash Rate,high
1755655200,2025-08-20 02:00:00,2025-08-19 22:00:00,Tue,NZD,RBNZ Monetary Policy Statement,high
1755655200,2025-08-20 02:00:00,2025-08-19 22:00:00,Tue,NZD,RBNZ Rate Statement,high
1755658800,2025-08-20 03:00:00,2025-08-19 23:00:00,Tue,NZD,RBNZ Press Conference,high
1755669600,2025-08-20 06:00:00,2025-08-20 02:00:00,Wed,GBP,CPI y/y,high
1755712800,2025-08-20 18:00:00,2025-08-20 14:00:00,Wed,USD,FOMC Meeting Minutes,high
1755761400,2025-08-21 07:30:00,2025-08-21 03:30:00,Thu,EUR,German Flash Manufacturing PMI,high
1755761400,2025-08-21 07:30:00,2025-08-21 03:30:00,Thu,EUR,German Flash Services PMI,high
1755765000,2025-08-21 08:30:00,2025-08-21 04:30:00,Thu,GBP,Flash Manufacturing PMI,high
1755765000,2025-08-21 08:30:00,2025-08-21 04:30:00,Thu,GBP,Flash Services PMI,high
1755779400,2025-08-21 12:30:00,2025-08-21 08:30:00,Thu,USD,Unemployment Claims,high
1755783900,2025-08-21 13:45:00,2025-08-21 09:45:00,Thu,USD,Flash Manufacturing PMI,high
1755783900,2025-08-21 13:45:00,2025-08-21 09:45:00,Thu,USD,Flash Services PMI,high
1755871200,2025-08-22 14:00:00,2025-08-22 10:00:00,Fri,USD,FOMC Member Powell Speaks,high
1755879300,2025-08-22 16:15:00,2025-08-22 12:15:00,Fri,All,Jackson Hole Symposium,high
1755882300,2025-08-22 17:05:00,2025-08-22 13:05:00,Fri,USD,President Trump Speaks,high
1755966300,2025-08-23 16:25:00,2025-08-23 12:25:00,Sat,EUR,ECB President Lagarde Speaks,high
1755966300,2025-08-23 16:25:00,2025-08-23 12:25:00,Sat,GBP,BOE Gov Bailey Speaks,high
1755966300,2025-08-23 16:25:00,2025-08-23 12:25:00,Sat,JPY,BOJ Gov Ueda Speaks,high
1756233000,2025-08-26 18:30:00,2025-08-26 14:30:00,Tue,CAD,BOC Gov Macklem Speaks,high
1756258200,2025-08-27 01:30:00,2025-08-26 21:30:00,Tue,AUD,CPI y/y,high
1756384200,2025-08-28 12:30:00,2025-08-28 08:30:00,Thu,USD,Prelim GDP q/q,high
1756384200,2025-08-28 12:30:00,2025-08-28 08:30:00,Thu,USD,Unemployment Claims,high
1756470600,2025-08-29 12:30:00,2025-08-29 08:30:00,Fri,CAD,GDP m/m,high
1756470600,2025-08-29 12:30:00,2025-08-29 08:30:00,Fri,USD,Core PCE Price Index m/m,high
1756603800,2025-08-31 01:30:00,2025-08-30 21:30:00,Sat,CNY,Manufacturing PMI,high
1756821600,2025-09-02 14:00:00,2025-09-02 10:00:00,Tue,USD,ISM Manufacturing PMI,high
1756863000,2025-09-03 01:30:00,2025-09-02 21:30:00,Tue,AUD,GDP q/q,high
1756886400,2025-09-03 08:00:00,2025-09-03 04:00:00,Wed,AUD,RBA Gov Bullock Speaks,high
1756905300,2025-09-03 13:15:00,2025-09-03 09:15:00,Wed,GBP,Monetary Policy Report Hearings,high
1756908000,2025-09-03 14:00:00,2025-09-03 10:00:00,Wed,USD,JOLTS Job Openings,high
1756967400,2025-09-04 06:30:00,2025-09-04 02:30:00,Thu,CHF,CPI m/m,high
1756988100,2025-09-04 12:15:00,2025-09-04 08:15:00,Thu,USD,ADP Non-Farm Employment Change,high
1756989000,2025-09-04 12:30:00,2025-09-04 08:30:00,Thu,USD,Unemployment Claims,high
1756994400,2025-09-04 14:00:00,2025-09-04 10:00:00,Thu,USD,Fed Gov Nomination Hearings,high
1756994400,2025-09-04 14:00:00,2025-09-04 10:00:00,Thu,USD,ISM Services PMI,high
1757075400,2025-09-05 12:30:00,2025-09-05 08:30:00,Fri,CAD,Employment Change,high
1757075400,2025-09-05 12:30:00,2025-09-05 08:30:00,Fri,CAD,Unemployment Rate,high
1757075400,2025-09-05 12:30:00,2025-09-05 08:30:00,Fri,USD,Average Hourly Earnings m/m,high
1757075400,2025-09-05 12:30:00,2025-09-05 08:30:00,Fri,USD,Non-Farm Employment Change,high
1757075400,2025-09-05 12:30:00,2025-09-05 08:30:00,Fri,USD,Unemployment Rate,high
1757426400,2025-09-09 14:00:00,2025-09-09 10:00:00,Tue,USD,Prelim Benchmark Payrolls Revision,high
1757507400,2025-09-10 12:30:00,2025-09-10 08:30:00,Wed,USD,Core PPI m/m,high
1757507400,2025-09-10 12:30:00,2025-09-10 08:30:00,Wed,USD,PPI m/m,high
1757546100,2025-09-10 23:15:00,2025-09-10 19:15:00,Wed,NZD,RBNZ Gov Hawkesby Speaks,high
1757592900,2025-09-11 12:15:00,2025-09-11 08:15:00,Thu,EUR,Main Refinancing Rate,high
1757592900,2025-09-11 12:15:00,2025-09-11 08:15:00,Thu,EUR,Monetary Policy Statement,high
1757593800,2025-09-11 12:30:00,2025-09-11 08:30:00,Thu,USD,Core CPI m/m,high
1757593800,2025-09-11 12:30:00,2025-09-11 08:30:00,Thu,USD,Core CPI y/y,high
1757593800,2025-09-11 12:30:00,2025-09-11 08:30:00,Thu,USD,CPI m/m,high
1757593800,2025-09-11 12:30:00,2025-09-11 08:30:00,Thu,USD,CPI y/y,high
1757593800,2025-09-11 12:30:00,2025-09-11 08:30:00,Thu,USD,Unemployment Claims,high
1757594700,2025-09-11 12:45:00,2025-09-11 08:45:00,Thu,EUR,ECB Press Conference,high
1757656800,2025-09-12 06:00:00,2025-09-12 02:00:00,Fri,GBP,GDP m/m,high
1757685600,2025-09-12 14:00:00,2025-09-12 10:00:00,Fri,USD,Prelim UoM Consumer Sentiment,high
1757685600,2025-09-12 14:00:00,2025-09-12 10:00:00,Fri,USD,Prelim UoM Inflation Expectations,high
1758025800,2025-09-16 12:30:00,2025-09-16 08:30:00,Tue,CAD,CPI m/m,high
1758025800,2025-09-16 12:30:00,2025-09-16 08:30:00,Tue,CAD,Median CPI y/y,high
1758025800,2025-09-16 12:30:00,2025-09-16 08:30:00,Tue,CAD,Trimmed CPI y/y,high
1758025800,2025-09-16 12:30:00,2025-09-16 08:30:00,Tue,USD,Core Retail Sales m/m,high
1758025800,2025-09-16 12:30:00,2025-09-16 08:30:00,Tue,USD,Retail Sales m/m,high
1758088800,2025-09-17 06:00:00,2025-09-17 02:00:00,Wed,GBP,CPI y/y,high
1758116700,2025-09-17 13:45:00,2025-09-17 09:45:00,Wed,CAD,BOC Rate Statement,high
1758116700,2025-09-17 13:45:00,2025-09-17 09:45:00,Wed,CAD,Overnight Rate,high
1758119400,2025-09-17 14:30:00,2025-09-17 10:30:00,Wed,CAD,BOC Press Conference,high
1758132000,2025-09-17 18:00:00,2025-09-17 14:00:00,Wed,USD,Federal Funds Rate,high
1758132000,2025-09-17 18:00:00,2025-09-17 14:00:00,Wed,USD,FOMC Economic Projections,high
1758132000,2025-09-17 18:00:00,2025-09-17 14:00:00,Wed,USD,FOMC Statement,high
1758133800,2025-09-17 18:30:00,2025-09-17 14:30:00,Wed,USD,FOMC Press Conference,high
1758149100,2025-09-17 22:45:00,2025-09-17 18:45:00,Wed,NZD,GDP q/q,high
1758159000,2025-09-18 01:30:00,2025-09-17 21:30:00,Wed,AUD,Employment Change,high
1758159000,2025-09-18 01:30:00,2025-09-17 21:30:00,Wed,AUD,Unemployment Rate,high
1758193200,2025-09-18 11:00:00,2025-09-18 07:00:00,Thu,GBP,Monetary Policy Summary,high
1758193200,2025-09-18 11:00:00,2025-09-18 07:00:00,Thu,GBP,MPC Official Bank Rate Votes,high
1758193200,2025-09-18 11:00:00,2025-09-18 07:00:00,Thu,GBP,Official Bank Rate,high
1758198600,2025-09-18 12:30:00,2025-09-18 08:30:00,Thu,USD,Unemployment Claims,high
1758253620,2025-09-19 03:47:00,2025-09-18 23:47:00,Thu,JPY,BOJ Policy Rate,high
1758253620,2025-09-19 03:47:00,2025-09-18 23:47:00,Thu,JPY,Monetary Policy Statement,high
1758263400,2025-09-19 06:30:00,2025-09-19 02:30:00,Fri,JPY,BOJ Press Conference,high
1758502800,2025-09-22 01:00:00,2025-09-21 21:00:00,Sun,AUD,RBA Gov Bullock Speaks,high
1758612600,2025-09-23 07:30:00,2025-09-23 03:30:00,Tue,EUR,German Flash Manufacturing PMI,high
1758612600,2025-09-23 07:30:00,2025-09-23 03:30:00,Tue,EUR,German Flash Services PMI,high
1758616200,2025-09-23 08:30:00,2025-09-23 04:30:00,Tue,GBP,Flash Manufacturing PMI,high
1758616200,2025-09-23 08:30:00,2025-09-23 04:30:00,Tue,GBP,Flash Services PMI,high
1758635100,2025-09-23 13:45:00,2025-09-23 09:45:00,Tue,USD,Flash Manufacturing PMI,high
1758635100,2025-09-23 13:45:00,2025-09-23 09:45:00,Tue,USD,Flash Services PMI,high
1758645300,2025-09-23 16:35:00,2025-09-23 12:35:00,Tue,USD,FOMC Member Powell Speaks,high
1758651300,2025-09-23 18:15:00,2025-09-23 14:15:00,Tue,CAD,BOC Gov Macklem Speaks,high
1758677400,2025-09-24 01:30:00,2025-09-23 21:30:00,Tue,AUD,CPI y/y,high
1758785400,2025-09-25 07:30:00,2025-09-25 03:30:00,Thu,CHF,SNB Monetary Policy Assessment,high
1758785400,2025-09-25 07:30:00,2025-09-25 03:30:00,Thu,CHF,SNB Policy Rate,high
1758787200,2025-09-25 08:00:00,2025-09-25 04:00:00,Thu,CHF,SNB Press Conference,high
1758803400,2025-09-25 12:30:00,2025-09-25 08:30:00,Thu,USD,Final GDP q/q,high
1758803400,2025-09-25 12:30:00,2025-09-25 08:30:00,Thu,USD,Unemployment Claims,high
1758889800,2025-09-26 12:30:00,2025-09-26 08:30:00,Fri,CAD,GDP m/m,high
1758889800,2025-09-26 12:30:00,2025-09-26 08:30:00,Fri,USD,Core PCE Price Index m/m,high
1759195800,2025-09-30 01:30:00,2025-09-29 21:30:00,Mon,CNY,Manufacturing PMI,high
1759206600,2025-09-30 04:30:00,2025-09-30 00:30:00,Tue,AUD,Cash Rate,high
1759206600,2025-09-30 04:30:00,2025-09-30 00:30:00,Tue,AUD,RBA Rate Statement,high
1759210200,2025-09-30 05:30:00,2025-09-30 01:30:00,Tue,AUD,RBA Press Conference,high
1759240800,2025-09-30 14:00:00,2025-09-30 10:00:00,Tue,USD,JOLTS Job Openings,high
1759320900,2025-10-01 12:15:00,2025-10-01 08:15:00,Wed,USD,ADP Non-Farm Employment Change,high
1759327200,2025-10-01 14:00:00,2025-10-01 10:00:00,Wed,USD,ISM Manufacturing PMI,high
1759386600,2025-10-02 06:30:00,2025-10-02 02:30:00,Thu,CHF,CPI m/m,high
1759453500,2025-10-03 01:05:00,2025-10-02 21:05:00,Thu,JPY,BOJ Gov Ueda Speaks,high
1759497600,2025-10-03 13:20:00,2025-10-03 09:20:00,Fri,GBP,BOE Gov Bailey Speaks,high
1759500000,2025-10-03 14:00:00,2025-10-03 10:00:00,Fri,USD,ISM Services PMI,high
1759762800,2025-10-06 15:00:00,2025-10-06 11:00:00,Mon,GBP,BOE Gov Bailey Speaks,high
1759770000,2025-10-06 17:00:00,2025-10-06 13:00:00,Mon,EUR,ECB President Lagarde Speaks,high
1759885200,2025-10-08 01:00:00,2025-10-07 21:00:00,Tue,NZD,Official Cash Rate,high
1759885200,2025-10-08 01:00:00,2025-10-07 21:00:00,Tue,NZD,RBNZ Rate Statement,high
1759946400,2025-10-08 18:00:00,2025-10-08 14:00:00,Wed,USD,FOMC Meeting Minutes,high
1760047200,2025-10-09 22:00:00,2025-10-09 18:00:00,Thu,AUD,RBA Gov Bullock Speaks,high
1760099400,2025-10-10 12:30:00,2025-10-10 08:30:00,Fri,CAD,Employment Change,high
1760099400,2025-10-10 12:30:00,2025-10-10 08:30:00,Fri,CAD,Unemployment Rate,high
1760104800,2025-10-10 14:00:00,2025-10-10 10:00:00,Fri,USD,Prelim UoM Consumer Sentiment,high
1760104800,2025-10-10 14:00:00,2025-10-10 10:00:00,Fri,USD,Prelim UoM Inflation Expectations,high
1760458800,2025-10-14 16:20:00,2025-10-14 12:20:00,Tue,USD,FOMC Member Powell Speaks,high
1760461200,2025-10-14 17:00:00,2025-10-14 13:00:00,Tue,GBP,BOE Gov Bailey Speaks,high
1760557500,2025-10-15 19:45:00,2025-10-15 15:45:00,Wed,AUD,RBA Gov Bullock Speaks,high
1760574600,2025-10-16 00:30:00,2025-10-15 20:30:00,Wed,AUD,Employment Change,high
1760574600,2025-10-16 00:30:00,2025-10-15 20:30:00,Wed,AUD,Unemployment Rate,high
1760594400,2025-10-16 06:00:00,2025-10-16 02:00:00,Thu,GBP,GDP m/m,high
1760635800,2025-10-16 17:30:00,2025-10-16 13:30:00,Thu,CAD,BOC Gov Macklem Speaks,high
1760792400,2025-10-18 13:00:00,2025-10-18 09:00:00,Sat,GBP,BOE Gov Bailey Speaks,high
1760910300,2025-10-19 21:45:00,2025-10-19 17:45:00,Sun,NZD,CPI q/q,high
1761049800,2025-10-21 12:30:00,2025-10-21 08:30:00,Tue,CAD,CPI m/m,high
1761049800,2025-10-21 12:30:00,2025-10-21 08:30:00,Tue,CAD,Median CPI y/y,high
1761049800,2025-10-21 12:30:00,2025-10-21 08:30:00,Tue,CAD,Trimmed CPI y/y,high
1761112800,2025-10-22 06:00:00,2025-10-22 02:00:00,Wed,GBP,CPI y/y,high
1761291000,2025-10-24 07:30:00,2025-10-24 03:30:00,Fri,EUR,German Flash Manufacturing PMI,high
1761291000,2025-10-24 07:30:00,2025-10-24 03:30:00,Fri,EUR,German Flash Services PMI,high
1761294600,2025-10-24 08:30:00,2025-10-24 04:30:00,Fri,GBP,Flash Manufacturing PMI,high
1761294600,2025-10-24 08:30:00,2025-10-24 04:30:00,Fri,GBP,Flash Services PMI,high
1761309000,2025-10-24 12:30:00,2025-10-24 08:30:00,Fri,USD,Core CPI m/m,high
1761309000,2025-10-24 12:30:00,2025-10-24 08:30:00,Fri,USD,Core CPI y/y,high
1761309000,2025-10-24 12:30:00,2025-10-24 08:30:00,Fri,USD,CPI m/m,high
1761309000,2025-10-24 12:30:00,2025-10-24 08:30:00,Fri,USD,CPI y/y,high
1761313500,2025-10-24 13:45:00,2025-10-24 09:45:00,Fri,USD,Flash Manufacturing PMI,high
1761313500,2025-10-24 13:45:00,2025-10-24 09:45:00,Fri,USD,Flash Services PMI,high
1761552900,2025-10-27 08:15:00,2025-10-27 04:15:00,Mon,AUD,RBA Gov Bullock Speaks,high
1761697800,2025-10-29 00:30:00,2025-10-28 20:30:00,Tue,AUD,CPI m/m,high
1761697800,2025-10-29 00:30:00,2025-10-28 20:30:00,Tue,AUD,CPI y/y,high
1761697800,2025-10-29 00:30:00,2025-10-28 20:30:00,Tue,AUD,Trimmed Mean CPI m/m,high
1761745500,2025-10-29 13:45:00,2025-10-29 09:45:00,Wed,CAD,BOC Monetary Policy Report,high
1761745500,2025-10-29 13:45:00,2025-10-29 09:45:00,Wed,CAD,BOC Rate Statement,high
1761745500,2025-10-29 13:45:00,2025-10-29 09:45:00,Wed,CAD,Overnight Rate,high
1761748200,2025-10-29 14:30:00,2025-10-29 10:30:00,Wed,CAD,BOC Press Conference,high
1761760800,2025-10-29 18:00:00,2025-10-29 14:00:00,Wed,USD,Federal Funds Rate,high
1761760800,2025-10-29 18:00:00,2025-10-29 14:00:00,Wed,USD,FOMC Statement,high
1761762600,2025-10-29 18:30:00,2025-10-29 14:30:00,Wed,USD,FOMC Press Conference,high
1761794100,2025-10-30 03:15:00,2025-10-29 23:15:00,Wed,JPY,BOJ Outlook Report,high
1761794100,2025-10-30 03:15:00,2025-10-29 23:15:00,Wed,JPY,BOJ Policy Rate,high
1761794100,2025-10-30 03:15:00,2025-10-29 23:15:00,Wed,JPY,Monetary Policy Statement,high
1761805800,2025-10-30 06:30:00,2025-10-30 02:30:00,Thu,JPY,BOJ Press Conference,high
1761830100,2025-10-30 13:15:00,2025-10-30 09:15:00,Thu,EUR,Main Refinancing Rate,high
1761830100,2025-10-30 13:15:00,2025-10-30 09:15:00,Thu,EUR,Monetary Policy Statement,high
1761831900,2025-10-30 13:45:00,2025-10-30 09:45:00,Thu,EUR,ECB Press Conference,high
1761874200,2025-10-31 01:30:00,2025-10-30 21:30:00,Thu,CNY,Manufacturing PMI,high
1761913800,2025-10-31 12:30:00,2025-10-31 08:30:00,Fri,CAD,GDP m/m,high
1762155000,2025-11-03 07:30:00,2025-11-03 02:30:00,Mon,CHF,CPI m/m,high
1762182000,2025-11-03 15:00:00,2025-11-03 10:00:00,Mon,USD,ISM Manufacturing PMI,high
1762194600,2025-11-03 18:30:00,2025-11-03 13:30:00,Mon,CAD,BOC Gov Macklem Speaks,high
1762227000,2025-11-04 03:30:00,2025-11-03 22:30:00,Mon,AUD,Cash Rate,high
1762227000,2025-11-04 03:30:00,2025-11-03 22:30:00,Mon,AUD,RBA Monetary Policy Statement,high
1762227000,2025-11-04 03:30:00,2025-11-03 22:30:00,Mon,AUD,RBA Rate Statement,high
1762230600,2025-11-04 04:30:00,2025-11-03 23:30:00,Mon,AUD,RBA Press Conference,high
1762292700,2025-11-04 21:45:00,2025-11-04 16:45:00,Tue,NZD,Employment Change q/q,high
1762292700,2025-11-04 21:45:00,2025-11-04 16:45:00,Tue,NZD,Unemployment Rate,high
1762348500,2025-11-05 13:15:00,2025-11-05 08:15:00,Wed,USD,ADP Non-Farm Employment Change,high
1762354800,2025-11-05 15:00:00,2025-11-05 10:00:00,Wed,USD,ISM Services PMI,high
1762378200,2025-11-05 21:30:00,2025-11-05 16:30:00,Wed,CAD,BOC Gov Macklem Speaks,high
1762430400,2025-11-06 12:00:00,2025-11-06 07:00:00,Thu,GBP,BOE Monetary Policy Report,high
1762430400,2025-11-06 12:00:00,2025-11-06 07:00:00,Thu,GBP,Monetary Policy Summary,high
1762430400,2025-11-06 12:00:00,2025-11-06 07:00:00,Thu,GBP,MPC Official Bank Rate Votes,high
1762430400,2025-11-06 12:00:00,2025-11-06 07:00:00,Thu,GBP,Official Bank Rate,high
1762432200,2025-11-06 12:30:00,2025-11-06 07:30:00,Thu,GBP,BOE Gov Bailey Speaks,high
1762443000,2025-11-06 15:30:00,2025-11-06 10:30:00,Thu,CAD,BOC Gov Macklem Speaks,high
1762522200,2025-11-07 13:30:00,2025-11-07 08:30:00,Fri,CAD,Employment Change,high
1762522200,2025-11-07 13:30:00,2025-11-07 08:30:00,Fri,CAD,Unemployment Rate,high
1762844400,2025-11-11 07:00:00,2025-11-11 02:00:00,Tue,GBP,Claimant Count Change,high
1762993800,2025-11-13 00:30:00,2025-11-12 19:30:00,Wed,AUD,Employment Change,high
1762993800,2025-11-13 00:30:00,2025-11-12 19:30:00,Wed,AUD,Unemployment Rate,high
1763017200,2025-11-13 07:00:00,2025-11-13 02:00:00,Thu,GBP,GDP m/m,high
1763386200,2025-11-17 13:30:00,2025-11-17 08:30:00,Mon,CAD,CPI m/m,high
1763386200,2025-11-17 13:30:00,2025-11-17 08:30:00,Mon,CAD,Median CPI y/y,high
1763386200,2025-11-17 13:30:00,2025-11-17 08:30:00,Mon,CAD,Trimmed CPI y/y,high
1763453400,2025-11-18 08:10:00,2025-11-18 03:10:00,Tue,USD,Unemployment Claims,high
1763512200,2025-11-19 00:30:00,2025-11-18 19:30:00,Tue,AUD,Wage Price Index q/q,high
1763535600,2025-11-19 07:00:00,2025-11-19 02:00:00,Wed,GBP,CPI y/y,high
1763578800,2025-11-19 19:00:00,2025-11-19 14:00:00,Wed,USD,FOMC Meeting Minutes,high
1763645400,2025-11-20 13:30:00,2025-11-20 08:30:00,Thu,USD,Average Hourly Earnings m/m,high
1763645400,2025-11-20 13:30:00,2025-11-20 08:30:00,Thu,USD,Non-Farm Employment Change,high
1763645400,2025-11-20 13:30:00,2025-11-20 08:30:00,Thu,USD,Unemployment Claims,high
1763645400,2025-11-20 13:30:00,2025-11-20 08:30:00,Thu,USD,Unemployment Rate,high
1763708400,2025-11-21 07:00:00,2025-11-21 02:00:00,Fri,GBP,Retail Sales m/m,high
1763713800,2025-11-21 08:30:00,2025-11-21 03:30:00,Fri,EUR,German Flash Manufacturing PMI,high
1763713800,2025-11-21 08:30:00,2025-11-21 03:30:00,Fri,EUR,German Flash Services PMI,high
1763717400,2025-11-21 09:30:00,2025-11-21 04:30:00,Fri,GBP,Flash Manufacturing PMI,high
1763717400,2025-11-21 09:30:00,2025-11-21 04:30:00,Fri,GBP,Flash Services PMI,high
1763736300,2025-11-21 14:45:00,2025-11-21 09:45:00,Fri,USD,Flash Manufacturing PMI,high
1763736300,2025-11-21 14:45:00,2025-11-21 09:45:00,Fri,USD,Flash Services PMI,high
1764077400,2025-11-25 13:30:00,2025-11-25 08:30:00,Tue,USD,Core PPI m/m,high
1764077400,2025-11-25 13:30:00,2025-11-25 08:30:00,Tue,USD,Core Retail Sales m/m,high
1764077400,2025-11-25 13:30:00,2025-11-25 08:30:00,Tue,USD,PPI m/m,high
1764077400,2025-11-25 13:30:00,2025-11-25 08:30:00,Tue,USD,Retail Sales m/m,high
1764117000,2025-11-26 00:30:00,2025-11-25 19:30:00,Tue,AUD,CPI m/m,high
1764117000,2025-11-26 00:30:00,2025-11-25 19:30:00,Tue,AUD,CPI y/y,high
1764117000,2025-11-26 00:30:00,2025-11-25 19:30:00,Tue,AUD,Trimmed Mean CPI m/m,high
1764118800,2025-11-26 01:00:00,2025-11-25 20:00:00,Tue,NZD,Official Cash Rate,high
1764118800,2025-11-26 01:00:00,2025-11-25 20:00:00,Tue,NZD,RBNZ Monetary Policy Statement,high
1764118800,2025-11-26 01:00:00,2025-11-25 20:00:00,Tue,NZD,RBNZ Rate Statement,high
1764122400,2025-11-26 02:00:00,2025-11-25 21:00:00,Tue,NZD,RBNZ Press Conference,high
1764160200,2025-11-26 12:30:00,2025-11-26 07:30:00,Wed,GBP,Autumn Forecast Statement,high
1764163800,2025-11-26 13:30:00,2025-11-26 08:30:00,Wed,USD,Unemployment Claims,high
1764336600,2025-11-28 13:30:00,2025-11-28 08:30:00,Fri,CAD,GDP m/m,high
1764551100,2025-12-01 01:05:00,2025-11-30 20:05:00,Sun,JPY,BOJ Gov Ueda Speaks,high
1764601200,2025-12-01 15:00:00,2025-12-01 10:00:00,Mon,USD,ISM Manufacturing PMI,high
1764669600,2025-12-02 10:00:00,2025-12-02 05:00:00,Tue,GBP,BOE Gov Bailey Speaks,high
1764721800,2025-12-03 00:30:00,2025-12-02 19:30:00,Tue,AUD,GDP q/q,high
1764747000,2025-12-03 07:30:00,2025-12-03 02:30:00,Wed,CHF,CPI m/m,high
1764767700,2025-12-03 13:15:00,2025-12-03 08:15:00,Wed,USD,ADP Non-Farm Employment Change,high
1764774000,2025-12-03 15:00:00,2025-12-03 10:00:00,Wed,USD,ISM Services PMI,high
1764855000,2025-12-04 13:30:00,2025-12-04 08:30:00,Thu,USD,Unemployment Claims,high
1764941400,2025-12-05 13:30:00,2025-12-05 08:30:00,Fri,CAD,Employment Change,high
1764941400,2025-12-05 13:30:00,2025-12-05 08:30:00,Fri,CAD,Unemployment Rate,high
1764946800,2025-12-05 15:00:00,2025-12-05 10:00:00,Fri,USD,Core PCE Price Index m/m,high
1764946800,2025-12-05 15:00:00,2025-12-05 10:00:00,Fri,USD,Prelim UoM Consumer Sentiment,high
1764946800,2025-12-05 15:00:00,2025-12-05 10:00:00,Fri,USD,Prelim UoM Inflation Expectations,high
1765251000,2025-12-09 03:30:00,2025-12-08 22:30:00,Mon,AUD,Cash Rate,high
1765251000,2025-12-09 03:30:00,2025-12-08 22:30:00,Mon,AUD,RBA Rate Statement,high
1765254600,2025-12-09 04:30:00,2025-12-08 23:30:00,Mon,AUD,RBA Press Conference,high
1765270800,2025-12-09 09:00:00,2025-12-09 04:00:00,Tue,JPY,BOJ Gov Ueda Speaks,high
1765286040,2025-12-09 13:14:00,2025-12-09 08:14:00,Tue,USD,ADP Weekly Employment Change,high
1765286100,2025-12-09 13:15:00,2025-12-09 08:15:00,Tue,USD,ADP Weekly Employment Change,high
1765292400,2025-12-09 15:00:00,2025-12-09 10:00:00,Tue,USD,JOLTS Job Openings,high
1765373400,2025-12-10 13:30:00,2025-12-10 08:30:00,Wed,USD,Employment Cost Index q/q,high
1765377900,2025-12-10 14:45:00,2025-12-10 09:45:00,Wed,CAD,BOC Rate Statement,high
1765377900,2025-12-10 14:45:00,2025-12-10 09:45:00,Wed,CAD,Overnight Rate,high
1765380600,2025-12-10 15:30:00,2025-12-10 10:30:00,Wed,CAD,BOC Press Conference,high
1765393200,2025-12-10 19:00:00,2025-12-10 14:00:00,Wed,USD,Federal Funds Rate,high
1765393200,2025-12-10 19:00:00,2025-12-10 14:00:00,Wed,USD,FOMC Economic Projections,high
1765393200,2025-12-10 19:00:00,2025-12-10 14:00:00,Wed,USD,FOMC Statement,high
1765395000,2025-12-10 19:30:00,2025-12-10 14:30:00,Wed,USD,FOMC Press Conference,high
1765413000,2025-12-11 00:30:00,2025-12-10 19:30:00,Wed,AUD,Employment Change,high
1765413000,2025-12-11 00:30:00,2025-12-10 19:30:00,Wed,AUD,Unemployment Rate,high
1765441800,2025-12-11 08:30:00,2025-12-11 03:30:00,Thu,CHF,SNB Monetary Policy Assessment,high
1765441800,2025-12-11 08:30:00,2025-12-11 03:30:00,Thu,CHF,SNB Policy Rate,high
1765443600,2025-12-11 09:00:00,2025-12-11 04:00:00,Thu,CHF,SNB Press Conference,high
1765459800,2025-12-11 13:30:00,2025-12-11 08:30:00,Thu,USD,Unemployment Claims,high
1765522800,2025-12-12 07:00:00,2025-12-12 02:00:00,Fri,GBP,GDP m/m,high
1765805400,2025-12-15 13:30:00,2025-12-15 08:30:00,Mon,CAD,CPI m/m,high
1765805400,2025-12-15 13:30:00,2025-12-15 08:30:00,Mon,CAD,Median CPI y/y,high
1765805400,2025-12-15 13:30:00,2025-12-15 08:30:00,Mon,CAD,Trimmed CPI y/y,high
1765868400,2025-12-16 07:00:00,2025-12-16 02:00:00,Tue,GBP,Claimant Count Change,high
1765873800,2025-12-16 08:30:00,2025-12-16 03:30:00,Tue,EUR,German Flash Manufacturing PMI,high
1765873800,2025-12-16 08:30:00,2025-12-16 03:30:00,Tue,EUR,German Flash Services PMI,high
1765877400,2025-12-16 09:30:00,2025-12-16 04:30:00,Tue,GBP,Flash Manufacturing PMI,high
1765877400,2025-12-16 09:30:00,2025-12-16 04:30:00,Tue,GBP,Flash Services PMI,high
1765890900,2025-12-16 13:15:00,2025-12-16 08:15:00,Tue,USD,ADP Weekly Employment Change,high
1765891800,2025-12-16 13:30:00,2025-12-16 08:30:00,Tue,USD,Average Hourly Earnings m/m,high
1765891800,2025-12-16 13:30:00,2025-12-16 08:30:00,Tue,USD,Core Retail Sales m/m,high
1765891800,2025-12-16 13:30:00,2025-12-16 08:30:00,Tue,USD,Non-Farm Employment Change,high
1765891800,2025-12-16 13:30:00,2025-12-16 08:30:00,Tue,USD,Retail Sales m/m,high
1765891800,2025-12-16 13:30:00,2025-12-16 08:30:00,Tue,USD,Unemployment Rate,high
1765896300,2025-12-16 14:45:00,2025-12-16 09:45:00,Tue,USD,Flash Manufacturing PMI,high
1765896300,2025-12-16 14:45:00,2025-12-16 09:45:00,Tue,USD,Flash Services PMI,high
1765954800,2025-12-17 07:00:00,2025-12-17 02:00:00,Wed,GBP,CPI y/y,high
1766007900,2025-12-17 21:45:00,2025-12-17 16:45:00,Wed,NZD,GDP q/q,high
1766059200,2025-12-18 12:00:00,2025-12-18 07:00:00,Thu,GBP,Monetary Policy Summary,high
1766059200,2025-12-18 12:00:00,2025-12-18 07:00:00,Thu,GBP,MPC Official Bank Rate Votes,high
1766059200,2025-12-18 12:00:00,2025-12-18 07:00:00,Thu,GBP,Official Bank Rate,high
1766063700,2025-12-18 13:15:00,2025-12-18 08:15:00,Thu,EUR,Main Refinancing Rate,high
1766063700,2025-12-18 13:15:00,2025-12-18 08:15:00,Thu,EUR,Monetary Policy Statement,high
1766064600,2025-12-18 13:30:00,2025-12-18 08:30:00,Thu,USD,Core CPI y/y,high
1766064600,2025-12-18 13:30:00,2025-12-18 08:30:00,Thu,USD,CPI y/y,high
1766064600,2025-12-18 13:30:00,2025-12-18 08:30:00,Thu,USD,Unemployment Claims,high
1766065500,2025-12-18 13:45:00,2025-12-18 08:45:00,Thu,EUR,ECB Press Conference,high
1766114340,2025-12-19 03:19:00,2025-12-18 22:19:00,Thu,JPY,BOJ Policy Rate,high
1766114340,2025-12-19 03:19:00,2025-12-18 22:19:00,Thu,JPY,Monetary Policy Statement,high
1766125800,2025-12-19 06:30:00,2025-12-19 01:30:00,Fri,JPY,BOJ Press Conference,high
1766127600,2025-12-19 07:00:00,2025-12-19 02:00:00,Fri,GBP,Retail Sales m/m,high
1766496600,2025-12-23 13:30:00,2025-12-23 08:30:00,Tue,CAD,GDP m/m,high
1766496600,2025-12-23 13:30:00,2025-12-23 08:30:00,Tue,USD,Prelim GDP q/q,high
1766583000,2025-12-24 13:30:00,2025-12-24 08:30:00,Wed,USD,Unemployment Claims,high
1767121200,2025-12-30 19:00:00,2025-12-30 14:00:00,Tue,USD,FOMC Meeting Minutes,high
1767187800,2025-12-31 13:30:00,2025-12-31 08:30:00,Wed,USD,Unemployment Claims,high
1767625200,2026-01-05 15:00:00,2026-01-05 10:00:00,Mon,USD,ISM Manufacturing PMI,high
1767745800,2026-01-07 00:30:00,2026-01-06 19:30:00,Tue,AUD,CPI m/m,high
1767745800,2026-01-07 00:30:00,2026-01-06 19:30:00,Tue,AUD,CPI y/y,high
1767745800,2026-01-07 00:30:00,2026-01-06 19:30:00,Tue,AUD,Trimmed Mean CPI m/m,high
1767791700,2026-01-07 13:15:00,2026-01-07 08:15:00,Wed,USD,ADP Non-Farm Employment Change,high
1767798000,2026-01-07 15:00:00,2026-01-07 10:00:00,Wed,USD,ISM Services PMI,high
1767798000,2026-01-07 15:00:00,2026-01-07 10:00:00,Wed,USD,JOLTS Job Openings,high
1767857400,2026-01-08 07:30:00,2026-01-08 02:30:00,Thu,CHF,CPI m/m,high
1767879000,2026-01-08 13:30:00,2026-01-08 08:30:00,Thu,USD,Unemployment Claims,high
1767965400,2026-01-09 13:30:00,2026-01-09 08:30:00,Fri,CAD,Employment Change,high
1767965400,2026-01-09 13:30:00,2026-01-09 08:30:00,Fri,CAD,Unemployment Rate,high
1767965400,2026-01-09 13:30:00,2026-01-09 08:30:00,Fri,USD,Average Hourly Earnings m/m,high
1767965400,2026-01-09 13:30:00,2026-01-09 08:30:00,Fri,USD,Non-Farm Employment Change,high
1767965400,2026-01-09 13:30:00,2026-01-09 08:30:00,Fri,USD,Unemployment Rate,high
1767970800,2026-01-09 15:00:00,2026-01-09 10:00:00,Fri,USD,Prelim UoM Consumer Sentiment,high
1767970800,2026-01-09 15:00:00,2026-01-09 10:00:00,Fri,USD,Prelim UoM Inflation Expectations,high
1768311000,2026-01-13 13:30:00,2026-01-13 08:30:00,Tue,USD,Core CPI m/m,high
1768311000,2026-01-13 13:30:00,2026-01-13 08:30:00,Tue,USD,Core CPI y/y,high
1768311000,2026-01-13 13:30:00,2026-01-13 08:30:00,Tue,USD,CPI m/m,high
1768311000,2026-01-13 13:30:00,2026-01-13 08:30:00,Tue,USD,CPI y/y,high
1768397400,2026-01-14 13:30:00,2026-01-14 08:30:00,Wed,USD,Core PPI m/m,high
1768397400,2026-01-14 13:30:00,2026-01-14 08:30:00,Wed,USD,Core Retail Sales m/m,high
1768397400,2026-01-14 13:30:00,2026-01-14 08:30:00,Wed,USD,PPI m/m,high
1768397400,2026-01-14 13:30:00,2026-01-14 08:30:00,Wed,USD,Retail Sales m/m,high
1768460400,2026-01-15 07:00:00,2026-01-15 02:00:00,Thu,GBP,GDP m/m,high
1768483800,2026-01-15 13:30:00,2026-01-15 08:30:00,Thu,USD,Unemployment Claims,high
1768557600,2026-01-16 10:00:00,2026-01-16 05:00:00,Fri,GBP,BOE Gov Bailey Speaks,high
1768829400,2026-01-19 13:30:00,2026-01-19 08:30:00,Mon,CAD,CPI m/m,high
1768829400,2026-01-19 13:30:00,2026-01-19 08:30:00,Mon,CAD,Median CPI y/y,high
1768829400,2026-01-19 13:30:00,2026-01-19 08:30:00,Mon,CAD,Trimmed CPI y/y,high
1768892400,2026-01-20 07:00:00,2026-01-20 02:00:00,Tue,GBP,Claimant Count Change,high
1768902300,2026-01-20 09:45:00,2026-01-20 04:45:00,Tue,GBP,BOE Gov Bailey Speaks,high
1768978800,2026-01-21 07:00:00,2026-01-21 02:00:00,Wed,GBP,CPI y/y,high
1768986900,2026-01-21 09:15:00,2026-01-21 04:15:00,Wed,All,WEF Annual Meetings,high
1769002200,2026-01-21 13:30:00,2026-01-21 08:30:00,Wed,USD,President Trump Speaks,high
1769041800,2026-01-22 00:30:00,2026-01-21 19:30:00,Wed,AUD,Employment Change,high
1769041800,2026-01-22 00:30:00,2026-01-21 19:30:00,Wed,AUD,Unemployment Rate,high
1769088600,2026-01-22 13:30:00,2026-01-22 08:30:00,Thu,USD,Final GDP q/q,high
1769088600,2026-01-22 13:30:00,2026-01-22 08:30:00,Thu,USD,Unemployment Claims,high
1769094000,2026-01-22 15:00:00,2026-01-22 10:00:00,Thu,USD,Core PCE Price Index m/m,high
1769118300,2026-01-22 21:45:00,2026-01-22 16:45:00,Thu,NZD,CPI q/q,high
1769137620,2026-01-23 03:07:00,2026-01-22 22:07:00,Thu,JPY,BOJ Outlook Report,high
1769137620,2026-01-23 03:07:00,2026-01-22 22:07:00,Thu,JPY,BOJ Policy Rate,high
1769137620,2026-01-23 03:07:00,2026-01-22 22:07:00,Thu,JPY,Monetary Policy Statement,high
1769149800,2026-01-23 06:30:00,2026-01-23 01:30:00,Fri,JPY,BOJ Press Conference,high
1769151600,2026-01-23 07:00:00,2026-01-23 02:00:00,Fri,GBP,Retail Sales m/m,high
1769157000,2026-01-23 08:30:00,2026-01-23 03:30:00,Fri,EUR,German Flash Manufacturing PMI,high
1769157000,2026-01-23 08:30:00,2026-01-23 03:30:00,Fri,EUR,German Flash Services PMI,high
1769160600,2026-01-23 09:30:00,2026-01-23 04:30:00,Fri,GBP,Flash Manufacturing PMI,high
1769160600,2026-01-23 09:30:00,2026-01-23 04:30:00,Fri,GBP,Flash Services PMI,high
1769179500,2026-01-23 14:45:00,2026-01-23 09:45:00,Fri,USD,Flash Manufacturing PMI,high
1769179500,2026-01-23 14:45:00,2026-01-23 09:45:00,Fri,USD,Flash Services PMI,high
1769560200,2026-01-28 00:30:00,2026-01-27 19:30:00,Tue,AUD,CPI m/m,high
1769560200,2026-01-28 00:30:00,2026-01-27 19:30:00,Tue,AUD,CPI y/y,high
1769560200,2026-01-28 00:30:00,2026-01-27 19:30:00,Tue,AUD,Trimmed Mean CPI m/m,high
1769611500,2026-01-28 14:45:00,2026-01-28 09:45:00,Wed,CAD,BOC Monetary Policy Report,high
1769611500,2026-01-28 14:45:00,2026-01-28 09:45:00,Wed,CAD,BOC Rate Statement,high
1769611500,2026-01-28 14:45:00,2026-01-28 09:45:00,Wed,CAD,Overnight Rate,high
1769614200,2026-01-28 15:30:00,2026-01-28 10:30:00,Wed,CAD,BOC Press Conference,high
1769626800,2026-01-28 19:00:00,2026-01-28 14:00:00,Wed,USD,Federal Funds Rate,high
1769626800,2026-01-28 19:00:00,2026-01-28 14:00:00,Wed,USD,FOMC Statement,high
1769628600,2026-01-28 19:30:00,2026-01-28 14:30:00,Wed,USD,FOMC Press Conference,high
1769693400,2026-01-29 13:30:00,2026-01-29 08:30:00,Thu,USD,Unemployment Claims,high
1769779800,2026-01-30 13:30:00,2026-01-30 08:30:00,Fri,CAD,GDP m/m,high
1769779800,2026-01-30 13:30:00,2026-01-30 08:30:00,Fri,USD,Core PPI m/m,high
1769779800,2026-01-30 13:30:00,2026-01-30 08:30:00,Fri,USD,PPI m/m,high
1770044400,2026-02-02 15:00:00,2026-02-02 10:00:00,Mon,USD,ISM Manufacturing PMI,high
1770089400,2026-02-03 03:30:00,2026-02-02 22:30:00,Mon,AUD,Cash Rate,high
1770089400,2026-02-03 03:30:00,2026-02-02 22:30:00,Mon,AUD,RBA Monetary Policy Statement,high
1770089400,2026-02-03 03:30:00,2026-02-02 22:30:00,Mon,AUD,RBA Rate Statement,high
1770093000,2026-02-03 04:30:00,2026-02-02 23:30:00,Mon,AUD,RBA Press Conference,high
1770155100,2026-02-03 21:45:00,2026-02-03 16:45:00,Tue,NZD,Employment Change q/q,high
1770155100,2026-02-03 21:45:00,2026-02-03 16:45:00,Tue,NZD,Unemployment Rate,high
1770210900,2026-02-04 13:15:00,2026-02-04 08:15:00,Wed,USD,ADP Non-Farm Employment Change,high
1770217200,2026-02-04 15:00:00,2026-02-04 10:00:00,Wed,USD,ISM Services PMI,high
1770292800,2026-02-05 12:00:00,2026-02-05 07:00:00,Thu,GBP,BOE Monetary Policy Report,high
1770292800,2026-02-05 12:00:00,2026-02-05 07:00:00,Thu,GBP,Monetary Policy Summary,high
1770292800,2026-02-05 12:00:00,2026-02-05 07:00:00,Thu,GBP,MPC Official Bank Rate Votes,high
1770292800,2026-02-05 12:00:00,2026-02-05 07:00:00,Thu,GBP,Official Bank Rate,high
1770294600,2026-02-05 12:30:00,2026-02-05 07:30:00,Thu,GBP,BOE Gov Bailey Speaks,high
1770297300,2026-02-05 13:15:00,2026-02-05 08:15:00,Thu,EUR,Main Refinancing Rate,high
1770297300,2026-02-05 13:15:00,2026-02-05 08:15:00,Thu,EUR,Monetary Policy Statement,high
1770298200,2026-02-05 13:30:00,2026-02-05 08:30:00,Thu,USD,Unemployment Claims,high
1770299100,2026-02-05 13:45:00,2026-02-05 08:45:00,Thu,EUR,ECB Press Conference,high
1770303600,2026-02-05 15:00:00,2026-02-05 10:00:00,Thu,USD,JOLTS Job Openings,high
1770312300,2026-02-05 17:25:00,2026-02-05 12:25:00,Thu,CAD,BOC Gov Macklem Speaks,high
1770330600,2026-02-05 22:30:00,2026-02-05 17:30:00,Thu,AUD,RBA Gov Bullock Speaks,high
1770384600,2026-02-06 13:30:00,2026-02-06 08:30:00,Fri,CAD,Employment Change,high
1770384600,2026-02-06 13:30:00,2026-02-06 08:30:00,Fri,CAD,Unemployment Rate,high
1770390000,2026-02-06 15:00:00,2026-02-06 10:00:00,Fri,USD,Prelim UoM Consumer Sentiment,high
1770390000,2026-02-06 15:00:00,2026-02-06 10:00:00,Fri,USD,Prelim UoM Inflation Expectations,high
1770530400,2026-02-08 06:00:00,2026-02-08 01:00:00,Sun,JPY,Lower House Elections,high
1770730200,2026-02-10 13:30:00,2026-02-10 08:30:00,Tue,USD,Core Retail Sales m/m,high
1770730200,2026-02-10 13:30:00,2026-02-10 08:30:00,Tue,USD,Retail Sales m/m,high
1770816600,2026-02-11 13:30:00,2026-02-11 08:30:00,Wed,USD,Average Hourly Earnings m/m,high
1770816600,2026-02-11 13:30:00,2026-02-11 08:30:00,Wed,USD,Non-Farm Employment Change,high
1770816600,2026-02-11 13:30:00,2026-02-11 08:30:00,Wed,USD,Unemployment Rate,high
1770879600,2026-02-12 07:00:00,2026-02-12 02:00:00,Thu,GBP,GDP m/m,high
1770903000,2026-02-12 13:30:00,2026-02-12 08:30:00,Thu,USD,Unemployment Claims,high
1770967800,2026-02-13 07:30:00,2026-02-13 02:30:00,Fri,CHF,CPI m/m,high
1770989400,2026-02-13 13:30:00,2026-02-13 08:30:00,Fri,USD,Core CPI m/m,high
1770989400,2026-02-13 13:30:00,2026-02-13 08:30:00,Fri,USD,Core CPI y/y,high
1770989400,2026-02-13 13:30:00,2026-02-13 08:30:00,Fri,USD,CPI m/m,high
1770989400,2026-02-13 13:30:00,2026-02-13 08:30:00,Fri,USD,CPI y/y,high
1771311600,2026-02-17 07:00:00,2026-02-17 02:00:00,Tue,GBP,Claimant Count Change,high
1771335000,2026-02-17 13:30:00,2026-02-17 08:30:00,Tue,CAD,CPI m/m,high
1771335000,2026-02-17 13:30:00,2026-02-17 08:30:00,Tue,CAD,Median CPI y/y,high
1771335000,2026-02-17 13:30:00,2026-02-17 08:30:00,Tue,CAD,Trimmed CPI y/y,high
1771376400,2026-02-18 01:00:00,2026-02-17 20:00:00,Tue,NZD,Official Cash Rate,high
1771376400,2026-02-18 01:00:00,2026-02-17 20:00:00,Tue,NZD,RBNZ Monetary Policy Statement,high
1771376400,2026-02-18 01:00:00,2026-02-17 20:00:00,Tue,NZD,RBNZ Rate Statement,high
1771380000,2026-02-18 02:00:00,2026-02-17 21:00:00,Tue,NZD,RBNZ Press Conference,high
1771398000,2026-02-18 07:00:00,2026-02-18 02:00:00,Wed,GBP,CPI y/y,high
1771441200,2026-02-18 19:00:00,2026-02-18 14:00:00,Wed,USD,FOMC Meeting Minutes,high
1771441800,2026-02-18 19:10:00,2026-02-18 14:10:00,Wed,NZD,RBNZ Gov Breman Speaks,high
1771461000,2026-02-19 00:30:00,2026-02-18 19:30:00,Wed,AUD,Employment Change,high
1771461000,2026-02-19 00:30:00,2026-02-18 19:30:00,Wed,AUD,Unemployment Rate,high
1771507800,2026-02-19 13:30:00,2026-02-19 08:30:00,Thu,USD,Unemployment Claims,high
1771542000,2026-02-19 23:00:00,2026-02-19 18:00:00,Thu,NZD,RBNZ Gov Breman Speaks,high
1771570800,2026-02-20 07:00:00,2026-02-20 02:00:00,Fri,GBP,Retail Sales m/m,high
1771576200,2026-02-20 08:30:00,2026-02-20 03:30:00,Fri,EUR,German Flash Manufacturing PMI,high
1771576200,2026-02-20 08:30:00,2026-02-20 03:30:00,Fri,EUR,German Flash Services PMI,high
1771579800,2026-02-20 09:30:00,2026-02-20 04:30:00,Fri,GBP,Flash Manufacturing PMI,high
1771579800,2026-02-20 09:30:00,2026-02-20 04:30:00,Fri,GBP,Flash Services PMI,high
1771594200,2026-02-20 13:30:00,2026-02-20 08:30:00,Fri,USD,Advance GDP q/q,high
1771594200,2026-02-20 13:30:00,2026-02-20 08:30:00,Fri,USD,Core PCE Price Index m/m,high
1771598700,2026-02-20 14:45:00,2026-02-20 09:45:00,Fri,USD,Flash Manufacturing PMI,high
1771598700,2026-02-20 14:45:00,2026-02-20 09:45:00,Fri,USD,Flash Services PMI,high
1771609500,2026-02-20 17:45:00,2026-02-20 12:45:00,Fri,USD,President Trump Speaks,high
1771979400,2026-02-25 00:30:00,2026-02-24 19:30:00,Tue,AUD,CPI m/m,high
1771979400,2026-02-25 00:30:00,2026-02-24 19:30:00,Tue,AUD,CPI y/y,high
1771979400,2026-02-25 00:30:00,2026-02-24 19:30:00,Tue,AUD,Trimmed Mean CPI m/m,high
1771984800,2026-02-25 02:00:00,2026-02-24 21:00:00,Tue,USD,President Trump Speaks,high
1772112600,2026-02-26 13:30:00,2026-02-26 08:30:00,Thu,USD,Unemployment Claims,high
1772199000,2026-02-27 13:30:00,2026-02-27 08:30:00,Fri,CAD,GDP m/m,high
1772199000,2026-02-27 13:30:00,2026-02-27 08:30:00,Fri,USD,Core PPI m/m,high
1772199000,2026-02-27 13:30:00,2026-02-27 08:30:00,Fri,USD,PPI m/m,high
1772463600,2026-03-02 15:00:00,2026-03-02 10:00:00,Mon,USD,ISM Manufacturing PMI,high
1772485800,2026-03-02 21:10:00,2026-03-02 16:10:00,Mon,AUD,RBA Gov Bullock Speaks,high
1772510400,2026-03-03 04:00:00,2026-03-02 23:00:00,Mon,JPY,BOJ Gov Ueda Speaks,high
1772541000,2026-03-03 12:30:00,2026-03-03 07:30:00,Tue,GBP,Annual Budget Release,high
1772584200,2026-03-04 00:30:00,2026-03-03 19:30:00,Tue,AUD,GDP q/q,high
1772630100,2026-03-04 13:15:00,2026-03-04 08:15:00,Wed,USD,ADP Non-Farm Employment Change,high
1772636400,2026-03-04 15:00:00,2026-03-04 10:00:00,Wed,USD,ISM Services PMI,high
1772717400,2026-03-05 13:30:00,2026-03-05 08:30:00,Thu,USD,Unemployment Claims,high
1772803800,2026-03-06 13:30:00,2026-03-06 08:30:00,Fri,USD,Average Hourly Earnings m/m,high
1772803800,2026-03-06 13:30:00,2026-03-06 08:30:00,Fri,USD,Core Retail Sales m/m,high
1772803800,2026-03-06 13:30:00,2026-03-06 08:30:00,Fri,USD,Non-Farm Employment Change,high
1772803800,2026-03-06 13:30:00,2026-03-06 08:30:00,Fri,USD,Retail Sales m/m,high
1772803800,2026-03-06 13:30:00,2026-03-06 08:30:00,Fri,USD,Unemployment Rate,high
1773232200,2026-03-11 12:30:00,2026-03-11 08:30:00,Wed,USD,Core CPI m/m,high
1773232200,2026-03-11 12:30:00,2026-03-11 08:30:00,Wed,USD,Core CPI y/y,high
1773232200,2026-03-11 12:30:00,2026-03-11 08:30:00,Wed,USD,CPI m/m,high
1773232200,2026-03-11 12:30:00,2026-03-11 08:30:00,Wed,USD,CPI y/y,high
1773318600,2026-03-12 12:30:00,2026-03-12 08:30:00,Thu,USD,Unemployment Claims,high
1773385200,2026-03-13 07:00:00,2026-03-13 03:00:00,Fri,GBP,GDP m/m,high
1773405000,2026-03-13 12:30:00,2026-03-13 08:30:00,Fri,CAD,Employment Change,high
1773405000,2026-03-13 12:30:00,2026-03-13 08:30:00,Fri,CAD,Unemployment Rate,high
1773405000,2026-03-13 12:30:00,2026-03-13 08:30:00,Fri,USD,Core PCE Price Index m/m,high
1773405000,2026-03-13 12:30:00,2026-03-13 08:30:00,Fri,USD,Prelim GDP q/q,high
1773410400,2026-03-13 14:00:00,2026-03-13 10:00:00,Fri,USD,JOLTS Job Openings,high
1773664200,2026-03-16 12:30:00,2026-03-16 08:30:00,Mon,CAD,CPI m/m,high
1773664200,2026-03-16 12:30:00,2026-03-16 08:30:00,Mon,CAD,Median CPI y/y,high
1773664200,2026-03-16 12:30:00,2026-03-16 08:30:00,Mon,CAD,Trimmed CPI y/y,high
1773718200,2026-03-17 03:30:00,2026-03-16 23:30:00,Mon,AUD,Cash Rate,high
1773718200,2026-03-17 03:30:00,2026-03-16 23:30:00,Mon,AUD,RBA Rate Statement,high
1773721800,2026-03-17 04:30:00,2026-03-17 00:30:00,Tue,AUD,RBA Press Conference,high
1773837000,2026-03-18 12:30:00,2026-03-18 08:30:00,Wed,USD,Core PPI m/m,high
1773837000,2026-03-18 12:30:00,2026-03-18 08:30:00,Wed,USD,PPI m/m,high
1773841500,2026-03-18 13:45:00,2026-03-18 09:45:00,Wed,CAD,BOC Rate Statement,high
1773841500,2026-03-18 13:45:00,2026-03-18 09:45:00,Wed,CAD,Overnight Rate,high
1773844200,2026-03-18 14:30:00,2026-03-18 10:30:00,Wed,CAD,BOC Press Conference,high
1773856800,2026-03-18 18:00:00,2026-03-18 14:00:00,Wed,USD,Federal Funds Rate,high
1773856800,2026-03-18 18:00:00,2026-03-18 14:00:00,Wed,USD,FOMC Economic Projections,high
1773856800,2026-03-18 18:00:00,2026-03-18 14:00:00,Wed,USD,FOMC Statement,high
1773858600,2026-03-18 18:30:00,2026-03-18 14:30:00,Wed,USD,FOMC Press Conference,high
1773870300,2026-03-18 21:45:00,2026-03-18 17:45:00,Wed,NZD,GDP q/q,high
1773880200,2026-03-19 00:30:00,2026-03-18 20:30:00,Wed,AUD,Employment Change,high
1773880200,2026-03-19 00:30:00,2026-03-18 20:30:00,Wed,AUD,Unemployment Rate,high
1773888360,2026-03-19 02:46:00,2026-03-18 22:46:00,Wed,JPY,BOJ Policy Rate,high
1773888360,2026-03-19 02:46:00,2026-03-18 22:46:00,Wed,JPY,Monetary Policy Statement,high
1773901800,2026-03-19 06:30:00,2026-03-19 02:30:00,Thu,JPY,BOJ Press Conference,high
1773903600,2026-03-19 07:00:00,2026-03-19 03:00:00,Thu,GBP,Claimant Count Change,high
1773909000,2026-03-19 08:30:00,2026-03-19 04:30:00,Thu,CHF,SNB Monetary Policy Assessment,high
1773909000,2026-03-19 08:30:00,2026-03-19 04:30:00,Thu,CHF,SNB Policy Rate,high
1773910800,2026-03-19 09:00:00,2026-03-19 05:00:00,Thu,CHF,SNB Press Conference,high
1773921600,2026-03-19 12:00:00,2026-03-19 08:00:00,Thu,GBP,Monetary Policy Summary,high
1773921600,2026-03-19 12:00:00,2026-03-19 08:00:00,Thu,GBP,MPC Official Bank Rate Votes,high
1773921600,2026-03-19 12:00:00,2026-03-19 08:00:00,Thu,GBP,Official Bank Rate,high
1773923400,2026-03-19 12:30:00,2026-03-19 08:30:00,Thu,USD,Unemployment Claims,high
1773926100,2026-03-19 13:15:00,2026-03-19 09:15:00,Thu,EUR,Main Refinancing Rate,high
1773926100,2026-03-19 13:15:00,2026-03-19 09:15:00,Thu,EUR,Monetary Policy Statement,high
1773927900,2026-03-19 13:45:00,2026-03-19 09:45:00,Thu,EUR,ECB Press Conference,high
1774341000,2026-03-24 08:30:00,2026-03-24 04:30:00,Tue,EUR,German Flash Manufacturing PMI,high
1774341000,2026-03-24 08:30:00,2026-03-24 04:30:00,Tue,EUR,German Flash Services PMI,high
1774344600,2026-03-24 09:30:00,2026-03-24 05:30:00,Tue,GBP,Flash Manufacturing PMI,high
1774344600,2026-03-24 09:30:00,2026-03-24 05:30:00,Tue,GBP,Flash Services PMI,high
1774359900,2026-03-24 13:45:00,2026-03-24 09:45:00,Tue,USD,Flash Manufacturing PMI,high
1774359900,2026-03-24 13:45:00,2026-03-24 09:45:00,Tue,USD,Flash Services PMI,high
1774398600,2026-03-25 00:30:00,2026-03-24 20:30:00,Tue,AUD,CPI m/m,high
1774398600,2026-03-25 00:30:00,2026-03-24 20:30:00,Tue,AUD,CPI y/y,high
1774398600,2026-03-25 00:30:00,2026-03-24 20:30:00,Tue,AUD,Trimmed Mean CPI m/m,high
1774422000,2026-03-25 07:00:00,2026-03-25 03:00:00,Wed,GBP,CPI y/y,high
1774528200,2026-03-26 12:30:00,2026-03-26 08:30:00,Thu,USD,Unemployment Claims,high
1774594800,2026-03-27 07:00:00,2026-03-27 03:00:00,Fri,GBP,Retail Sales m/m,high
1774881000,2026-03-30 14:30:00,2026-03-30 10:30:00,Mon,USD,FOMC Member Powell Speaks,high
1774960200,2026-03-31 12:30:00,2026-03-31 08:30:00,Tue,CAD,GDP m/m,high
1774965600,2026-03-31 14:00:00,2026-03-31 10:00:00,Tue,USD,JOLTS Job Openings,high
1775045700,2026-04-01 12:15:00,2026-04-01 08:15:00,Wed,USD,ADP Non-Farm Employment Change,high
1775046600,2026-04-01 12:30:00,2026-04-01 08:30:00,Wed,USD,Core Retail Sales m/m,high
1775046600,2026-04-01 12:30:00,2026-04-01 08:30:00,Wed,USD,Retail Sales m/m,high
1775052000,2026-04-01 14:00:00,2026-04-01 10:00:00,Wed,USD,ISM Manufacturing PMI,high
1775091600,2026-04-02 01:00:00,2026-04-01 21:00:00,Wed,USD,President Trump Speaks,high
1775133000,2026-04-02 12:30:00,2026-04-02 08:30:00,Thu,USD,Unemployment Claims,high
1775219400,2026-04-03 12:30:00,2026-04-03 08:30:00,Fri,USD,Average Hourly Earnings m/m,high
1775219400,2026-04-03 12:30:00,2026-04-03 08:30:00,Fri,USD,Non-Farm Employment Change,high
1775219400,2026-04-03 12:30:00,2026-04-03 08:30:00,Fri,USD,Unemployment Rate,high
1775380500,2026-04-05 09:15:00,2026-04-05 05:15:00,Sun,All,OPEC-JMMC Meetings,high
1775484000,2026-04-06 14:00:00,2026-04-06 10:00:00,Mon,USD,ISM Services PMI,high
1775494800,2026-04-06 17:00:00,2026-04-06 13:00:00,Mon,USD,President Trump Speaks,high
1775613600,2026-04-08 02:00:00,2026-04-07 22:00:00,Tue,NZD,Official Cash Rate,high
1775613600,2026-04-08 02:00:00,2026-04-07 22:00:00,Tue,NZD,RBNZ Rate Statement,high
1775617200,2026-04-08 03:00:00,2026-04-07 23:00:00,Tue,NZD,RBNZ Press Conference,high
1775671200,2026-04-08 18:00:00,2026-04-08 14:00:00,Wed,USD,FOMC Meeting Minutes,high
1775737800,2026-04-09 12:30:00,2026-04-09 08:30:00,Thu,USD,Core PCE Price Index m/m,high
1775737800,2026-04-09 12:30:00,2026-04-09 08:30:00,Thu,USD,Final GDP q/q,high
1775824200,2026-04-10 12:30:00,2026-04-10 08:30:00,Fri,CAD,Employment Change,high
1775824200,2026-04-10 12:30:00,2026-04-10 08:30:00,Fri,CAD,Unemployment Rate,high
1775824200,2026-04-10 12:30:00,2026-04-10 08:30:00,Fri,USD,Core CPI m/m,high
1775824200,2026-04-10 12:30:00,2026-04-10 08:30:00,Fri,USD,Core CPI y/y,high
1775824200,2026-04-10 12:30:00,2026-04-10 08:30:00,Fri,USD,CPI m/m,high
1775824200,2026-04-10 12:30:00,2026-04-10 08:30:00,Fri,USD,CPI y/y,high
1776169800,2026-04-14 12:30:00,2026-04-14 08:30:00,Tue,USD,Core PPI m/m,high
1776169800,2026-04-14 12:30:00,2026-04-14 08:30:00,Tue,USD,PPI m/m,high
1776303000,2026-04-16 01:30:00,2026-04-15 21:30:00,Wed,AUD,Employment Change,high
1776303000,2026-04-16 01:30:00,2026-04-15 21:30:00,Wed,AUD,Unemployment Rate,high
1776319200,2026-04-16 06:00:00,2026-04-16 02:00:00,Thu,GBP,GDP m/m,high
1776688200,2026-04-20 12:30:00,2026-04-20 08:30:00,Mon,CAD,CPI m/m,high
1776688200,2026-04-20 12:30:00,2026-04-20 08:30:00,Mon,CAD,Median CPI y/y,high
1776688200,2026-04-20 12:30:00,2026-04-20 08:30:00,Mon,CAD,Trimmed CPI y/y,high
1776725100,2026-04-20 22:45:00,2026-04-20 18:45:00,Mon,NZD,CPI q/q,high
1776751200,2026-04-21 06:00:00,2026-04-21 02:00:00,Tue,GBP,Claimant Count Change,high
1776774600,2026-04-21 12:30:00,2026-04-21 08:30:00,Tue,USD,Core Retail Sales m/m,high
1776774600,2026-04-21 12:30:00,2026-04-21 08:30:00,Tue,USD,Retail Sales m/m,high
1776780000,2026-04-21 14:00:00,2026-04-21 10:00:00,Tue,USD,Fed Chairman Warsh Testifies,high
1776837600,2026-04-22 06:00:00,2026-04-22 02:00:00,Wed,GBP,CPI y/y,high
1776929400,2026-04-23 07:30:00,2026-04-23 03:30:00,Thu,EUR,German Flash Manufacturing PMI,high
1776929400,2026-04-23 07:30:00,2026-04-23 03:30:00,Thu,EUR,German Flash Services PMI,high
1776933000,2026-04-23 08:30:00,2026-04-23 04:30:00,Thu,GBP,Flash Manufacturing PMI,high
1776933000,2026-04-23 08:30:00,2026-04-23 04:30:00,Thu,GBP,Flash Services PMI,high
1777010400,2026-04-24 06:00:00,2026-04-24 02:00:00,Fri,GBP,Retail Sales m/m,high
1777345440,2026-04-28 03:04:00,2026-04-27 23:04:00,Mon,JPY,BOJ Outlook Report,high
1777345440,2026-04-28 03:04:00,2026-04-27 23:04:00,Mon,JPY,BOJ Policy Rate,high
1777345440,2026-04-28 03:04:00,2026-04-27 23:04:00,Mon,JPY,Monetary Policy Statement,high
1777357800,2026-04-28 06:30:00,2026-04-28 02:30:00,Tue,JPY,BOJ Press Conference,high
1777426200,2026-04-29 01:30:00,2026-04-28 21:30:00,Tue,AUD,CPI m/m,high
1777426200,2026-04-29 01:30:00,2026-04-28 21:30:00,Tue,AUD,CPI y/y,high
1777426200,2026-04-29 01:30:00,2026-04-28 21:30:00,Tue,AUD,Trimmed Mean CPI m/m,high
1777470300,2026-04-29 13:45:00,2026-04-29 09:45:00,Wed,CAD,BOC Monetary Policy Report,high
1777470300,2026-04-29 13:45:00,2026-04-29 09:45:00,Wed,CAD,BOC Rate Statement,high
1777470300,2026-04-29 13:45:00,2026-04-29 09:45:00,Wed,CAD,Overnight Rate,high
1777473000,2026-04-29 14:30:00,2026-04-29 10:30:00,Wed,CAD,BOC Press Conference,high
1777485600,2026-04-29 18:00:00,2026-04-29 14:00:00,Wed,USD,Federal Funds Rate,high
1777485600,2026-04-29 18:00:00,2026-04-29 14:00:00,Wed,USD,FOMC Statement,high
1777487400,2026-04-29 18:30:00,2026-04-29 14:30:00,Wed,USD,FOMC Press Conference,high
1777546800,2026-04-30 11:00:00,2026-04-30 07:00:00,Thu,GBP,BOE Monetary Policy Report,high
1777546800,2026-04-30 11:00:00,2026-04-30 07:00:00,Thu,GBP,Monetary Policy Summary,high
1777546800,2026-04-30 11:00:00,2026-04-30 07:00:00,Thu,GBP,MPC Official Bank Rate Votes,high
1777546800,2026-04-30 11:00:00,2026-04-30 07:00:00,Thu,GBP,Official Bank Rate,high
1777548600,2026-04-30 11:30:00,2026-04-30 07:30:00,Thu,GBP,BOE Gov Bailey Speaks,high
1777551300,2026-04-30 12:15:00,2026-04-30 08:15:00,Thu,EUR,Main Refinancing Rate,high
1777551300,2026-04-30 12:15:00,2026-04-30 08:15:00,Thu,EUR,Monetary Policy Statement,high
1777552200,2026-04-30 12:30:00,2026-04-30 08:30:00,Thu,CAD,GDP m/m,high
1777552200,2026-04-30 12:30:00,2026-04-30 08:30:00,Thu,USD,Advance GDP q/q,high
1777552200,2026-04-30 12:30:00,2026-04-30 08:30:00,Thu,USD,Core PCE Price Index m/m,high
1777552200,2026-04-30 12:30:00,2026-04-30 08:30:00,Thu,USD,Employment Cost Index q/q,high
1777553100,2026-04-30 12:45:00,2026-04-30 08:45:00,Thu,EUR,ECB Press Conference,high
1777955400,2026-05-05 04:30:00,2026-05-05 00:30:00,Tue,AUD,Cash Rate,high
1777955400,2026-05-05 04:30:00,2026-05-05 00:30:00,Tue,AUD,RBA Monetary Policy Statement,high
1777955400,2026-05-05 04:30:00,2026-05-05 00:30:00,Tue,AUD,RBA Rate Statement,high
1777959000,2026-05-05 05:30:00,2026-05-05 01:30:00,Tue,AUD,RBA Press Conference,high
1777989600,2026-05-05 14:00:00,2026-05-05 10:00:00,Tue,USD,ISM Services PMI,high
1777989600,2026-05-05 14:00:00,2026-05-05 10:00:00,Tue,USD,JOLTS Job Openings,high
1778021100,2026-05-05 22:45:00,2026-05-05 18:45:00,Tue,NZD,Employment Change q/q,high
1778021100,2026-05-05 22:45:00,2026-05-05 18:45:00,Tue,NZD,Unemployment Rate,high
1778242800,2026-05-08 12:20:00,2026-05-08 08:20:00,Fri,GBP,BOE Gov Bailey Speaks,high
1778243400,2026-05-08 12:30:00,2026-05-08 08:30:00,Fri,CAD,Employment Change,high
1778243400,2026-05-08 12:30:00,2026-05-08 08:30:00,Fri,CAD,Unemployment Rate,high
1778243400,2026-05-08 12:30:00,2026-05-08 08:30:00,Fri,USD,Average Hourly Earnings m/m,high
1778243400,2026-05-08 12:30:00,2026-05-08 08:30:00,Fri,USD,Non-Farm Employment Change,high
1778243400,2026-05-08 12:30:00,2026-05-08 08:30:00,Fri,USD,Unemployment Rate,high
1778589000,2026-05-12 12:30:00,2026-05-12 08:30:00,Tue,USD,Core CPI m/m,high
1778589000,2026-05-12 12:30:00,2026-05-12 08:30:00,Tue,USD,Core CPI y/y,high
1778589000,2026-05-12 12:30:00,2026-05-12 08:30:00,Tue,USD,CPI m/m,high
1778589000,2026-05-12 12:30:00,2026-05-12 08:30:00,Tue,USD,CPI y/y,high
1778675400,2026-05-13 12:30:00,2026-05-13 08:30:00,Wed,USD,Core PPI m/m,high
1778675400,2026-05-13 12:30:00,2026-05-13 08:30:00,Wed,USD,PPI m/m,high
1778697600,2026-05-13 18:40:00,2026-05-13 14:40:00,Wed,USD,Fed Chair Nomination Vote,high
1778738400,2026-05-14 06:00:00,2026-05-14 02:00:00,Thu,GBP,GDP m/m,high
1778761800,2026-05-14 12:30:00,2026-05-14 08:30:00,Thu,USD,Core Retail Sales m/m,high
1778761800,2026-05-14 12:30:00,2026-05-14 08:30:00,Thu,USD,Retail Sales m/m,high
1779170400,2026-05-19 06:00:00,2026-05-19 02:00:00,Tue,GBP,Claimant Count Change,high
1779193800,2026-05-19 12:30:00,2026-05-19 08:30:00,Tue,CAD,CPI m/m,high
1779256800,2026-05-20 06:00:00,2026-05-20 02:00:00,Wed,GBP,CPI y/y,high
1779300000,2026-05-20 18:00:00,2026-05-20 14:00:00,Wed,USD,FOMC Meeting Minutes,high
1779327000,2026-05-21 01:30:00,2026-05-20 21:30:00,Wed,AUD,Employment Change,high
1779327000,2026-05-21 01:30:00,2026-05-20 21:30:00,Wed,AUD,Unemployment Rate,high
1779375600,2026-05-21 15:00:00,2026-05-21 11:00:00,Thu,GBP,BOE Gov Bailey Speaks,high
1779845400,2026-05-27 01:30:00,2026-05-26 21:30:00,Tue,AUD,CPI m/m,high
1779845400,2026-05-27 01:30:00,2026-05-26 21:30:00,Tue,AUD,CPI y/y,high
1779845400,2026-05-27 01:30:00,2026-05-26 21:30:00,Tue,AUD,Trimmed Mean CPI m/m,high
1779847200,2026-05-27 02:00:00,2026-05-26 22:00:00,Tue,NZD,Official Cash Rate,high
1779847200,2026-05-27 02:00:00,2026-05-26 22:00:00,Tue,NZD,RBNZ Monetary Policy Statement,high
1779847200,2026-05-27 02:00:00,2026-05-26 22:00:00,Tue,NZD,RBNZ Rate Statement,high
1779850800,2026-05-27 03:00:00,2026-05-26 23:00:00,Tue,NZD,RBNZ Press Conference,high
1779971400,2026-05-28 12:30:00,2026-05-28 08:30:00,Thu,USD,Core PCE Price Index m/m,high
1779971400,2026-05-28 12:30:00,2026-05-28 08:30:00,Thu,USD,Prelim GDP q/q,high
1780042800,2026-05-29 08:20:00,2026-05-29 04:20:00,Fri,GBP,BOE Gov Bailey Speaks,high
1780057800,2026-05-29 12:30:00,2026-05-29 08:30:00,Fri,CAD,GDP m/m,high
1780322400,2026-06-01 14:00:00,2026-06-01 10:00:00,Mon,USD,ISM Manufacturing PMI,high
1780408800,2026-06-02 14:00:00,2026-06-02 10:00:00,Tue,GBP,BOE Gov Bailey Speaks,high
1780450200,2026-06-03 01:30:00,2026-06-02 21:30:00,Tue,AUD,GDP q/q,high
1780475400,2026-06-03 08:30:00,2026-06-03 04:30:00,Wed,JPY,BOJ Gov Ueda Speaks,high
1780488900,2026-06-03 12:15:00,2026-06-03 08:15:00,Wed,USD,ADP Non-Farm Employment Change,high
1780495200,2026-06-03 14:00:00,2026-06-03 10:00:00,Wed,USD,ISM Services PMI,high
1780549200,2026-06-04 05:00:00,2026-06-04 01:00:00,Thu,AUD,RBA Gov Bullock Speaks,high
1780587600,2026-06-04 15:40:00,2026-06-04 11:40:00,Thu,GBP,BOE Gov Bailey Speaks,high
1780662600,2026-06-05 12:30:00,2026-06-05 08:30:00,Fri,CAD,Employment Change,high
1780662600,2026-06-05 12:30:00,2026-06-05 08:30:00,Fri,CAD,Unemployment Rate,high
1780662600,2026-06-05 12:30:00,2026-06-05 08:30:00,Fri,USD,Average Hourly Earnings m/m,high
1780662600,2026-06-05 12:30:00,2026-06-05 08:30:00,Fri,USD,Non-Farm Employment Change,high
1780662600,2026-06-05 12:30:00,2026-06-05 08:30:00,Fri,USD,Unemployment Rate,high
1781094600,2026-06-10 12:30:00,2026-06-10 08:30:00,Wed,USD,Core CPI m/m,high
1781094600,2026-06-10 12:30:00,2026-06-10 08:30:00,Wed,USD,Core CPI y/y,high
1781094600,2026-06-10 12:30:00,2026-06-10 08:30:00,Wed,USD,CPI m/m,high
1781094600,2026-06-10 12:30:00,2026-06-10 08:30:00,Wed,USD,CPI y/y,high
1781099100,2026-06-10 13:45:00,2026-06-10 09:45:00,Wed,CAD,BOC Rate Statement,high
1781099100,2026-06-10 13:45:00,2026-06-10 09:45:00,Wed,CAD,Overnight Rate,high
1781101800,2026-06-10 14:30:00,2026-06-10 10:30:00,Wed,CAD,BOC Press Conference,high
1781180100,2026-06-11 12:15:00,2026-06-11 08:15:00,Thu,EUR,Main Refinancing Rate,high
1781180100,2026-06-11 12:15:00,2026-06-11 08:15:00,Thu,EUR,Monetary Policy Statement,high
1781181000,2026-06-11 12:30:00,2026-06-11 08:30:00,Thu,USD,Core PPI m/m,high
1781181000,2026-06-11 12:30:00,2026-06-11 08:30:00,Thu,USD,PPI m/m,high
1781181900,2026-06-11 12:45:00,2026-06-11 08:45:00,Thu,EUR,ECB Press Conference,high
1781244000,2026-06-12 06:00:00,2026-06-12 02:00:00,Fri,GBP,GDP m/m,high
1781579940,2026-06-16 03:19:00,2026-06-15 23:19:00,Mon,JPY,BOJ Policy Rate,high
1781579940,2026-06-16 03:19:00,2026-06-15 23:19:00,Mon,JPY,Monetary Policy Statement,high
1781584200,2026-06-16 04:30:00,2026-06-16 00:30:00,Tue,AUD,Cash Rate,high
1781584200,2026-06-16 04:30:00,2026-06-16 00:30:00,Tue,AUD,RBA Rate Statement,high
1781587800,2026-06-16 05:30:00,2026-06-16 01:30:00,Tue,AUD,RBA Press Conference,high
1781591400,2026-06-16 06:30:00,2026-06-16 02:30:00,Tue,JPY,BOJ Press Conference,high
1781676000,2026-06-17 06:00:00,2026-06-17 02:00:00,Wed,GBP,CPI y/y,high
1781719200,2026-06-17 18:00:00,2026-06-17 14:00:00,Wed,USD,Federal Funds Rate,high
1781719200,2026-06-17 18:00:00,2026-06-17 14:00:00,Wed,USD,FOMC Economic Projections,high
1781719200,2026-06-17 18:00:00,2026-06-17 14:00:00,Wed,USD,FOMC Statement,high
1781721000,2026-06-17 18:30:00,2026-06-17 14:30:00,Wed,USD,FOMC Press Conference,high
1781736300,2026-06-17 22:45:00,2026-06-17 18:45:00,Wed,NZD,GDP q/q,high
1781762400,2026-06-18 06:00:00,2026-06-18 02:00:00,Thu,GBP,Claimant Count Change,high
1781767800,2026-06-18 07:30:00,2026-06-18 03:30:00,Thu,CHF,SNB Monetary Policy Assessment,high
1781767800,2026-06-18 07:30:00,2026-06-18 03:30:00,Thu,CHF,SNB Policy Rate,high
1781769600,2026-06-18 08:00:00,2026-06-18 04:00:00,Thu,CHF,SNB Press Conference,high
1781780400,2026-06-18 11:00:00,2026-06-18 07:00:00,Thu,GBP,Monetary Policy Summary,high
1781780400,2026-06-18 11:00:00,2026-06-18 07:00:00,Thu,GBP,MPC Official Bank Rate Votes,high
1781780400,2026-06-18 11:00:00,2026-06-18 07:00:00,Thu,GBP,Official Bank Rate,high
1782131400,2026-06-22 12:30:00,2026-06-22 08:30:00,Mon,CAD,CPI m/m,high
1782131400,2026-06-22 12:30:00,2026-06-22 08:30:00,Mon,CAD,Median CPI y/y,high
1782131400,2026-06-22 12:30:00,2026-06-22 08:30:00,Mon,CAD,Trimmed CPI y/y,high
1782264600,2026-06-24 01:30:00,2026-06-23 21:30:00,Tue,AUD,CPI m/m,high
1782264600,2026-06-24 01:30:00,2026-06-23 21:30:00,Tue,AUD,CPI y/y,high
1782264600,2026-06-24 01:30:00,2026-06-23 21:30:00,Tue,AUD,Trimmed Mean CPI m/m,high
1782351000,2026-06-25 01:30:00,2026-06-24 21:30:00,Wed,AUD,Employment Change,high
1782351000,2026-06-25 01:30:00,2026-06-24 21:30:00,Wed,AUD,Unemployment Rate,high
1782390600,2026-06-25 12:30:00,2026-06-25 08:30:00,Thu,USD,Core PCE Price Index m/m,high
1782390600,2026-06-25 12:30:00,2026-06-25 08:30:00,Thu,USD,Final GDP q/q,high
1782822600,2026-06-30 12:30:00,2026-06-30 08:30:00,Tue,CAD,GDP m/m,high
1782910800,2026-07-01 13:00:00,2026-07-01 09:00:00,Wed,GBP,BOE Gov Bailey Speaks,high
1782910800,2026-07-01 13:00:00,2026-07-01 09:00:00,Wed,USD,Fed Chairman Warsh Speaks,high
1782914400,2026-07-01 14:00:00,2026-07-01 10:00:00,Wed,USD,ISM Manufacturing PMI,high
1782995400,2026-07-02 12:30:00,2026-07-02 08:30:00,Thu,USD,Average Hourly Earnings m/m,high
1782995400,2026-07-02 12:30:00,2026-07-02 08:30:00,Thu,USD,Non-Farm Employment Change,high
1782995400,2026-07-02 12:30:00,2026-07-02 08:30:00,Thu,USD,Unemployment Rate,high
1783346400,2026-07-06 14:00:00,2026-07-06 10:00:00,Mon,USD,ISM Services PMI,high
1783476000,2026-07-08 02:00:00,2026-07-07 22:00:00,Tue,NZD,Official Cash Rate,high
1783476000,2026-07-08 02:00:00,2026-07-07 22:00:00,Tue,NZD,RBNZ Rate Statement,high
1783479600,2026-07-08 03:00:00,2026-07-07 23:00:00,Tue,NZD,RBNZ Press Conference,high
1783533600,2026-07-08 18:00:00,2026-07-08 14:00:00,Wed,USD,FOMC Meeting Minutes,high
1783686600,2026-07-10 12:30:00,2026-07-10 08:30:00,Fri,CAD,Employment Change,high
1783686600,2026-07-10 12:30:00,2026-07-10 08:30:00,Fri,CAD,Unemployment Rate,high
1784032200,2026-07-14 12:30:00,2026-07-14 08:30:00,Tue,USD,Core CPI m/m,high
1784032200,2026-07-14 12:30:00,2026-07-14 08:30:00,Tue,USD,Core CPI y/y,high
1784032200,2026-07-14 12:30:00,2026-07-14 08:30:00,Tue,USD,CPI m/m,high
1784032200,2026-07-14 12:30:00,2026-07-14 08:30:00,Tue,USD,CPI y/y,high
1784037600,2026-07-14 14:00:00,2026-07-14 10:00:00,Tue,USD,Fed Chairman Warsh Testifies,high
1784059200,2026-07-14 20:00:00,2026-07-14 16:00:00,Tue,GBP,BOE Gov Bailey Speaks,high
1784118600,2026-07-15 12:30:00,2026-07-15 08:30:00,Wed,USD,Core PPI m/m,high
1784118600,2026-07-15 12:30:00,2026-07-15 08:30:00,Wed,USD,PPI m/m,high
1784123100,2026-07-15 13:45:00,2026-07-15 09:45:00,Wed,CAD,BOC Monetary Policy Report,high
1784123100,2026-07-15 13:45:00,2026-07-15 09:45:00,Wed,CAD,BOC Rate Statement,high
1784123100,2026-07-15 13:45:00,2026-07-15 09:45:00,Wed,CAD,Overnight Rate,high
1784124000,2026-07-15 14:00:00,2026-07-15 10:00:00,Wed,USD,Fed Chairman Warsh Testifies,high
1784126700,2026-07-15 14:45:00,2026-07-15 10:45:00,Wed,CAD,BOC Press Conference,high
1784181600,2026-07-16 06:00:00,2026-07-16 02:00:00,Thu,GBP,GDP m/m,high
1784550600,2026-07-20 12:30:00,2026-07-20 08:30:00,Mon,CAD,CPI m/m,high
1784550600,2026-07-20 12:30:00,2026-07-20 08:30:00,Mon,CAD,Median CPI y/y,high
1784550600,2026-07-20 12:30:00,2026-07-20 08:30:00,Mon,CAD,Trimmed CPI y/y,high
1784587500,2026-07-20 22:45:00,2026-07-20 18:45:00,Mon,NZD,CPI q/q,high
1784613600,2026-07-21 06:00:00,2026-07-21 02:00:00,Tue,GBP,Claimant Count Change,high
1784700000,2026-07-22 06:00:00,2026-07-22 02:00:00,Wed,GBP,CPI y/y,high
1784770200,2026-07-23 01:30:00,2026-07-22 21:30:00,Wed,AUD,Employment Change,high
1784770200,2026-07-23 01:30:00,2026-07-22 21:30:00,Wed,AUD,Unemployment Rate,high
1784808900,2026-07-23 12:15:00,2026-07-23 08:15:00,Thu,EUR,Main Refinancing Rate,high
1784808900,2026-07-23 12:15:00,2026-07-23 08:15:00,Thu,EUR,Monetary Policy Statement,high
1784810700,2026-07-23 12:45:00,2026-07-23 08:45:00,Thu,EUR,ECB Press Conference,high
1785207900,2026-07-28 03:05:00,2026-07-27 23:05:00,Mon,AUD,RBA Gov Bullock Speaks,high
1785288600,2026-07-29 01:30:00,2026-07-28 21:30:00,Tue,AUD,CPI m/m,high
1785288600,2026-07-29 01:30:00,2026-07-28 21:30:00,Tue,AUD,CPI y/y,high
1785288600,2026-07-29 01:30:00,2026-07-28 21:30:00,Tue,AUD,Trimmed Mean CPI m/m,high
1785348000,2026-07-29 18:00:00,2026-07-29 14:00:00,Wed,USD,Federal Funds Rate,high
1785348000,2026-07-29 18:00:00,2026-07-29 14:00:00,Wed,USD,FOMC Statement,high
1785349800,2026-07-29 18:30:00,2026-07-29 14:30:00,Wed,USD,FOMC Press Conference,high
1785409200,2026-07-30 11:00:00,2026-07-30 07:00:00,Thu,GBP,BOE Monetary Policy Report,high
1785409200,2026-07-30 11:00:00,2026-07-30 07:00:00,Thu,GBP,Monetary Policy Summary,high
1785409200,2026-07-30 11:00:00,2026-07-30 07:00:00,Thu,GBP,MPC Official Bank Rate Votes,high
1785409200,2026-07-30 11:00:00,2026-07-30 07:00:00,Thu,GBP,Official Bank Rate,high
1785412800,2026-07-30 12:00:00,2026-07-30 08:00:00,Thu,GBP,BOE Gov Bailey Speaks,high
1785414600,2026-07-30 12:30:00,2026-07-30 08:30:00,Thu,USD,Advance GDP q/q,high
1785414600,2026-07-30 12:30:00,2026-07-30 08:30:00,Thu,USD,Core PCE Price Index m/m,high
1785467460,2026-07-31 03:11:00,2026-07-30 23:11:00,Thu,JPY,BOJ Outlook Report,high
1785467460,2026-07-31 03:11:00,2026-07-30 23:11:00,Thu,JPY,BOJ Policy Rate,high
1785467460,2026-07-31 03:11:00,2026-07-30 23:11:00,Thu,JPY,Monetary Policy Statement,high
1785479400,2026-07-31 06:30:00,2026-07-31 02:30:00,Fri,JPY,BOJ Press Conference,high
1785501000,2026-07-31 12:30:00,2026-07-31 08:30:00,Fri,CAD,GDP m/m,high
1785765600,2026-08-03 14:00:00,2026-08-03 10:00:00,Mon,USD,ISM Manufacturing PMI,high
1785883500,2026-08-04 22:45:00,2026-08-04 18:45:00,Tue,NZD,Employment Change q/q,high
1785883500,2026-08-04 22:45:00,2026-08-04 18:45:00,Tue,NZD,Unemployment Rate,high
1786105800,2026-08-07 12:30:00,2026-08-07 08:30:00,Fri,CAD,Employment Change,high
1786105800,2026-08-07 12:30:00,2026-08-07 08:30:00,Fri,CAD,Unemployment Rate,high
1786105800,2026-08-07 12:30:00,2026-08-07 08:30:00,Fri,USD,Average Hourly Earnings m/m,high
1786105800,2026-08-07 12:30:00,2026-08-07 08:30:00,Fri,USD,Non-Farm Employment Change,high
1786105800,2026-08-07 12:30:00,2026-08-07 08:30:00,Fri,USD,Unemployment Rate,high
1786422600,2026-08-11 04:30:00,2026-08-11 00:30:00,Tue,AUD,Cash Rate,high
1786422600,2026-08-11 04:30:00,2026-08-11 00:30:00,Tue,AUD,RBA Monetary Policy Statement,high
1786422600,2026-08-11 04:30:00,2026-08-11 00:30:00,Tue,AUD,RBA Rate Statement,high
1786426200,2026-08-11 05:30:00,2026-08-11 01:30:00,Tue,AUD,RBA Press Conference,high
1786537800,2026-08-12 12:30:00,2026-08-12 08:30:00,Wed,USD,Core CPI m/m,high
1786537800,2026-08-12 12:30:00,2026-08-12 08:30:00,Wed,USD,Core CPI y/y,high
1786537800,2026-08-12 12:30:00,2026-08-12 08:30:00,Wed,USD,CPI m/m,high
1786537800,2026-08-12 12:30:00,2026-08-12 08:30:00,Wed,USD,CPI y/y,high
1786600800,2026-08-13 06:00:00,2026-08-13 02:00:00,Thu,GBP,GDP m/m,high
1786624200,2026-08-13 12:30:00,2026-08-13 08:30:00,Thu,USD,Core PPI m/m,high
1786624200,2026-08-13 12:30:00,2026-08-13 08:30:00,Thu,USD,PPI m/m,high
1786969800,2026-08-17 12:30:00,2026-08-17 08:30:00,Mon,CAD,CPI m/m,high
1786969800,2026-08-17 12:30:00,2026-08-17 08:30:00,Mon,CAD,Median CPI y/y,high
1786969800,2026-08-17 12:30:00,2026-08-17 08:30:00,Mon,CAD,Trimmed CPI y/y,high
1787032800,2026-08-18 06:00:00,2026-08-18 02:00:00,Tue,GBP,Claimant Count Change,high
1787119200,2026-08-19 06:00:00,2026-08-19 02:00:00,Wed,GBP,CPI y/y,high
1787162400,2026-08-19 18:00:00,2026-08-19 14:00:00,Wed,USD,FOMC Meeting Minutes,high
1787189400,2026-08-20 01:30:00,2026-08-19 21:30:00,Wed,AUD,Employment Change,high
1787189400,2026-08-20 01:30:00,2026-08-19 21:30:00,Wed,AUD,Unemployment Rate,high
1787707800,2026-08-26 01:30:00,2026-08-25 21:30:00,Tue,AUD,CPI m/m,high
1787707800,2026-08-26 01:30:00,2026-08-25 21:30:00,Tue,AUD,CPI y/y,high
1787707800,2026-08-26 01:30:00,2026-08-25 21:30:00,Tue,AUD,Trimmed Mean CPI m/m,high
1787747400,2026-08-26 12:30:00,2026-08-26 08:30:00,Wed,USD,Core PCE Price Index m/m,high
1787747400,2026-08-26 12:30:00,2026-08-26 08:30:00,Wed,USD,Prelim GDP q/q,high
1787920200,2026-08-28 12:30:00,2026-08-28 08:30:00,Fri,CAD,GDP m/m,high
1787925600,2026-08-28 14:00:00,2026-08-28 10:00:00,Fri,USD,Prelim Benchmark Payrolls Revision,high
