time,open,high,low,close,volume
2026-07-15 18:01:48.732,29707.75,29723.75,29698,29723.75,2161
2026-07-15 18:01:51.684,29723.75,29727.75,29711.75,29727.75,164
2026-07-15 18:02:02.324,29727.75,29731.75,29715.75,29731.75,324
2026-07-15 18:02:17.656,29731.75,29735.75,29719.75,29735.75,343
2026-07-15 18:02:22.924,29735.75,29740.25,29723.75,29739.75,255
2026-07-15 18:05:18.852,29739.75,29743.75,29727.75,29743.75,2329
2026-07-15 18:06:11.660,29743.75,29747.75,29731.75,29747.75,765
2026-07-15 18:20:06.980,29747.75,29749,29719.75,29719.75,6706
2026-07-15 18:23:42.596,29719.75,29731.75,29715.75,29715.75,1530
2026-07-15 18:23:45.560,29715.75,29727.75,29711.75,29711.75,109
2026-07-15 18:34:05.928,29711.75,29725,29707.75,29707.75,4499
2026-07-15 18:35:02.316,29707.75,29719.75,29703.75,29703.75,637
2026-07-15 18:36:16.784,29703.75,29715.75,29699.75,29699.75,1058
2026-07-15 18:36:17.808,29699.75,29711.75,29692.75,29695.75,436
2026-07-15 18:36:20.208,29695.75,29707.75,29690.75,29691.75,206
2026-07-15 18:42:06.176,29691.75,29703.75,29687.75,29687.75,2825
2026-07-15 18:44:56.816,29687.75,29699.75,29683.75,29683.75,1600
2026-07-15 18:52:25.296,29683.75,29700.25,29679.75,29679.75,4247
2026-07-15 18:54:07.696,29679.75,29707.75,29679.25,29707.75,1060
2026-07-15 18:54:08.700,29707.75,29725,29695.75,29711.75,767
2026-07-15 18:55:29.848,29711.75,29711.75,29683.75,29683.75,2308
2026-07-15 18:55:43.692,29683.75,29695.75,29679.75,29679.75,469
2026-07-15 18:56:45.452,29679.75,29707.75,29677.75,29707.75,1476
2026-07-15 18:56:56.988,29707.75,29711.75,29695.75,29711.75,695
2026-07-15 18:56:58.456,29711.75,29717,29699.75,29715.75,212
2026-07-15 18:56:59.508,29715.75,29719.75,29703.75,29719.75,113
2026-07-15 19:00:26.912,29719.75,29723.75,29707.75,29723.75,3260
2026-07-15 19:00:42.264,29723.75,29727.75,29711.75,29727.75,478
2026-07-15 19:12:14.616,29727.75,29731.75,29709.25,29731.75,5918
2026-07-15 19:12:49.680,29731.75,29735.75,29719.75,29735.75,645
2026-07-15 19:15:16.512,29735.75,29737,29707.75,29707.75,2016
2026-07-15 19:17:59.908,29707.75,29719.75,29703.75,29703.75,1877
2026-07-15 19:18:08.336,29703.75,29715.75,29699.75,29699.75,394
2026-07-15 19:18:09.532,29699.75,29711.75,29695.75,29695.75,178
2026-07-15 19:27:59.288,29695.75,29723.75,29695,29723.75,6652
2026-07-15 19:33:15.700,29723.75,29727.75,29711.75,29727.75,2082
2026-07-15 19:33:40.320,29727.75,29731.75,29715.75,29731.75,514
2026-07-15 19:41:01.072,29731.75,29733.5,29703.75,29703.75,3332
2026-07-15 19:49:12.524,29703.75,29728,29699.75,29699.75,5265
2026-07-15 19:49:13.776,29699.75,29711.75,29695.75,29695.75,127
2026-07-15 19:49:57.752,29695.75,29707.75,29691.75,29691.75,717
2026-07-15 19:50:31.012,29691.75,29703.75,29687.75,29687.75,662
2026-07-15 19:59:15.788,29687.75,29706.75,29683.75,29683.75,5107
2026-07-15 20:01:21.460,29683.75,29711.75,29682.25,29711.75,3206
2026-07-15 20:01:24.112,29711.75,29715.75,29699.75,29715.75,219
2026-07-15 20:01:26.444,29715.75,29719.75,29703.75,29719.75,217
2026-07-15 20:02:04.800,29719.75,29723.75,29707.75,29723.75,1132
2026-07-15 20:02:13.544,29723.75,29727.75,29711.75,29727.75,496
2026-07-15 20:02:41.992,29727.75,29733.25,29715.75,29731.75,1059
2026-07-15 20:02:44.892,29731.75,29735.75,29719.75,29735.75,190
2026-07-15 20:02:45.980,29735.75,29744,29723.75,29739.75,474
2026-07-15 20:02:47.316,29739.75,29743.75,29727.75,29743.75,112
2026-07-15 20:13:51.880,29743.75,29747.75,29719.75,29747.75,14340
2026-07-15 20:13:54.100,29747.75,29751.75,29735.75,29751.75,662
2026-07-15 20:14:48.056,29751.75,29755.75,29739.75,29755.75,1872
2026-07-15 20:15:02.984,29755.75,29759.75,29743.75,29759.75,677
2026-07-15 20:15:13.484,29759.75,29763.75,29747.75,29763.75,659
2026-07-15 20:16:00.008,29763.75,29765.25,29735.75,29735.75,1858
2026-07-15 20:16:08.260,29735.75,29747.75,29731.75,29731.75,430
2026-07-15 20:16:09.496,29731.75,29743.75,29726.25,29727.75,201
2026-07-15 20:16:20.748,29727.75,29739.75,29722.75,29723.75,589
2026-07-15 20:16:33.172,29723.75,29735.75,29719.75,29719.75,613
2026-07-15 20:16:34.580,29719.75,29731.75,29715.75,29715.75,158
2026-07-15 20:17:21.896,29715.75,29727.75,29711.75,29711.75,1388
2026-07-15 20:18:31.740,29711.75,29723.75,29707.75,29707.75,1500
2026-07-15 20:18:37.588,29707.75,29719.75,29703.75,29703.75,189
2026-07-15 20:19:42.772,29703.75,29715.75,29699.75,29699.75,1229
2026-07-15 20:19:47.200,29699.75,29711.75,29694.5,29695.75,358
2026-07-15 20:20:03.316,29695.75,29707.75,29691.75,29691.75,496
2026-07-15 20:20:09.196,29691.75,29703.75,29687.75,29687.75,576
2026-07-15 20:26:55.228,29687.75,29706,29683.75,29683.75,7987
2026-07-15 20:26:56.240,29683.75,29695.75,29670.25,29679.75,783
2026-07-15 20:27:02.248,29679.75,29691.75,29675,29675.75,490
2026-07-15 20:27:11.348,29675.75,29687.75,29671.75,29671.75,350
2026-07-15 20:27:13.680,29671.75,29683.75,29667.75,29667.75,210
2026-07-15 20:27:38.816,29667.75,29679.75,29663.75,29663.75,1035
2026-07-15 20:30:15.600,29663.75,29686.75,29659.75,29659.75,4339
2026-07-15 20:32:11.664,29659.75,29679.25,29655.75,29655.75,3811
2026-07-15 20:34:46.624,29655.75,29683.75,29653,29683.75,3433
2026-07-15 20:34:47.724,29683.75,29693,29671.75,29691.75,329
2026-07-15 20:34:58.640,29691.75,29695.75,29679.75,29695.75,555
2026-07-15 20:36:45.324,29695.75,29696.25,29667.75,29667.75,2374
2026-07-15 20:36:46.332,29667.75,29679.75,29663.75,29663.75,140
2026-07-15 20:37:51.768,29663.75,29675.75,29659.75,29659.75,1448
2026-07-15 20:38:55.288,29659.75,29671.75,29655.75,29655.75,824
2026-07-15 20:39:12.896,29655.75,29667.75,29651.75,29651.75,444
2026-07-15 20:40:19.208,29651.75,29663.75,29647.75,29647.75,1416
2026-07-15 20:40:29.044,29647.75,29659.75,29643.75,29643.75,340
2026-07-15 20:41:42.764,29643.75,29655.75,29639.75,29639.75,1598
2026-07-15 20:42:49.284,29639.75,29651.75,29635.75,29635.75,1070
2026-07-15 20:42:59.124,29635.75,29647.75,29631.75,29631.75,329
2026-07-15 20:43:11.748,29631.75,29643.75,29627.75,29627.75,571
2026-07-15 20:45:52.612,29627.75,29641.5,29623.75,29623.75,2938
2026-07-15 20:49:38.000,29623.75,29651.75,29622.25,29651.75,5023
2026-07-15 20:52:03.400,29651.75,29655.75,29628,29655.75,3155
2026-07-15 20:52:12.544,29655.75,29659.75,29643.75,29659.75,550
2026-07-15 20:52:30.292,29659.75,29663.75,29647.75,29663.75,566
2026-07-15 20:52:33.208,29663.75,29667.75,29651.75,29667.75,230
2026-07-15 20:52:34.576,29667.75,29671.75,29655.75,29671.75,137
2026-07-15 20:52:37.228,29671.75,29675.75,29659.75,29675.75,221
2026-07-15 20:55:09.588,29675.75,29679.75,29647.75,29647.75,3255
2026-07-15 20:55:12.224,29647.75,29659.75,29643.75,29643.75,104
2026-07-15 20:56:24.480,29643.75,29657.75,29639.75,29639.75,1402
2026-07-15 21:01:43.004,29639.75,29666.5,29635.75,29635.75,6793
2026-07-15 21:04:45.540,29635.75,29663.75,29632.5,29663.75,3435
2026-07-15 21:05:46.644,29663.75,29667.75,29651.75,29667.75,1151
2026-07-15 21:11:26.080,29667.75,29669,29639.75,29639.75,5439
2026-07-15 21:11:46.960,29639.75,29651.75,29635.75,29635.75,347
2026-07-15 21:12:02.504,29635.75,29647.75,29631.75,29631.75,277
2026-07-15 21:12:30.636,29631.75,29643.75,29627.75,29627.75,866
2026-07-15 21:12:51.780,29627.75,29639.75,29623.75,29623.75,449
2026-07-15 21:13:12.128,29623.75,29635.75,29619.75,29619.75,702
2026-07-15 21:13:31.124,29619.75,29631.75,29615.75,29615.75,494
2026-07-15 21:16:35.652,29615.75,29632.75,29611.75,29611.75,3819
2026-07-15 21:18:02.756,29611.75,29623.75,29607.75,29607.75,1719
2026-07-15 21:18:42.612,29607.75,29619.75,29603.75,29603.75,883
2026-07-15 21:30:18.816,29603.75,29629,29599.75,29599.75,10911
2026-07-15 21:34:06.804,29599.75,29618.5,29595.75,29595.75,4021
2026-07-15 21:36:06.520,29595.75,29623.75,29593.5,29623.75,2646
2026-07-15 21:36:12.392,29623.75,29627.75,29611.75,29627.75,316
2026-07-15 21:36:37.128,29627.75,29631.75,29615.75,29631.75,1052
2026-07-15 21:39:33.848,29631.75,29635.75,29615.75,29635.75,2904
2026-07-15 21:39:44.024,29635.75,29639.75,29623.75,29639.75,330
2026-07-15 21:40:33.020,29639.75,29643.75,29627.75,29643.75,935
2026-07-15 21:44:15.188,29643.75,29646.75,29615.75,29615.75,3458
2026-07-15 21:44:19.196,29615.75,29627.75,29611.75,29611.75,163
2026-07-15 21:44:25.692,29611.75,29623.75,29607.75,29607.75,169
2026-07-15 21:46:40.852,29607.75,29635.75,29607.75,29635.75,2038
2026-07-15 21:46:44.512,29635.75,29639.75,29623.75,29639.75,161
2026-07-15 21:46:57.972,29639.75,29643.75,29627.75,29643.75,333
2026-07-15 21:47:01.476,29643.75,29647.75,29631.75,29647.75,257
2026-07-15 21:47:27.896,29647.75,29651.75,29635.75,29651.75,949
2026-07-15 21:48:11.304,29651.75,29655.75,29639.75,29655.75,898
2026-07-15 21:48:51.856,29655.75,29659.75,29643.75,29659.75,705
2026-07-15 21:49:02.104,29659.75,29663.75,29647.75,29663.75,450
2026-07-15 21:49:05.656,29663.75,29667.75,29651.75,29667.75,195
2026-07-15 21:49:33.812,29667.75,29671.75,29655.75,29671.75,1087
2026-07-15 21:49:51.620,29671.75,29675.75,29659.75,29675.75,431
2026-07-15 21:50:12.824,29675.75,29679.75,29663.75,29679.75,897
2026-07-15 21:55:53.756,29679.75,29683.75,29656,29683.75,6252
2026-07-15 21:57:59.164,29683.75,29686.5,29655.75,29655.75,2883
2026-07-15 21:58:04.768,29655.75,29667.75,29651.75,29651.75,169
2026-07-15 21:58:22.732,29651.75,29663.75,29647.75,29647.75,424
2026-07-15 21:59:00.248,29647.75,29659.75,29643.75,29643.75,823
2026-07-15 22:01:25.804,29643.75,29655.75,29639.75,29639.75,2200
2026-07-15 22:01:39.080,29639.75,29651.75,29635.75,29635.75,261
2026-07-15 22:02:01.520,29635.75,29647.75,29631.75,29631.75,572
2026-07-15 22:02:13.372,29631.75,29643.75,29627.75,29627.75,363
2026-07-15 22:03:35.028,29627.75,29639.75,29623.75,29623.75,1229
2026-07-15 22:17:56.992,29623.75,29651.75,29620,29651.75,11262
2026-07-15 22:18:05.964,29651.75,29655.75,29639.75,29655.75,366
2026-07-15 22:18:11.336,29655.75,29659.75,29643.75,29659.75,267
2026-07-15 22:18:29.480,29659.75,29663.75,29647.75,29663.75,577
2026-07-15 22:19:48.980,29663.75,29667.75,29651.75,29667.75,1185
2026-07-15 22:22:28.364,29667.75,29671.75,29655.75,29671.75,1879
2026-07-15 22:22:31.380,29671.75,29675.75,29659.75,29675.75,138
2026-07-15 22:23:04.268,29675.75,29679.75,29663.75,29679.75,530
2026-07-15 22:23:31.860,29679.75,29683.75,29667.75,29683.75,406
2026-07-15 22:23:41.324,29683.75,29687.75,29671.75,29687.75,269
2026-07-15 22:24:21.788,29687.75,29691.75,29675.75,29691.75,981
2026-07-15 22:24:56.528,29691.75,29695.75,29679.75,29695.75,743
2026-07-15 22:26:27.892,29695.75,29699.75,29683.75,29699.75,1443
2026-07-15 22:27:07.944,29699.75,29703.75,29687.75,29703.75,809
2026-07-15 22:44:00.652,29703.75,29707.25,29675.75,29675.75,11834
2026-07-15 22:49:21.260,29675.75,29703.75,29672,29703.75,3846
2026-07-15 22:49:22.264,29703.75,29709.25,29691.75,29707.75,185
2026-07-15 22:49:24.144,29707.75,29711.75,29695.75,29711.75,201
2026-07-15 22:49:26.312,29711.75,29715.75,29699.75,29715.75,230
2026-07-15 22:53:48.848,29715.75,29719.75,29699.75,29719.75,3934
2026-07-15 22:54:07.776,29719.75,29723.75,29707.75,29723.75,458
2026-07-15 22:58:03.784,29723.75,29727.75,29711.75,29727.75,2499
2026-07-15 22:58:55.924,29727.75,29731.75,29715.75,29731.75,672
2026-07-15 22:59:18.688,29731.75,29735.75,29719.75,29735.75,616
2026-07-15 23:05:50.472,29735.75,29739.75,29721,29739.75,4747
2026-07-15 23:05:59.940,29739.75,29743.75,29727.75,29743.75,432
2026-07-15 23:06:06.848,29743.75,29747.75,29731.75,29747.75,388
2026-07-15 23:11:27.020,29747.75,29751.75,29735.75,29751.75,3309
2026-07-15 23:19:29.524,29751.75,29752.5,29723.75,29723.75,4501
2026-07-15 23:19:36.296,29723.75,29735.75,29719.75,29719.75,323
2026-07-15 23:24:08.464,29719.75,29732.25,29715.75,29715.75,2779
2026-07-15 23:28:03.460,29715.75,29727.75,29711.75,29711.75,1974
2026-07-15 23:31:08.048,29711.75,29739.75,29710,29739.75,2710
2026-07-15 23:31:10.116,29739.75,29743.75,29727.75,29743.75,207
2026-07-15 23:45:34.540,29743.75,29746.75,29715.75,29715.75,7684
2026-07-15 23:45:39.792,29715.75,29727.75,29711.75,29711.75,165
2026-07-15 23:49:33.756,29711.75,29723.75,29705.75,29707.75,2584
2026-07-15 23:58:34.532,29707.75,29735.75,29706.5,29735.75,3916
2026-07-15 23:59:06.936,29735.75,29739.75,29723.75,29739.75,371
2026-07-15 23:59:58.692,29739.75,29743.75,29727.75,29743.75,493
2026-07-16 00:00:34.524,29743.75,29747.75,29731.75,29747.75,575
2026-07-16 00:14:18.680,29747.75,29751.75,29722.25,29751.75,7210
2026-07-16 00:14:53.480,29751.75,29755.75,29739.75,29755.75,711
2026-07-16 00:17:51.644,29755.75,29756,29727.75,29727.75,2184
2026-07-16 00:19:12.804,29727.75,29739.75,29723.75,29723.75,776
2026-07-16 00:21:29.532,29723.75,29735.75,29719.75,29719.75,943
2026-07-16 00:21:37.848,29719.75,29731.75,29715.75,29715.75,344
2026-07-16 00:22:07.088,29715.75,29727.75,29711.75,29711.75,444
2026-07-16 00:37:04.204,29711.75,29725,29707.75,29707.75,4528
2026-07-16 00:38:04.804,29707.75,29719.75,29703.75,29703.75,398
2026-07-16 00:40:21.352,29703.75,29715.75,29699.75,29699.75,1060
2026-07-16 00:40:30.648,29699.75,29711.75,29695.75,29695.75,253
2026-07-16 01:03:10.684,29695.75,29723.75,29695.75,29723.75,8752
2026-07-16 01:11:57.432,29723.75,29727.75,29697.25,29727.75,5154
2026-07-16 01:12:12.812,29727.75,29731.75,29715.75,29731.75,360
2026-07-16 01:12:18.996,29731.75,29735.75,29719.75,29735.75,227
2026-07-16 01:13:37.856,29735.75,29739.75,29723.75,29739.75,780
2026-07-16 01:13:55.100,29739.75,29743.75,29727.75,29743.75,328
2026-07-16 01:14:59.328,29743.75,29747.75,29731.75,29747.75,627
2026-07-16 01:15:12.144,29747.75,29751.75,29735.75,29751.75,362
2026-07-16 01:15:16.264,29751.75,29755.75,29739.75,29755.75,202
2026-07-16 01:15:23.976,29755.75,29759.75,29743.75,29759.75,403
2026-07-16 01:15:25.012,29759.75,29771.25,29747.75,29763.75,765
2026-07-16 01:23:54.848,29763.75,29767.75,29739.25,29767.75,6099
2026-07-16 01:25:34.416,29767.75,29771.75,29755.75,29771.75,1007
2026-07-16 01:26:27.564,29771.75,29776,29759.75,29775.75,887
2026-07-16 01:30:09.776,29775.75,29779.75,29757.75,29779.75,2894
2026-07-16 01:30:10.776,29779.75,29795,29767.75,29791.75,939
2026-07-16 01:30:18.684,29791.75,29795.75,29779.75,29795.75,596
2026-07-16 01:31:09.112,29795.75,29796.5,29767.75,29767.75,1457
2026-07-16 01:31:36.496,29767.75,29779.75,29763.75,29763.75,445
2026-07-16 01:31:54.512,29763.75,29775.75,29759.75,29759.75,303
2026-07-16 01:31:58.276,29759.75,29771.75,29755.75,29755.75,111
2026-07-16 01:32:15.956,29755.75,29767.75,29751.75,29751.75,372
2026-07-16 01:32:32.860,29751.75,29763.75,29747.75,29747.75,366
2026-07-16 01:33:09.648,29747.75,29759.75,29743.75,29743.75,688
2026-07-16 01:33:32.488,29743.75,29755.75,29739.75,29739.75,431
2026-07-16 01:33:34.236,29739.75,29751.75,29735.75,29735.75,170
2026-07-16 01:34:07.584,29735.75,29747.75,29731.75,29731.75,663
2026-07-16 01:34:08.588,29731.75,29743.75,29718.75,29723.75,487
2026-07-16 01:34:10.428,29723.75,29735.75,29719.75,29719.75,79
2026-07-16 01:34:15.708,29719.75,29731.75,29715.75,29715.75,226
2026-07-16 01:34:19.740,29715.75,29727.75,29711.75,29711.75,180
2026-07-16 01:35:00.492,29711.75,29723.75,29707.75,29707.75,983
2026-07-16 01:35:05.484,29707.75,29719.75,29703,29703.75,274
2026-07-16 01:35:11.132,29703.75,29715.75,29699.75,29699.75,383
2026-07-16 01:35:12.164,29699.75,29711.75,29694,29695.75,185
2026-07-16 01:35:13.172,29695.75,29707.75,29690,29691.75,139
2026-07-16 01:35:14.684,29691.75,29703.75,29687.75,29687.75,142
2026-07-16 01:35:40.464,29687.75,29699.75,29683.5,29683.75,984
2026-07-16 01:35:53.292,29683.75,29695.75,29679.75,29679.75,498
2026-07-16 01:35:55.668,29679.75,29691.75,29675.75,29675.75,111
2026-07-16 01:36:05.012,29675.75,29687.75,29671.75,29671.75,593
2026-07-16 01:38:07.660,29671.75,29699.75,29668.5,29699.75,3140
2026-07-16 01:39:48.604,29699.75,29703.5,29671.75,29671.75,1846
2026-07-16 01:40:22.436,29671.75,29684,29667.75,29667.75,943
2026-07-16 01:41:45.940,29667.75,29695.75,29667,29695.75,1782
2026-07-16 01:42:00.036,29695.75,29699.75,29683.75,29699.75,230
2026-07-16 01:42:03.736,29699.75,29703.75,29687.75,29703.75,141
2026-07-16 01:42:23.668,29703.75,29707.75,29691.75,29707.75,643
2026-07-16 01:43:34.548,29707.75,29711.75,29692,29711.75,1263
2026-07-16 01:43:39.736,29711.75,29715.75,29699.75,29715.75,235
2026-07-16 01:46:38.468,29715.75,29717.25,29687.75,29687.75,2427
2026-07-16 01:50:31.228,29687.75,29700,29683.75,29683.75,2094
2026-07-16 01:54:07.268,29683.75,29695.75,29679.75,29679.75,1511
2026-07-16 02:00:09.904,29679.75,29707.75,29678,29707.75,4165
2026-07-16 02:00:12.088,29707.75,29711.75,29695.75,29711.75,268
2026-07-16 02:00:15.400,29711.75,29716.25,29699.75,29715.75,266
2026-07-16 02:00:16.404,29715.75,29723.75,29703.75,29719.75,293
2026-07-16 02:00:19.692,29719.75,29723.75,29707.75,29723.75,214
2026-07-16 02:01:01.880,29723.75,29727.75,29711.75,29727.75,1157
2026-07-16 02:05:29.184,29727.75,29730,29699.75,29699.75,4244
2026-07-16 02:05:30.376,29699.75,29711.75,29691.75,29691.75,282
2026-07-16 02:05:32.204,29691.75,29703.75,29685.75,29687.75,403
2026-07-16 02:05:37.640,29687.75,29699.75,29683.75,29683.75,431
2026-07-16 02:05:48.728,29683.75,29695.75,29679.75,29679.75,556
2026-07-16 02:05:53.668,29679.75,29691.75,29675.75,29675.75,270
2026-07-16 02:06:09.284,29675.75,29687.75,29671.75,29671.75,606
2026-07-16 02:06:35.204,29671.75,29683.75,29667.75,29667.75,573
2026-07-16 02:06:44.676,29667.75,29679.75,29663.75,29663.75,254
2026-07-16 02:06:46.992,29663.75,29675.75,29659.75,29659.75,177
2026-07-16 02:07:30.028,29659.75,29671.75,29655.75,29655.75,1037
2026-07-16 02:07:33.400,29655.75,29667.75,29651.75,29651.75,205
2026-07-16 02:08:29.908,29651.75,29663.75,29647.5,29647.75,1234
2026-07-16 02:08:50.464,29647.75,29675.75,29646,29675.75,904
2026-07-16 02:08:51.472,29675.75,29730.5,29663.75,29723.75,1819
2026-07-16 02:08:52.528,29723.75,29734,29711.75,29727.75,555
2026-07-16 02:08:53.988,29727.75,29731.75,29715.75,29731.75,160
2026-07-16 02:08:59.188,29731.75,29732.5,29703.75,29703.75,397
2026-07-16 02:09:07.180,29703.75,29731.75,29701,29731.75,618
2026-07-16 02:09:09.372,29731.75,29735.75,29719.75,29735.75,223
2026-07-16 02:10:37.432,29735.75,29739.25,29707.75,29707.75,2798
2026-07-16 02:10:38.440,29707.75,29719.75,29703.75,29703.75,149
2026-07-16 02:11:45.740,29703.75,29715.75,29699.75,29699.75,1009
2026-07-16 02:14:18.236,29699.75,29727.75,29699.25,29727.75,2295
2026-07-16 02:15:20.932,29727.75,29731.75,29715.75,29731.75,1391
2026-07-16 02:15:30.480,29731.75,29735.75,29719.75,29735.75,190
2026-07-16 02:17:03.404,29735.75,29739.75,29723.75,29739.75,1395
2026-07-16 02:17:30.552,29739.75,29743.75,29727.75,29743.75,471
2026-07-16 02:17:31.572,29743.75,29748.5,29731.75,29747.75,171
2026-07-16 02:21:19.968,29747.75,29748.75,29719.75,29719.75,3155
2026-07-16 02:22:32.220,29719.75,29731.75,29715.75,29715.75,957
2026-07-16 02:22:41.608,29715.75,29727.75,29711.75,29711.75,157
2026-07-16 02:22:46.864,29711.75,29723.75,29707.75,29707.75,174
2026-07-16 02:23:01.348,29707.75,29719.75,29703.75,29703.75,277
2026-07-16 02:24:05.276,29703.75,29715.75,29699.75,29699.75,718
2026-07-16 02:24:35.992,29699.75,29711.75,29694.75,29695.75,364
2026-07-16 02:24:37.696,29695.75,29707.75,29691.75,29691.75,104
2026-07-16 02:27:35.844,29691.75,29703.75,29687.75,29687.75,1686
2026-07-16 02:27:55.856,29687.75,29699.75,29683.75,29683.75,281
2026-07-16 02:32:27.920,29683.75,29697.25,29679.75,29679.75,2975
2026-07-16 02:33:52.380,29679.75,29691.75,29675.75,29675.75,950
2026-07-16 02:34:18.252,29675.75,29687.75,29671.75,29671.75,392
2026-07-16 02:34:21.968,29671.75,29683.75,29667.75,29667.75,123
2026-07-16 02:34:32.268,29667.75,29679.75,29663.75,29663.75,230
2026-07-16 02:35:46.800,29663.75,29675.75,29659.75,29659.75,919
2026-07-16 02:36:10.300,29659.75,29671.75,29655.75,29655.75,421
2026-07-16 02:36:21.632,29655.75,29667.75,29651.75,29651.75,196
2026-07-16 02:36:47.744,29651.75,29663.75,29647.75,29647.75,402
2026-07-16 02:37:12.336,29647.75,29659.75,29643.75,29643.75,292
2026-07-16 02:39:37.100,29643.75,29671.75,29642.25,29671.75,1858
2026-07-16 02:39:55.956,29671.75,29675.75,29659.75,29675.75,277
2026-07-16 02:40:26.184,29675.75,29679.75,29663.75,29679.75,590
2026-07-16 02:40:34.608,29679.75,29683.75,29667.75,29683.75,129
2026-07-16 02:55:38.176,29683.75,29687.75,29658.5,29687.75,5686
2026-07-16 02:56:08.472,29687.75,29691.75,29675.75,29691.75,419
2026-07-16 03:00:24.724,29691.75,29694,29663.75,29663.75,2396
2026-07-16 03:00:29.304,29663.75,29675.75,29659.75,29659.75,144
2026-07-16 03:00:49.228,29659.75,29671.75,29655.75,29655.75,365
2026-07-16 03:00:55.504,29655.75,29667.75,29651.75,29651.75,115
2026-07-16 03:01:00.392,29651.75,29663.75,29647.75,29647.75,217
2026-07-16 03:01:03.872,29647.75,29659.75,29643.75,29643.75,148
2026-07-16 03:01:23.724,29643.75,29655.75,29639.75,29639.75,474
2026-07-16 03:12:15.748,29639.75,29665,29635.75,29635.75,6933
2026-07-16 03:12:44.324,29635.75,29647.75,29631.75,29631.75,417
2026-07-16 03:13:15.108,29631.75,29643.75,29627.75,29627.75,419
2026-07-16 03:13:20.320,29627.75,29639.75,29623.75,29623.75,157
2026-07-16 03:15:07.168,29623.75,29635.75,29619.75,29619.75,1555
2026-07-16 03:15:11.872,29619.75,29631.75,29615.75,29615.75,254
2026-07-16 03:20:50.956,29615.75,29643.75,29612,29643.75,4500
2026-07-16 03:21:57.940,29643.75,29647.75,29631.75,29647.75,579
2026-07-16 03:28:00.824,29647.75,29649.5,29619.75,29619.75,3297
2026-07-16 03:28:10.456,29619.75,29631.75,29615.75,29615.75,162
2026-07-16 03:32:24.012,29615.75,29630.25,29611.75,29611.75,1990
2026-07-16 03:32:36.452,29611.75,29623.75,29607.75,29607.75,311
2026-07-16 03:32:44.428,29607.75,29619.75,29603.75,29603.75,201
2026-07-16 03:33:49.904,29603.75,29615.75,29599.75,29599.75,967
2026-07-16 03:36:19.296,29599.75,29617,29595.75,29595.75,1854
2026-07-16 03:38:48.716,29595.75,29607.75,29591.75,29591.75,1517
2026-07-16 03:39:38.124,29591.75,29603.75,29587.75,29587.75,918
2026-07-16 03:39:55.304,29587.75,29599.75,29583.75,29583.75,558
2026-07-16 03:40:09.472,29583.75,29595.75,29579.75,29579.75,369
2026-07-16 03:40:15.688,29579.75,29591.75,29575.25,29575.75,374
2026-07-16 03:44:49.244,29575.75,29587.75,29571.75,29571.75,2896
2026-07-16 03:45:10.596,29571.75,29583.75,29567.75,29567.75,482
2026-07-16 03:45:12.152,29567.75,29579.75,29563.75,29563.75,145
2026-07-16 03:46:20.564,29563.75,29575.75,29559.75,29559.75,1154
2026-07-16 03:55:09.392,29559.75,29584.5,29555.75,29555.75,6524
2026-07-16 03:55:29.948,29555.75,29567.75,29551.75,29551.75,559
2026-07-16 04:01:45.108,29551.75,29572.75,29547.75,29547.75,5936
2026-07-16 04:02:18.496,29547.75,29559.75,29543.75,29543.75,869
2026-07-16 04:03:21.156,29543.75,29561,29539.75,29539.75,1173
2026-07-16 04:03:35.320,29539.75,29551.75,29535.75,29535.75,304
2026-07-16 04:03:41.576,29535.75,29547.75,29531.75,29531.75,266
2026-07-16 04:03:47.156,29531.75,29543.75,29527.75,29527.75,193
2026-07-16 04:03:48.584,29527.75,29539.75,29523.75,29523.75,164
2026-07-16 04:10:13.044,29523.75,29549,29519.75,29519.75,6353
2026-07-16 04:10:19.704,29519.75,29531.75,29515.75,29515.75,279
2026-07-16 04:10:22.252,29515.75,29527.75,29511.75,29511.75,148
2026-07-16 04:11:09.512,29511.75,29523.75,29507.75,29507.75,843
2026-07-16 04:11:15.936,29507.75,29519.75,29503.75,29503.75,387
2026-07-16 04:12:05.460,29503.75,29515.75,29499.75,29499.75,1351
2026-07-16 04:12:09.468,29499.75,29511.75,29495.75,29495.75,198
2026-07-16 04:12:19.436,29495.75,29507.75,29491.75,29491.75,377
2026-07-16 04:15:17.616,29491.75,29513,29487.75,29487.75,3569
2026-07-16 04:16:16.264,29487.75,29499.75,29483.75,29483.75,1132
2026-07-16 04:16:39.892,29483.75,29495.75,29479.75,29479.75,410
2026-07-16 04:17:41.128,29479.75,29507.75,29478,29507.75,1322
2026-07-16 04:17:43.856,29507.75,29511.75,29495.75,29511.75,88
2026-07-16 04:17:49.196,29511.75,29515.75,29499.75,29515.75,153
2026-07-16 04:17:54.592,29515.75,29519.75,29503.75,29519.75,176
2026-07-16 04:20:16.204,29519.75,29523.75,29505.5,29523.75,1834
2026-07-16 04:20:17.892,29523.75,29527.75,29511.75,29527.75,90
2026-07-16 04:21:15.604,29527.75,29531.75,29514.25,29531.75,752
2026-07-16 04:21:23.180,29531.75,29535.75,29519.75,29535.75,197
2026-07-16 04:21:53.380,29535.75,29539.75,29523.75,29539.75,606
2026-07-16 04:22:12.224,29539.75,29543.75,29527.75,29543.75,379
2026-07-16 04:22:51.352,29543.75,29547.75,29531.75,29547.75,505
2026-07-16 04:23:01.336,29547.75,29551.75,29535.75,29551.75,371
2026-07-16 04:23:05.444,29551.75,29555.75,29539.75,29555.75,264
2026-07-16 04:24:36.656,29555.75,29556,29527.75,29527.75,1558
2026-07-16 04:24:53.492,29527.75,29539.75,29523.75,29523.75,309
2026-07-16 04:27:40.556,29523.75,29539.75,29519.75,29519.75,2016
2026-07-16 04:31:39.772,29519.75,29547.75,29519.5,29547.75,2987
2026-07-16 04:32:10.860,29547.75,29551.75,29535.75,29551.75,459
2026-07-16 04:32:19.756,29551.75,29555.75,29539.75,29555.75,190
2026-07-16 04:35:38.048,29555.75,29559.75,29538.5,29559.75,1660
2026-07-16 04:36:35.124,29559.75,29563.75,29547.75,29563.75,678
2026-07-16 04:36:56.408,29563.75,29567.75,29551.75,29567.75,268
2026-07-16 04:37:01.860,29567.75,29571.75,29555.75,29571.75,163
2026-07-16 04:38:30.688,29571.75,29575.75,29559.25,29575.75,1247
2026-07-16 04:44:23.016,29575.75,29577,29547.75,29547.75,3764
2026-07-16 04:44:27.444,29547.75,29559.75,29543.75,29543.75,155
2026-07-16 04:46:43.072,29543.75,29571.75,29543.25,29571.75,1446
2026-07-16 04:46:46.956,29571.75,29575.75,29559.75,29575.75,72
2026-07-16 04:47:02.960,29575.75,29579.75,29563.75,29579.75,328
2026-07-16 04:47:25.016,29579.75,29583.75,29567.75,29583.75,525
2026-07-16 04:49:10.264,29583.75,29587.75,29571.75,29587.75,1212
2026-07-16 04:49:25.048,29587.75,29591.75,29575.75,29591.75,317
2026-07-16 04:59:14.928,29591.75,29595.75,29576.5,29595.75,4060
2026-07-16 05:00:06.328,29595.75,29599.75,29583.75,29599.75,610
2026-07-16 05:00:07.344,29599.75,29604.5,29587.75,29603.75,156
2026-07-16 05:00:11.952,29603.75,29607.75,29591.75,29607.75,207
2026-07-16 05:00:14.200,29607.75,29611.75,29595.75,29611.75,265
2026-07-16 05:00:18.116,29611.75,29615.75,29599.75,29615.75,201
2026-07-16 05:00:20.280,29615.75,29619.75,29603.75,29619.75,175
2026-07-16 05:05:30.984,29619.75,29623.75,29601.5,29623.75,4127
2026-07-16 05:11:46.312,29623.75,29627.75,29601.25,29627.75,3217
2026-07-16 05:12:05.548,29627.75,29631.75,29615.75,29631.75,428
2026-07-16 05:15:43.708,29631.75,29635.75,29619.75,29635.75,1820
2026-07-16 05:15:50.448,29635.75,29639.75,29623.75,29639.75,191
2026-07-16 05:16:05.228,29639.75,29643.75,29627.75,29643.75,299
2026-07-16 05:29:33.140,29643.75,29644.75,29615.75,29615.75,6370
2026-07-16 05:29:56.392,29615.75,29627.75,29611.75,29611.75,217
2026-07-16 05:34:56.800,29611.75,29632.5,29607.75,29607.75,2672
2026-07-16 05:36:52.540,29607.75,29619.75,29603.75,29603.75,948
2026-07-16 05:38:33.024,29603.75,29615.75,29599.75,29599.75,980
2026-07-16 05:39:08.836,29599.75,29611.75,29595.75,29595.75,371
2026-07-16 05:40:06.772,29595.75,29607.75,29591.75,29591.75,358
2026-07-16 05:44:55.344,29591.75,29606.5,29587.75,29587.75,2233
2026-07-16 05:45:00.192,29587.75,29599.75,29583.75,29583.75,143
2026-07-16 05:45:05.156,29583.75,29595.75,29579.75,29579.75,248
2026-07-16 05:45:53.780,29579.75,29591.75,29575.75,29575.75,723
2026-07-16 05:46:48.364,29575.75,29587.75,29571.75,29571.75,861
2026-07-16 05:47:05.740,29571.75,29583.75,29567.75,29567.75,352
2026-07-16 05:50:04.180,29567.75,29579.75,29563.75,29563.75,1766
2026-07-16 05:51:18.588,29563.75,29575.75,29559.75,29559.75,703
2026-07-16 05:56:19.528,29559.75,29584,29555.75,29555.75,4110
2026-07-16 05:56:41.256,29555.75,29567.75,29551.75,29551.75,282
2026-07-16 05:57:23.196,29551.75,29563.75,29547.75,29547.75,786
2026-07-16 05:58:25.656,29547.75,29559.75,29543.75,29543.75,941
2026-07-16 05:58:26.724,29543.75,29555.75,29539.75,29539.75,167
2026-07-16 05:58:36.760,29539.75,29551.75,29535.75,29535.75,205
2026-07-16 05:58:41.500,29535.75,29547.75,29531.75,29531.75,159
2026-07-16 05:59:28.996,29531.75,29543.75,29527.75,29527.75,951
2026-07-16 06:00:52.160,29527.75,29539.75,29523.75,29523.75,1564
2026-07-16 06:01:02.728,29523.75,29535.75,29519.75,29519.75,336
2026-07-16 06:01:08.632,29519.75,29531.75,29515.75,29515.75,157
2026-07-16 06:04:46.464,29515.75,29543.75,29514.75,29543.75,3185
2026-07-16 06:06:41.084,29543.75,29547.75,29531.75,29547.75,1419
2026-07-16 06:07:52.416,29547.75,29551.75,29535.75,29551.75,754
2026-07-16 06:08:45.068,29551.75,29555.75,29539.75,29555.75,622
2026-07-16 06:08:59.636,29555.75,29559.75,29543.75,29559.75,208
2026-07-16 06:20:01.592,29559.75,29562,29531.75,29531.75,5437
2026-07-16 06:21:04.840,29531.75,29545.25,29527.75,29527.75,689
2026-07-16 06:21:06.676,29527.75,29539.75,29523.75,29523.75,114
2026-07-16 06:21:55.084,29523.75,29535.75,29519.75,29519.75,676
2026-07-16 06:23:17.096,29519.75,29531.75,29515.75,29515.75,579
2026-07-16 06:24:06.900,29515.75,29527.75,29511.75,29511.75,608
2026-07-16 06:29:56.240,29511.75,29539.75,29510.75,29539.75,2924
2026-07-16 06:30:22.488,29539.75,29543.75,29527.75,29543.75,496
2026-07-16 06:30:23.544,29543.75,29550.5,29531.75,29547.75,214
2026-07-16 06:33:01.536,29547.75,29551.75,29534.5,29551.75,1835
2026-07-16 06:34:04.844,29551.75,29555.75,29539.75,29555.75,499
2026-07-16 06:38:23.028,29555.75,29555.75,29527.75,29527.75,2106
2026-07-16 06:39:14.816,29527.75,29539.75,29523.75,29523.75,542
2026-07-16 06:39:34.144,29523.75,29535.75,29519.75,29519.75,219
2026-07-16 06:39:39.960,29519.75,29531.75,29515.75,29515.75,91
2026-07-16 06:39:43.500,29515.75,29527.75,29511.75,29511.75,105
2026-07-16 06:47:26.748,29511.75,29532.5,29507.75,29507.75,4977
2026-07-16 06:49:47.984,29507.75,29519.75,29503.75,29503.75,1557
2026-07-16 06:57:17.040,29503.75,29531.75,29502.75,29531.75,4059
2026-07-16 06:59:00.652,29531.75,29535.75,29519.75,29535.75,1338
2026-07-16 07:00:11.304,29535.75,29538.5,29507.75,29507.75,1686
2026-07-16 07:00:51.440,29507.75,29519.75,29503.75,29503.75,877
2026-07-16 07:00:53.112,29503.75,29515.75,29499.75,29499.75,311
2026-07-16 07:00:54.184,29499.75,29511.75,29494.5,29495.75,243
2026-07-16 07:01:00.568,29495.75,29507.75,29491.75,29491.75,320
2026-07-16 07:01:09.404,29491.75,29503.75,29487.75,29487.75,379
2026-07-16 07:01:14.024,29487.75,29499.75,29483.75,29483.75,279
2026-07-16 07:01:15.644,29483.75,29495.75,29479.75,29479.75,194
2026-07-16 07:01:16.868,29479.75,29491.75,29475,29475.75,511
2026-07-16 07:09:06.428,29475.75,29497.75,29471.75,29471.75,8200
2026-07-16 07:09:23.440,29471.75,29483.75,29467.75,29467.75,635
2026-07-16 07:09:31.776,29467.75,29479.75,29463.75,29463.75,261
2026-07-16 07:16:08.924,29463.75,29491,29459.75,29459.75,6552
2026-07-16 07:16:13.960,29459.75,29471.75,29455.75,29455.75,302
2026-07-16 07:16:16.316,29455.75,29467.75,29451.75,29451.75,186
2026-07-16 07:17:15.088,29451.75,29463.75,29447.75,29447.75,1820
2026-07-16 07:23:22.140,29447.75,29475.75,29447.25,29475.75,5192
2026-07-16 07:23:27.172,29475.75,29479.75,29463.75,29479.75,130
2026-07-16 07:23:39.384,29479.75,29483.75,29467.75,29483.75,340
2026-07-16 07:23:53.960,29483.75,29487.75,29471.75,29487.75,284
2026-07-16 07:23:55.952,29487.75,29492,29475.75,29491.75,323
2026-07-16 07:24:55.144,29491.75,29495.75,29479.75,29495.75,944
2026-07-16 07:28:17.572,29495.75,29499.75,29483.5,29499.75,2169
2026-07-16 07:29:32.048,29499.75,29501.5,29471.75,29471.75,1415
2026-07-16 07:29:34.660,29471.75,29483.75,29467.75,29467.75,111
2026-07-16 07:30:31.520,29467.75,29479.75,29463.75,29463.75,1071
2026-07-16 07:31:06.672,29463.75,29475.75,29459.75,29459.75,464
2026-07-16 07:31:07.748,29459.75,29471.75,29455.25,29455.75,102
2026-07-16 07:31:12.232,29455.75,29467.75,29451.75,29451.75,156
2026-07-16 07:31:39.648,29451.75,29463.75,29447.75,29447.75,572
2026-07-16 07:31:56.072,29447.75,29459.75,29443.75,29443.75,616
2026-07-16 07:31:58.220,29443.75,29455.75,29439.75,29439.75,294
2026-07-16 07:36:11.596,29439.75,29467.75,29437.75,29467.75,4185
2026-07-16 07:38:54.748,29467.75,29471,29439.75,29439.75,2436
2026-07-16 07:44:28.244,29439.75,29461.5,29435.75,29435.75,5254
2026-07-16 07:44:47.120,29435.75,29447.75,29431.75,29431.75,498
2026-07-16 07:49:51.952,29431.75,29456.5,29427.75,29427.75,3964
2026-07-16 07:49:52.964,29427.75,29439.75,29410,29419.75,1401
2026-07-16 07:49:54.544,29419.75,29431.75,29413.75,29415.75,444
2026-07-16 07:49:55.548,29415.75,29427.75,29353.5,29375.75,2868
2026-07-16 07:49:56.548,29375.75,29387.75,29363,29363.75,659
2026-07-16 07:50:00.560,29363.75,29391.75,29359.25,29391.75,1157
2026-07-16 07:50:01.620,29391.75,29397.5,29379.75,29395.75,251
2026-07-16 07:50:02.640,29395.75,29414,29383.75,29403.75,422
2026-07-16 07:50:03.656,29403.75,29411.75,29391.75,29407.75,139
2026-07-16 07:50:06.788,29407.75,29411.75,29395.75,29411.75,236
2026-07-16 07:50:47.120,29411.75,29415.75,29387.75,29415.75,2241
2026-07-16 07:50:50.432,29415.75,29419.75,29403.75,29419.75,196
2026-07-16 07:51:07.544,29419.75,29423.75,29407.75,29423.75,636
2026-07-16 07:51:57.028,29423.75,29427.75,29411.75,29427.75,1128
2026-07-16 07:53:43.180,29427.75,29431.75,29415.75,29431.75,1782
2026-07-16 07:57:49.276,29431.75,29435.75,29411.75,29435.75,3420
2026-07-16 07:58:03.068,29435.75,29439.75,29423.75,29439.75,308
2026-07-16 07:58:21.260,29439.75,29443.75,29427.75,29443.75,348
2026-07-16 07:58:23.108,29443.75,29447.75,29431.75,29447.75,94
2026-07-16 08:00:01.432,29447.75,29451.75,29435.75,29451.75,1717
2026-07-16 08:00:02.500,29451.75,29455.75,29439.75,29455.75,107
2026-07-16 08:04:07.364,29455.75,29458.25,29427.75,29427.75,3897
2026-07-16 08:04:08.656,29427.75,29439.75,29423.75,29423.75,158
2026-07-16 08:04:20.372,29423.75,29435.75,29419.75,29419.75,352
2026-07-16 08:04:44.440,29419.75,29431.75,29415.75,29415.75,466
2026-07-16 08:04:53.844,29415.75,29427.75,29411.75,29411.75,339
2026-07-16 08:05:21.488,29411.75,29424,29407.75,29407.75,996
2026-07-16 08:05:22.488,29407.75,29419.75,29400,29403.75,391
2026-07-16 08:05:45.792,29403.75,29415.75,29399.75,29399.75,693
2026-07-16 08:05:51.124,29399.75,29411.75,29395.75,29395.75,251
2026-07-16 08:14:54.444,29395.75,29423.75,29392.75,29423.75,7702
2026-07-16 08:16:59.668,29423.75,29427.75,29411.75,29427.75,1735
2026-07-16 08:17:18.136,29427.75,29431.75,29415.75,29431.75,477
2026-07-16 08:18:12.164,29431.75,29435.75,29419.75,29435.75,809
2026-07-16 08:21:16.476,29435.75,29439.75,29423.75,29439.75,2247
2026-07-16 08:21:23.376,29439.75,29441,29411.75,29411.75,900
2026-07-16 08:21:28.364,29411.75,29423.75,29404.25,29407.75,246
2026-07-16 08:23:54.044,29407.75,29425.75,29403.75,29403.75,3375
2026-07-16 08:24:08.628,29403.75,29415.75,29399.75,29399.75,280
2026-07-16 08:24:15.088,29399.75,29411.75,29395.75,29395.75,245
2026-07-16 08:24:17.268,29395.75,29407.75,29391.75,29391.75,101
2026-07-16 08:24:23.456,29391.75,29403.75,29386,29387.75,458
2026-07-16 08:24:24.876,29387.75,29399.75,29383.75,29383.75,92
2026-07-16 08:25:04.308,29383.75,29395.75,29379.75,29379.75,929
2026-07-16 08:29:30.272,29379.75,29407.75,29378,29407.75,3849
2026-07-16 08:30:01.628,29407.75,29411.75,29395.75,29411.75,424
2026-07-16 08:30:03.084,29411.75,29418.75,29399.75,29415.75,91
2026-07-16 08:30:13.892,29415.75,29432,29387.75,29387.75,620
2026-07-16 08:30:30.264,29387.75,29415.75,29386.75,29415.75,871
2026-07-16 08:32:29.372,29415.75,29418.5,29387.75,29387.75,2852
2026-07-16 08:33:50.608,29387.75,29415.75,29387.75,29415.75,2082
2026-07-16 08:34:16.608,29415.75,29419.75,29403.75,29419.75,660
2026-07-16 08:37:15.436,29419.75,29420.25,29391.75,29391.75,3168
2026-07-16 08:37:16.588,29391.75,29403.75,29387.75,29387.75,123
2026-07-16 08:37:17.652,29387.75,29399.75,29380,29383.75,248
2026-07-16 08:37:18.980,29383.75,29395.75,29377.75,29379.75,173
2026-07-16 08:37:20.560,29379.75,29391.75,29375.75,29375.75,251
2026-07-16 08:37:32.780,29375.75,29387.75,29371.75,29371.75,708
2026-07-16 08:37:34.308,29371.75,29383.75,29367.5,29367.75,222
2026-07-16 08:45:36.056,29367.75,29390.75,29363.75,29363.75,12011
2026-07-16 08:46:51.456,29363.75,29391.75,29363.25,29391.75,2281
2026-07-16 08:47:08.212,29391.75,29395.75,29379.75,29395.75,524
2026-07-16 08:47:33.468,29395.75,29399.75,29383.75,29399.75,768
2026-07-16 08:53:00.572,29399.75,29403.75,29382.5,29403.75,6563
2026-07-16 08:53:27.380,29403.75,29407.75,29391.75,29407.75,672
2026-07-16 08:53:32.112,29407.75,29411.75,29395.75,29411.75,199
2026-07-16 09:00:05.648,29411.75,29415.75,29387.5,29415.75,7402
2026-07-16 09:00:50.052,29415.75,29419.75,29403.75,29419.75,1990
2026-07-16 09:00:52.012,29419.75,29424,29407.75,29423.75,348
2026-07-16 09:01:06.956,29423.75,29427.75,29411.75,29427.75,724
2026-07-16 09:01:15.944,29427.75,29431.75,29415.75,29431.75,419
2026-07-16 09:01:18.564,29431.75,29435.75,29419.75,29435.75,240
2026-07-16 09:03:00.240,29435.75,29437.25,29407.75,29407.75,3935
2026-07-16 09:07:20.144,29407.75,29435.75,29404.25,29435.75,6800
2026-07-16 09:07:32.720,29435.75,29439.75,29423.75,29439.75,527
2026-07-16 09:08:18.876,29439.75,29443.75,29427.75,29443.75,1136
2026-07-16 09:11:40.108,29443.75,29447.75,29431.5,29447.75,4474
2026-07-16 09:12:26.312,29447.75,29451.75,29435.75,29451.75,1056
2026-07-16 09:13:50.032,29451.75,29455.75,29439.75,29455.75,1639
2026-07-16 09:17:11.480,29455.75,29459.75,29442,29459.75,4500
2026-07-16 09:20:15.808,29459.75,29463.75,29447.75,29463.75,3967
2026-07-16 09:21:20.844,29463.75,29467.75,29451.75,29467.75,1598
2026-07-16 09:21:28.664,29467.75,29471.75,29455.75,29471.75,376
2026-07-16 09:21:39.068,29471.75,29475.75,29459.75,29475.75,613
2026-07-16 09:23:46.148,29475.75,29479.75,29461.5,29479.75,2956
2026-07-16 09:24:25.292,29479.75,29483.75,29467.75,29483.75,1075
2026-07-16 09:24:41.724,29483.75,29487.75,29471.75,29487.75,438
2026-07-16 09:25:31.792,29487.75,29488.5,29459.75,29459.75,3464
2026-07-16 09:26:20.064,29459.75,29471.75,29455.75,29455.75,1488
2026-07-16 09:27:40.048,29455.75,29470.75,29451.75,29451.75,2562
2026-07-16 09:28:43.240,29451.75,29465.25,29447,29447.75,3325
2026-07-16 09:30:00.804,29447.75,29475.75,29447.25,29475.75,3137
2026-07-16 09:30:01.816,29475.75,29492.5,29463.75,29483.75,936
2026-07-16 09:30:02.836,29483.75,29499,29471.75,29491.75,673
2026-07-16 09:30:03.852,29491.75,29499,29479.75,29495.75,555
2026-07-16 09:30:04.856,29495.75,29503.75,29483.75,29499.75,599
2026-07-16 09:30:05.860,29499.75,29510,29487.75,29503.75,476
2026-07-16 09:30:07.892,29503.75,29507.75,29491.75,29507.75,955
2026-07-16 09:30:12.212,29507.75,29511.75,29495.75,29511.75,1054
2026-07-16 09:30:13.212,29511.75,29517.5,29499.75,29515.75,303
2026-07-16 09:30:18.796,29515.75,29519.75,29503.75,29519.75,1026
2026-07-16 09:30:29.388,29519.75,29523.75,29500,29523.75,1836
2026-07-16 09:30:33.284,29523.75,29527.75,29511.75,29527.75,882
2026-07-16 09:31:03.600,29527.75,29532,29499.75,29499.75,6655
2026-07-16 09:31:04.600,29499.75,29511.75,29490.5,29491.75,510
2026-07-16 09:31:05.736,29491.75,29503.75,29486.75,29487.75,397
2026-07-16 09:31:08.680,29487.75,29499.75,29483.75,29483.75,738
2026-07-16 09:31:16.804,29483.75,29495.75,29479.75,29479.75,1671
2026-07-16 09:31:35.692,29479.75,29507.75,29478.5,29507.75,2793
2026-07-16 09:31:36.724,29507.75,29512,29495.75,29511.75,191
2026-07-16 09:31:48.872,29511.75,29516.25,29499.25,29515.75,1767
2026-07-16 09:31:49.872,29515.75,29524.75,29503.75,29519.75,336
2026-07-16 09:31:50.892,29519.75,29527.5,29507.75,29523.75,385
2026-07-16 09:31:56.172,29523.75,29528.75,29511.75,29527.75,1120
2026-07-16 09:32:20.604,29527.75,29529.5,29499.75,29499.75,4336
2026-07-16 09:32:23.396,29499.75,29511.75,29495.75,29495.75,730
2026-07-16 09:32:26.096,29495.75,29507.75,29491.75,29491.75,541
2026-07-16 09:32:27.284,29491.75,29503.75,29487.75,29487.75,291
2026-07-16 09:32:28.916,29487.75,29499.75,29483.75,29483.75,405
2026-07-16 09:32:49.920,29483.75,29495.75,29479.75,29479.75,3297
2026-07-16 09:32:54.744,29479.75,29491.75,29475.75,29475.75,818
2026-07-16 09:33:08.208,29475.75,29492.75,29471.75,29471.75,2753
2026-07-16 09:33:17.636,29471.75,29499.75,29466,29499.75,2762
2026-07-16 09:33:36.036,29499.75,29501.75,29471.75,29471.75,3240
2026-07-16 09:33:41.852,29471.75,29483.75,29467.75,29467.75,917
2026-07-16 09:34:12.140,29467.75,29485,29463.75,29463.75,4446
2026-07-16 09:34:31.180,29463.75,29480,29459.75,29459.75,2808
2026-07-16 09:34:32.180,29459.75,29471.75,29451,29455.75,685
2026-07-16 09:34:33.568,29455.75,29467.75,29450.25,29451.75,403
2026-07-16 09:34:34.580,29451.75,29463.75,29447.75,29447.75,398
2026-07-16 09:34:36.308,29447.75,29459.75,29443.75,29443.75,666
2026-07-16 09:34:37.476,29443.75,29455.75,29439.75,29439.75,520
2026-07-16 09:34:43.512,29439.75,29451.75,29435.75,29435.75,1544
2026-07-16 09:34:44.568,29435.75,29447.75,29431.75,29431.75,467
2026-07-16 09:35:05.140,29431.75,29449,29427.75,29427.75,5617
2026-07-16 09:35:06.568,29427.75,29439.75,29423.5,29423.75,499
2026-07-16 09:35:07.572,29423.75,29435.75,29413.5,29415.75,750
2026-07-16 09:35:09.680,29415.75,29427.75,29411.75,29411.75,925
2026-07-16 09:35:10.692,29411.75,29423.75,29407,29407.75,406
2026-07-16 09:35:20.944,29407.75,29419.75,29403.75,29403.75,2664
2026-07-16 09:36:01.148,29403.75,29431.75,29400,29431.75,9432
2026-07-16 09:36:09.584,29431.75,29437.5,29403.75,29403.75,2618
2026-07-16 09:37:00.416,29403.75,29431.75,29402.75,29431.75,7355
2026-07-16 09:37:01.416,29431.75,29444.25,29419.75,29439.75,778
2026-07-16 09:37:02.416,29439.75,29447,29427.75,29443.75,719
2026-07-16 09:37:06.924,29443.75,29447.75,29431.75,29447.75,1272
2026-07-16 09:37:07.924,29447.75,29464.25,29435.75,29455.75,1090
2026-07-16 09:37:09.124,29455.75,29460.25,29443.75,29459.75,532
2026-07-16 09:37:12.592,29459.75,29464.25,29447.75,29463.75,992
2026-07-16 09:37:13.632,29463.75,29467.75,29451.75,29467.75,397
2026-07-16 09:37:18.848,29467.75,29472.75,29439.75,29439.75,1741
2026-07-16 09:37:42.324,29439.75,29452.25,29435.75,29435.75,3553
2026-07-16 09:37:47.112,29435.75,29447.75,29431.75,29431.75,1072
2026-07-16 09:38:01.840,29431.75,29446.25,29427.75,29427.75,2236
2026-07-16 09:38:05.160,29427.75,29439.75,29423.75,29423.75,692
2026-07-16 09:38:06.564,29423.75,29435.75,29419.75,29419.75,475
2026-07-16 09:38:07.680,29419.75,29431.75,29415.25,29415.75,347
2026-07-16 09:38:15.048,29415.75,29427.75,29411.75,29411.75,1455
2026-07-16 09:38:18.112,29411.75,29423.75,29407.75,29407.75,650
2026-07-16 09:38:19.124,29407.75,29419.75,29403,29403.75,343
2026-07-16 09:38:30.204,29403.75,29415.75,29399.75,29399.75,2192
2026-07-16 09:39:31.000,29399.75,29422.25,29395.75,29395.75,10696
2026-07-16 09:39:32.036,29395.75,29407.75,29391.75,29391.75,545
2026-07-16 09:39:33.776,29391.75,29403.75,29387.75,29387.75,700
2026-07-16 09:39:53.048,29387.75,29399.75,29383.75,29383.75,3630
2026-07-16 09:39:57.468,29383.75,29395.75,29379.75,29379.75,949
2026-07-16 09:40:00.872,29379.75,29391.75,29375.75,29375.75,1072
2026-07-16 09:40:08.188,29375.75,29403.75,29373,29403.75,2838
2026-07-16 09:40:20.432,29403.75,29407.75,29390.25,29407.75,2975
2026-07-16 09:40:24.276,29407.75,29411.75,29395.75,29411.75,802
2026-07-16 09:40:26.948,29411.75,29415.75,29399.75,29415.75,721
2026-07-16 09:40:27.952,29415.75,29423.75,29403.75,29419.75,537
2026-07-16 09:40:32.528,29419.75,29424.25,29407.75,29423.75,1079
2026-07-16 09:40:33.536,29423.75,29434,29411.75,29431.75,529
2026-07-16 09:40:47.460,29431.75,29432.75,29403.75,29403.75,2651
2026-07-16 09:40:52.128,29403.75,29415.75,29399.75,29399.75,767
2026-07-16 09:40:53.544,29399.75,29411.75,29395,29395.75,270
2026-07-16 09:41:06.972,29395.75,29407.75,29391.75,29391.75,1911
2026-07-16 09:41:09.772,29391.75,29403.75,29387.75,29387.75,528
2026-07-16 09:41:11.112,29387.75,29399.75,29383.75,29383.75,329
2026-07-16 09:41:17.816,29383.75,29395.75,29379.75,29379.75,1306
2026-07-16 09:41:51.156,29379.75,29397,29375.75,29375.75,4969
2026-07-16 09:41:52.204,29375.75,29387.75,29371.75,29371.75,444
2026-07-16 09:41:53.208,29371.75,29383.75,29358.5,29359.75,1120
2026-07-16 09:41:55.284,29359.75,29371.75,29353.5,29355.75,1430
2026-07-16 09:41:58.060,29355.75,29367.75,29351.75,29351.75,919
2026-07-16 09:41:59.072,29351.75,29363.75,29347.75,29347.75,728
2026-07-16 09:42:01.788,29347.75,29359.75,29343.75,29343.75,1163
2026-07-16 09:42:34.836,29343.75,29364.25,29339.75,29339.75,7000
2026-07-16 09:42:42.100,29339.75,29351.75,29335.75,29335.75,2149
2026-07-16 09:43:07.200,29335.75,29354.25,29331.75,29331.75,4561
2026-07-16 09:44:01.388,29331.75,29359.75,29329.25,29359.75,8430
2026-07-16 09:44:04.204,29359.75,29363.75,29347.75,29363.75,826
2026-07-16 09:44:05.212,29363.75,29372.25,29351.75,29367.75,850
2026-07-16 09:44:16.156,29367.75,29370.5,29339.75,29339.75,2594
2026-07-16 09:44:17.832,29339.75,29351.75,29335.75,29335.75,322
2026-07-16 09:44:18.844,29335.75,29347.75,29329.5,29331.75,291
2026-07-16 09:44:25.056,29331.75,29343.75,29327.75,29327.75,1311
2026-07-16 09:44:26.280,29327.75,29339.75,29323.75,29323.75,546
2026-07-16 09:44:45.748,29323.75,29335.75,29319.75,29319.75,2844
2026-07-16 09:44:47.408,29319.75,29331.75,29315.75,29315.75,411
2026-07-16 09:44:48.700,29315.75,29327.75,29311.75,29311.75,662
2026-07-16 09:45:11.472,29311.75,29333,29307.75,29307.75,5814
2026-07-16 09:45:40.852,29307.75,29335.75,29306.75,29335.75,5601
2026-07-16 09:45:43.140,29335.75,29339.75,29323.75,29339.75,938
2026-07-16 09:45:56.100,29339.75,29343.25,29311.75,29311.75,2483
2026-07-16 09:46:00.264,29311.75,29323.75,29307.75,29307.75,751
2026-07-16 09:46:15.008,29307.75,29319.75,29303.75,29303.75,3031
2026-07-16 09:47:27.928,29303.75,29331.75,29301.5,29331.75,12752
2026-07-16 09:47:59.968,29331.75,29333.5,29303.75,29303.75,4612
2026-07-16 09:48:08.164,29303.75,29318,29299.75,29299.75,2119
2026-07-16 09:48:09.484,29299.75,29311.75,29295.75,29295.75,669
2026-07-16 09:48:10.492,29295.75,29307.75,29286.25,29287.75,954
2026-07-16 09:48:12.580,29287.75,29299.75,29283,29283.75,1371
2026-07-16 09:48:16.408,29283.75,29295.75,29279.75,29279.75,1241
2026-07-16 09:48:21.000,29279.75,29291.75,29275.75,29275.75,1373
2026-07-16 09:48:33.472,29275.75,29287.75,29271.75,29271.75,2906
2026-07-16 09:49:25.736,29271.75,29287,29267.75,29267.75,7371
2026-07-16 09:50:19.320,29267.75,29295.75,29264.75,29295.75,9896
2026-07-16 09:50:23.952,29295.75,29299.75,29283.75,29299.75,1180
2026-07-16 09:50:25.248,29299.75,29305.5,29287.75,29303.75,631
2026-07-16 09:50:26.392,29303.75,29307.75,29291.75,29307.75,901
2026-07-16 09:50:35.052,29307.75,29311.75,29295.75,29311.75,2319
2026-07-16 09:50:43.116,29311.75,29315.75,29299.75,29315.75,2224
2026-07-16 09:51:08.108,29315.75,29319.5,29287.75,29287.75,4525
2026-07-16 09:51:13.760,29287.75,29315.75,29284.5,29315.75,1417
2026-07-16 09:51:18.068,29315.75,29319.75,29303.75,29319.75,897
2026-07-16 09:51:50.396,29319.75,29327.25,29304.75,29323.75,5821
2026-07-16 09:52:07.140,29323.75,29327.75,29307,29327.75,2479
2026-07-16 09:52:08.564,29327.75,29331.75,29315.75,29331.75,665
2026-07-16 09:52:17.480,29331.75,29335.75,29319.75,29335.75,2237
2026-07-16 09:52:19.308,29335.75,29341.25,29323.75,29339.75,857
2026-07-16 09:52:20.308,29339.75,29345.25,29327.75,29343.75,675
2026-07-16 09:52:30.772,29343.75,29347.75,29331.75,29347.75,2043
2026-07-16 09:52:38.040,29347.75,29351.75,29335.75,29351.75,1573
2026-07-16 09:53:10.028,29351.75,29353.75,29323.75,29323.75,6566
2026-07-16 09:53:18.324,29323.75,29335.75,29319.75,29319.75,1554
2026-07-16 09:53:19.516,29319.75,29331.75,29315.75,29315.75,419
2026-07-16 09:53:20.524,29315.75,29327.75,29311.75,29311.75,259
2026-07-16 09:53:33.620,29311.75,29334.5,29307.75,29307.75,2422
2026-07-16 09:53:34.628,29307.75,29319.75,29302.25,29303.75,483
2026-07-16 09:53:35.792,29303.75,29315.75,29299.75,29299.75,396
2026-07-16 09:53:40.060,29299.75,29311.75,29294.75,29295.75,1155
2026-07-16 09:54:09.500,29295.75,29323.75,29292.75,29323.75,4006
2026-07-16 09:54:10.752,29323.75,29327.75,29311.75,29327.75,290
2026-07-16 09:54:11.876,29327.75,29331.75,29315.75,29331.75,283
2026-07-16 09:54:13.860,29331.75,29335.75,29319.75,29335.75,493
2026-07-16 09:54:14.900,29335.75,29340.5,29323.75,29339.75,371
2026-07-16 09:54:15.904,29339.75,29346.25,29327.75,29343.75,320
2026-07-16 09:54:40.224,29343.75,29348,29315.75,29315.75,3037
2026-07-16 09:54:41.232,29315.75,29327.75,29309,29311.75,334
2026-07-16 09:54:42.300,29311.75,29323.75,29306.75,29307.75,250
2026-07-16 09:54:43.432,29307.75,29319.75,29303.75,29303.75,219
2026-07-16 09:54:51.380,29303.75,29315.75,29299.75,29299.75,1070
2026-07-16 09:54:52.380,29299.75,29311.75,29292.5,29295.75,279
2026-07-16 09:54:53.424,29295.75,29307.75,29291.75,29291.75,214
2026-07-16 09:55:00.384,29291.75,29303.75,29287.75,29287.75,1143
2026-07-16 09:55:01.384,29287.75,29299.75,29281,29283.75,435
2026-07-16 09:55:02.388,29283.75,29295.75,29272,29275.75,691
2026-07-16 09:55:03.388,29275.75,29287.75,29266.5,29271.75,664
2026-07-16 09:55:07.184,29271.75,29283.75,29267.75,29267.75,1522
2026-07-16 09:55:08.280,29267.75,29279.75,29257.75,29263.75,1189
2026-07-16 09:55:19.960,29263.75,29277,29259.75,29259.75,2196
2026-07-16 09:55:43.632,29259.75,29287.75,29258.25,29287.75,3541
2026-07-16 09:55:45.144,29287.75,29291.75,29275.75,29291.75,323
2026-07-16 09:55:57.368,29291.75,29295.75,29275,29295.75,1810
2026-07-16 09:56:01.252,29295.75,29299.75,29283.75,29299.75,972
2026-07-16 09:56:05.104,29299.75,29303.75,29287.75,29303.75,838
2026-07-16 09:56:07.060,29303.75,29308.5,29291.75,29307.75,707
2026-07-16 09:56:08.148,29307.75,29314.75,29295.75,29311.75,447
2026-07-16 09:56:15.944,29311.75,29315.75,29299.75,29315.75,1430
2026-07-16 09:56:18.112,29315.75,29319.75,29303.75,29319.75,528
2026-07-16 09:56:29.692,29319.75,29324.5,29305.75,29323.75,2302
2026-07-16 09:56:56.352,29323.75,29327.75,29309,29327.75,3203
2026-07-16 09:56:58.048,29327.75,29331.75,29315.75,29331.75,343
2026-07-16 09:56:59.360,29331.75,29335.75,29319.75,29335.75,274
2026-07-16 09:57:02.232,29335.75,29339.75,29323.75,29339.75,595
2026-07-16 09:57:03.232,29339.75,29355.75,29327.75,29351.75,989
2026-07-16 09:57:04.232,29351.75,29360,29339.75,29355.75,819
2026-07-16 09:57:10.376,29355.75,29357.5,29327.75,29327.75,1813
2026-07-16 09:57:11.988,29327.75,29339.75,29323.75,29323.75,369
2026-07-16 09:57:17.876,29323.75,29335.75,29319.75,29319.75,821
2026-07-16 09:57:19.316,29319.75,29331.75,29315.75,29315.75,218
2026-07-16 09:57:38.880,29315.75,29330,29311.75,29311.75,2317
2026-07-16 09:57:39.884,29311.75,29323.75,29306.5,29307.75,333
2026-07-16 09:57:49.364,29307.75,29319.75,29303.75,29303.75,974
2026-07-16 09:57:50.788,29303.75,29315.75,29299.75,29299.75,313
2026-07-16 09:58:29.700,29299.75,29327.75,29296,29327.75,3870
2026-07-16 09:58:30.740,29327.75,29334,29315.75,29331.75,272
2026-07-16 09:58:31.748,29331.75,29338.25,29319.75,29335.75,216
2026-07-16 09:58:54.960,29335.75,29339.75,29323.75,29339.75,1850
2026-07-16 09:59:02.092,29339.75,29343.75,29327.75,29343.75,592
2026-07-16 09:59:15.708,29343.75,29347.75,29331.75,29347.75,1190
2026-07-16 09:59:29.024,29347.75,29351.75,29335.75,29351.75,1169
2026-07-16 10:00:00.804,29351.75,29352.75,29323.75,29323.75,2856
2026-07-16 10:00:04.168,29323.75,29351.75,29315,29351.75,1146
2026-07-16 10:00:05.168,29351.75,29369,29339.75,29367.75,916
2026-07-16 10:00:07.572,29367.75,29372.25,29355.75,29371.75,932
2026-07-16 10:00:08.872,29371.75,29375.75,29359.75,29375.75,523
2026-07-16 10:00:26.652,29375.75,29379.75,29363.5,29379.75,3421
2026-07-16 10:00:47.336,29379.75,29383.75,29366,29383.75,3721
2026-07-16 10:01:01.544,29383.75,29387.75,29371.75,29387.75,2512
2026-07-16 10:01:41.192,29387.75,29391.75,29361.75,29391.75,6221
2026-07-16 10:01:42.440,29391.75,29395.75,29379.75,29395.75,531
2026-07-16 10:02:13.556,29395.75,29399.75,29380.75,29399.75,4551
2026-07-16 10:02:26.656,29399.75,29403.75,29387.75,29403.75,2627
2026-07-16 10:02:27.656,29403.75,29417.25,29391.75,29411.75,972
2026-07-16 10:02:28.968,29411.75,29417.25,29399.75,29415.75,359
2026-07-16 10:02:57.288,29415.75,29418,29387.75,29387.75,4773
2026-07-16 10:03:29.320,29387.75,29406.25,29383.75,29383.75,4888
2026-07-16 10:03:36.588,29383.75,29395.75,29379.75,29379.75,1123
2026-07-16 10:03:53.616,29379.75,29407.75,29379.25,29407.75,2414
2026-07-16 10:05:39.660,29407.75,29411.75,29380,29411.75,14132
2026-07-16 10:05:40.684,29411.75,29416,29399.75,29415.75,319
2026-07-16 10:05:45.396,29415.75,29419.75,29403.75,29419.75,823
2026-07-16 10:05:46.456,29419.75,29423.75,29407.75,29423.75,484
2026-07-16 10:05:57.900,29423.75,29428.5,29411.75,29427.75,3025
2026-07-16 10:06:01.188,29427.75,29431.75,29415.75,29431.75,1005
2026-07-16 10:06:04.892,29431.75,29435.75,29419.75,29435.75,766
2026-07-16 10:06:06.368,29435.75,29439.75,29423.75,29439.75,778
2026-07-16 10:06:07.768,29439.75,29446,29427.75,29443.75,891
2026-07-16 10:06:50.508,29443.75,29447.75,29424.5,29447.75,6882
2026-07-16 10:07:08.332,29447.75,29451.75,29433.75,29451.75,2251
2026-07-16 10:07:10.792,29451.75,29455.75,29439.75,29455.75,621
2026-07-16 10:08:06.116,29455.75,29459.75,29428.5,29459.75,7535
2026-07-16 10:08:12.004,29459.75,29463.75,29447.75,29463.75,1292
2026-07-16 10:08:13.008,29463.75,29470.75,29451.75,29467.75,634
2026-07-16 10:08:14.184,29467.75,29471.75,29455.75,29471.75,322
2026-07-16 10:08:24.752,29471.75,29475.75,29459.75,29475.75,1968
2026-07-16 10:08:28.584,29475.75,29479.75,29463.75,29479.75,652
2026-07-16 10:09:13.380,29479.75,29482,29451.75,29451.75,6511
2026-07-16 10:09:45.364,29451.75,29479.75,29450.25,29479.75,4115
2026-07-16 10:09:49.080,29479.75,29483.75,29467.75,29483.75,665
2026-07-16 10:09:50.084,29483.75,29490.25,29471.75,29487.75,623
2026-07-16 10:09:52.532,29487.75,29491.75,29475.75,29491.75,537
2026-07-16 10:11:09.096,29491.75,29495,29463.75,29463.75,10989
2026-07-16 10:11:58.800,29463.75,29478.5,29459.5,29459.75,5932
2026-07-16 10:12:08.808,29459.75,29471.75,29455.75,29455.75,1524
2026-07-16 10:12:14.356,29455.75,29467.75,29451.75,29451.75,979
2026-07-16 10:12:18.580,29451.75,29463.75,29447.75,29447.75,883
2026-07-16 10:12:47.384,29447.75,29475.75,29447.25,29475.75,4547
2026-07-16 10:13:04.076,29475.75,29479.75,29461.5,29479.75,2249
2026-07-16 10:13:05.076,29479.75,29488,29467.75,29483.75,430
2026-07-16 10:13:12.156,29483.75,29487.75,29471.75,29487.75,1135
2026-07-16 10:14:25.252,29487.75,29489.5,29459.75,29459.75,7022
2026-07-16 10:15:54.876,29459.75,29487.75,29457.5,29487.75,9548
2026-07-16 10:16:33.012,29487.75,29491.75,29469,29491.75,4096
2026-07-16 10:16:46.008,29491.75,29495.75,29479.75,29495.75,1641
2026-07-16 10:16:47.276,29495.75,29500.25,29483.75,29499.75,988
2026-07-16 10:17:26.212,29499.75,29501.25,29471.75,29471.75,5194
2026-07-16 10:17:29.372,29471.75,29483.75,29467.5,29467.75,651
2026-07-16 10:17:30.420,29467.75,29479.75,29463.75,29463.75,229
2026-07-16 10:18:40.860,29463.75,29481.25,29459.75,29459.75,7064
2026-07-16 10:18:47.968,29459.75,29471.75,29455.75,29455.75,996
2026-07-16 10:19:00.624,29455.75,29467.75,29451.75,29451.75,1515
2026-07-16 10:19:01.920,29451.75,29463.75,29447.5,29447.75,494
2026-07-16 10:19:04.400,29447.75,29459.75,29443.75,29443.75,819
2026-07-16 10:19:28.360,29443.75,29471.75,29442,29471.75,3491
2026-07-16 10:19:29.368,29471.75,29477.5,29459.75,29475.75,305
2026-07-16 10:19:34.448,29475.75,29479.75,29463.75,29479.75,734
2026-07-16 10:19:43.536,29479.75,29483.75,29467.75,29483.75,1028
2026-07-16 10:19:46.636,29483.75,29487.75,29471.75,29487.75,634
2026-07-16 10:20:18.612,29487.75,29490,29459.75,29459.75,4200
2026-07-16 10:20:34.596,29459.75,29471.75,29455.75,29455.75,1627
2026-07-16 10:20:35.848,29455.75,29467.75,29451.75,29451.75,324
2026-07-16 10:20:37.752,29451.75,29463.75,29447.75,29447.75,323
2026-07-16 10:20:52.780,29447.75,29459.75,29443.75,29443.75,1872
2026-07-16 10:21:04.728,29443.75,29455.75,29439.75,29439.75,1388
2026-07-16 10:21:34.556,29439.75,29451.75,29435.75,29435.75,3706
2026-07-16 10:21:37.208,29435.75,29447.75,29431.75,29431.75,559
2026-07-16 10:21:56.200,29431.75,29443.75,29427.75,29427.75,2318
2026-07-16 10:21:57.200,29427.75,29439.75,29422.75,29423.75,414
2026-07-16 10:22:00.932,29423.75,29435.75,29419.75,29419.75,1027
2026-07-16 10:22:08.640,29419.75,29431.75,29415.75,29415.75,1688
2026-07-16 10:22:11.204,29415.75,29427.75,29411.75,29411.75,755
2026-07-16 10:22:12.980,29411.75,29423.75,29407.75,29407.75,517
2026-07-16 10:22:20.088,29407.75,29419.75,29403.75,29403.75,1373
2026-07-16 10:22:35.120,29403.75,29415.75,29399.75,29399.75,2464
2026-07-16 10:22:48.272,29399.75,29427.75,29398,29427.75,2777
2026-07-16 10:22:57.928,29427.75,29432,29415.75,29431.75,1489
2026-07-16 10:23:01.088,29431.75,29435.75,29419.75,29435.75,468
2026-07-16 10:23:02.832,29435.75,29439.75,29423.75,29439.75,425
2026-07-16 10:23:07.196,29439.75,29443.75,29427.75,29443.75,859
2026-07-16 10:23:42.644,29443.75,29447,29415.75,29415.75,4922
2026-07-16 10:23:44.084,29415.75,29427.75,29411,29411.75,354
2026-07-16 10:24:13.388,29411.75,29439.75,29409.25,29439.75,3363
2026-07-16 10:24:16.876,29439.75,29443.75,29427.75,29443.75,585
2026-07-16 10:24:17.900,29443.75,29456.75,29431.75,29451.75,860
2026-07-16 10:24:21.380,29451.75,29456,29439.75,29455.75,633
2026-07-16 10:25:01.220,29455.75,29457.5,29427.75,29427.75,3880
2026-07-16 10:25:02.756,29427.75,29439.75,29423.75,29423.75,709
2026-07-16 10:25:03.764,29423.75,29435.75,29417,29419.75,456
2026-07-16 10:25:06.756,29419.75,29431.75,29415.75,29415.75,728
2026-07-16 10:25:10.348,29415.75,29427.75,29411.75,29411.75,707
2026-07-16 10:25:20.392,29411.75,29423.75,29407.75,29407.75,1479
2026-07-16 10:26:01.100,29407.75,29435.75,29405,29435.75,5065
2026-07-16 10:26:02.100,29435.75,29444.75,29423.75,29439.75,441
2026-07-16 10:26:03.108,29439.75,29444,29427.75,29443.75,240
2026-07-16 10:26:17.316,29443.75,29447,29415.75,29415.75,2316
2026-07-16 10:26:44.892,29415.75,29443.75,29414,29443.75,2996
2026-07-16 10:26:57.664,29443.75,29447.75,29431.75,29447.75,1006
2026-07-16 10:27:29.852,29447.75,29451.75,29433,29451.75,2589
2026-07-16 10:27:32.464,29451.75,29455.75,29439.75,29455.75,667
2026-07-16 10:27:33.816,29455.75,29461.75,29443.75,29459.75,788
2026-07-16 10:27:45.356,29459.75,29463.75,29447.75,29463.75,1570
2026-07-16 10:27:46.356,29463.75,29471.25,29451.75,29467.75,559
2026-07-16 10:27:47.368,29467.75,29474.75,29455.75,29471.75,396
2026-07-16 10:27:50.168,29471.75,29475.75,29459.75,29475.75,520
2026-07-16 10:29:01.724,29475.75,29479.75,29459,29479.75,8966
2026-07-16 10:29:44.124,29479.75,29483.75,29467.75,29483.75,3422
2026-07-16 10:29:52.792,29483.75,29487.75,29471.75,29487.75,1093
2026-07-16 10:30:48.224,29487.75,29487.75,29459.75,29459.75,6603
2026-07-16 10:31:41.608,29459.75,29474,29455.75,29455.75,4440
2026-07-16 10:31:43.168,29455.75,29467.75,29451.75,29451.75,459
2026-07-16 10:31:45.324,29451.75,29463.75,29447.75,29447.75,491
2026-07-16 10:31:53.484,29447.75,29459.75,29443.75,29443.75,1083
2026-07-16 10:31:54.840,29443.75,29455.75,29439.25,29439.75,428
2026-07-16 10:32:50.624,29439.75,29467.75,29439.5,29467.75,6116
2026-07-16 10:32:58.540,29467.75,29471.75,29455.75,29471.75,614
2026-07-16 10:32:59.592,29471.75,29478,29459.75,29475.75,335
2026-07-16 10:33:20.356,29475.75,29479.75,29463.75,29479.75,1914
2026-07-16 10:34:20.768,29479.75,29483.75,29467.75,29483.75,4664
2026-07-16 10:37:48.616,29483.75,29487.75,29456.25,29487.75,16301
2026-07-16 10:37:50.544,29487.75,29492,29475.75,29491.75,719
2026-07-16 10:37:54.128,29491.75,29495.75,29479.75,29495.75,609
2026-07-16 10:37:55.148,29495.75,29509,29483.75,29499.75,1488
2026-07-16 10:38:53.136,29499.75,29502.25,29471.75,29471.75,6608
2026-07-16 10:39:01.176,29471.75,29483.75,29467.75,29467.75,1110
2026-07-16 10:39:03.504,29467.75,29479.75,29463.75,29463.75,500
2026-07-16 10:39:17.944,29463.75,29475.75,29459.75,29459.75,1483
2026-07-16 10:39:32.828,29459.75,29471.75,29455.75,29455.75,1536
2026-07-16 10:39:36.344,29455.75,29467.75,29451.75,29451.75,550
2026-07-16 10:39:42.792,29451.75,29463.75,29447.75,29447.75,1017
2026-07-16 10:40:15.736,29447.75,29461.75,29443.75,29443.75,3319
2026-07-16 10:40:17.776,29443.75,29455.75,29439.75,29439.75,445
2026-07-16 10:40:28.700,29439.75,29451.75,29435.75,29435.75,1314
2026-07-16 10:40:31.056,29435.75,29447.75,29431.75,29431.75,522
2026-07-16 10:41:03.060,29431.75,29444.75,29427.75,29427.75,3021
2026-07-16 10:41:30.824,29427.75,29455.75,29425.75,29455.75,3132
2026-07-16 10:41:32.776,29455.75,29459.75,29443.75,29459.75,314
2026-07-16 10:43:05.268,29459.75,29463.75,29439,29463.75,7287
2026-07-16 10:43:06.272,29463.75,29469.25,29451.75,29467.75,397
2026-07-16 10:47:33.756,29467.75,29471.75,29447,29471.75,17337
2026-07-16 10:47:34.764,29471.75,29478,29459.75,29475.75,644
2026-07-16 10:48:06.776,29475.75,29476.75,29447.75,29447.75,3324
2026-07-16 10:48:08.664,29447.75,29459.75,29443.75,29443.75,481
2026-07-16 10:49:58.208,29443.75,29464,29439.75,29439.75,7685
2026-07-16 10:50:05.000,29439.75,29451.75,29435.75,29435.75,1017
2026-07-16 10:50:07.040,29435.75,29447.75,29431.75,29431.75,423
2026-07-16 10:50:09.784,29431.75,29443.75,29427.75,29427.75,637
2026-07-16 10:50:11.096,29427.75,29439.75,29423.75,29423.75,427
2026-07-16 10:50:16.412,29423.75,29435.75,29419.75,29419.75,1191
2026-07-16 10:50:17.640,29419.75,29431.75,29415.5,29415.75,441
2026-07-16 10:50:42.692,29415.75,29427.75,29411.75,29411.75,2871
2026-07-16 10:50:50.640,29411.75,29423.75,29407.75,29407.75,1085
2026-07-16 10:50:53.400,29407.75,29419.75,29403.75,29403.75,457
2026-07-16 10:50:55.172,29403.75,29415.75,29399.75,29399.75,566
2026-07-16 10:50:56.180,29399.75,29411.75,29390.75,29395.75,941
2026-07-16 10:50:57.876,29395.75,29407.75,29390,29391.75,511
2026-07-16 10:52:24.924,29391.75,29414,29387.75,29387.75,10739
2026-07-16 10:53:56.832,29387.75,29402,29383.75,29383.75,9170
2026-07-16 10:54:41.424,29383.75,29395.75,29379.75,29379.75,3810
2026-07-16 10:55:02.984,29379.75,29391.75,29375.75,29375.75,2586
2026-07-16 10:55:03.984,29375.75,29387.75,29365,29367.75,1001
2026-07-16 10:56:42.320,29367.75,29395.75,29362.25,29395.75,11586
2026-07-16 10:57:03.128,29395.75,29399.75,29380.5,29399.75,2307
2026-07-16 10:57:05.460,29399.75,29403.75,29387.75,29403.75,645
2026-07-16 10:57:33.356,29403.75,29407.75,29391.75,29407.75,2888
2026-07-16 10:58:02.452,29407.75,29411.75,29395.75,29411.75,2650
2026-07-16 10:58:03.472,29411.75,29418.75,29399.75,29415.75,577
2026-07-16 10:58:17.684,29415.75,29419.75,29403.75,29419.75,1533
2026-07-16 10:58:21.216,29419.75,29423.75,29407.75,29423.75,762
2026-07-16 10:58:22.224,29423.75,29434.75,29411.75,29431.75,621
2026-07-16 10:58:26.204,29431.75,29435.75,29419.75,29435.75,1104
2026-07-16 11:00:00.280,29435.75,29439.75,29411.25,29439.75,9472
2026-07-16 11:00:04.124,29439.75,29443.75,29427.75,29443.75,1086
2026-07-16 11:00:09.356,29443.75,29450,29431.75,29447.75,1530
2026-07-16 11:00:23.352,29447.75,29451.75,29435.75,29451.75,1594
2026-07-16 11:00:27.316,29451.75,29455.75,29439.75,29455.75,629
2026-07-16 11:01:55.864,29455.75,29459,29427.75,29427.75,9311
2026-07-16 11:02:00.160,29427.75,29439.75,29423.75,29423.75,633
2026-07-16 11:02:04.448,29423.75,29435.75,29419.75,29419.75,631
2026-07-16 11:02:18.408,29419.75,29447.75,29418.75,29447.75,1826
2026-07-16 11:02:25.860,29447.75,29451.75,29435.75,29451.75,901
2026-07-16 11:02:28.204,29451.75,29455.75,29439.75,29455.75,331
2026-07-16 11:03:25.952,29455.75,29455.75,29427.75,29427.75,4987
2026-07-16 11:03:37.176,29427.75,29439.75,29423.75,29423.75,1281
2026-07-16 11:03:48.956,29423.75,29435.75,29419.75,29419.75,857
2026-07-16 11:03:50.020,29419.75,29431.75,29414.25,29415.75,567
2026-07-16 11:03:53.292,29415.75,29427.75,29411.75,29411.75,670
2026-07-16 11:04:13.524,29411.75,29423.75,29407.75,29407.75,2339
2026-07-16 11:04:20.236,29407.75,29419.75,29403.75,29403.75,773
2026-07-16 11:05:01.372,29403.75,29422.75,29399.75,29399.75,4141
2026-07-16 11:05:02.380,29399.75,29411.75,29395.75,29395.75,642
2026-07-16 11:05:04.716,29395.75,29407.75,29391.75,29391.75,680
2026-07-16 11:05:06.288,29391.75,29403.75,29387.25,29387.75,417
2026-07-16 11:06:05.140,29387.75,29409,29383.75,29383.75,5430
2026-07-16 11:07:01.012,29383.75,29395.75,29379.75,29379.75,4512
2026-07-16 11:07:06.788,29379.75,29391.75,29375.75,29375.75,926
2026-07-16 11:07:58.032,29375.75,29387.75,29371.25,29371.75,4145
2026-07-16 11:08:11.896,29371.75,29383.75,29367.75,29367.75,1528
2026-07-16 11:10:01.504,29367.75,29395.75,29365.5,29395.75,8463
2026-07-16 11:10:03.196,29395.75,29399.75,29383.75,29399.75,408
2026-07-16 11:12:07.516,29399.75,29401.75,29371.75,29371.75,9732
2026-07-16 11:12:10.704,29371.75,29383.75,29367.75,29367.75,432
2026-07-16 11:12:11.704,29367.75,29379.75,29359,29359.75,834
2026-07-16 11:13:21.620,29359.75,29371.75,29355.75,29355.75,5696
2026-07-16 11:13:22.664,29355.75,29367.75,29351.75,29351.75,476
2026-07-16 11:13:26.028,29351.75,29363.75,29347.75,29347.75,991
2026-07-16 11:13:39.648,29347.75,29359.75,29343.75,29343.75,1691
2026-07-16 11:14:16.412,29343.75,29355.75,29339.75,29339.75,3218
2026-07-16 11:14:27.884,29339.75,29351.75,29335.75,29335.75,1247
2026-07-16 11:15:02.044,29335.75,29363.75,29335.75,29363.75,3421
2026-07-16 11:15:32.128,29363.75,29367.75,29351.75,29367.75,2717
2026-07-16 11:16:17.216,29367.75,29371.5,29339.75,29339.75,4273
2026-07-16 11:17:37.220,29339.75,29367.75,29336.5,29367.75,6105
2026-07-16 11:17:42.312,29367.75,29371.75,29355.75,29371.75,549
2026-07-16 11:17:44.524,29371.75,29375.75,29359.75,29375.75,612
2026-07-16 11:18:45.428,29375.75,29379.75,29361.25,29379.75,4070
2026-07-16 11:18:46.440,29379.75,29384.75,29367.75,29383.75,439
2026-07-16 11:19:39.232,29383.75,29388.75,29367.25,29387.75,4728
2026-07-16 11:19:59.880,29387.75,29391.75,29375.75,29391.75,1383
2026-07-16 11:20:27.408,29391.75,29392.75,29363.75,29363.75,3181
2026-07-16 11:21:17.404,29363.75,29379,29359.75,29359.75,3802
2026-07-16 11:22:19.368,29359.75,29382.75,29355.75,29355.75,5196
2026-07-16 11:22:20.772,29355.75,29367.75,29351.75,29351.75,312
2026-07-16 11:23:15.004,29351.75,29379.75,29349,29379.75,4323
2026-07-16 11:24:43.788,29379.75,29383.75,29361.5,29383.75,4573
2026-07-16 11:24:44.792,29383.75,29387.75,29371.75,29387.75,183
2026-07-16 11:25:03.936,29387.75,29391.75,29375.75,29391.75,1321
2026-07-16 11:25:05.080,29391.75,29395.75,29379.75,29395.75,297
2026-07-16 11:25:09.352,29395.75,29399.75,29383.75,29399.75,626
2026-07-16 11:25:10.540,29399.75,29404.25,29387.75,29403.75,508
2026-07-16 11:25:14.988,29403.75,29407.75,29391.75,29407.75,685
2026-07-16 11:25:16.472,29407.75,29411.75,29395.75,29411.75,481
2026-07-16 11:25:25.788,29411.75,29415.75,29399.75,29415.75,1565
2026-07-16 11:25:35.592,29415.75,29419.75,29403.75,29419.75,1081
2026-07-16 11:25:38.396,29419.75,29423.75,29407.75,29423.75,561
2026-07-16 11:25:47.440,29423.75,29427.75,29411.75,29427.75,1342
2026-07-16 11:26:14.984,29427.75,29431.75,29415.75,29431.75,2945
2026-07-16 11:26:15.984,29431.75,29436,29419.75,29435.75,325
2026-07-16 11:26:17.020,29435.75,29439.75,29423.75,29439.75,277
2026-07-16 11:26:20.272,29439.75,29443.75,29427.75,29443.75,573
2026-07-16 11:26:31.420,29443.75,29447.75,29431.75,29447.75,1249
2026-07-16 11:28:00.792,29447.75,29451.5,29419.75,29419.75,7830
2026-07-16 11:28:13.936,29419.75,29431.75,29415.75,29415.75,1437
2026-07-16 11:28:14.956,29415.75,29427.75,29411.75,29411.75,216
2026-07-16 11:28:27.472,29411.75,29423.75,29407.75,29407.75,1597
2026-07-16 11:28:31.616,29407.75,29419.75,29403.75,29403.75,576
2026-07-16 11:28:37.508,29403.75,29415.75,29399.75,29399.75,695
2026-07-16 11:28:38.640,29399.75,29411.75,29395.75,29395.75,287
2026-07-16 11:28:43.088,29395.75,29407.75,29391.75,29391.75,769
2026-07-16 11:28:46.116,29391.75,29403.75,29387.75,29387.75,636
2026-07-16 11:28:48.544,29387.75,29399.75,29383.75,29383.75,523
2026-07-16 11:30:21.356,29383.75,29409,29379.75,29379.75,9467
2026-07-16 11:30:26.324,29379.75,29391.75,29375.75,29375.75,871
2026-07-16 11:30:27.400,29375.75,29387.75,29371.75,29371.75,315
2026-07-16 11:31:04.448,29371.75,29399.75,29369,29399.75,4055
2026-07-16 11:31:17.180,29399.75,29403.75,29387.75,29403.75,1047
2026-07-16 11:31:28.056,29403.75,29407.75,29391.75,29407.75,762
2026-07-16 11:31:30.948,29407.75,29411.75,29395.75,29411.75,397
2026-07-16 11:31:36.392,29411.75,29415.75,29399.75,29415.75,638
2026-07-16 11:31:51.400,29415.75,29419.75,29403.75,29419.75,1242
2026-07-16 11:31:59.472,29419.75,29423.75,29407.75,29423.75,635
2026-07-16 11:32:14.572,29423.75,29427.75,29411.75,29427.75,1460
2026-07-16 11:32:17.856,29427.75,29431.75,29415.75,29431.75,410
2026-07-16 11:32:30.988,29431.75,29435.75,29419.75,29435.75,898
2026-07-16 11:34:59.368,29435.75,29439.75,29409,29439.75,9505
2026-07-16 11:37:02.600,29439.75,29443.75,29413.25,29443.75,7384
2026-07-16 11:39:06.348,29443.75,29447.75,29420,29447.75,6913
2026-07-16 11:39:07.348,29447.75,29458,29435.75,29455.75,837
2026-07-16 11:39:10.060,29455.75,29459.75,29443.75,29459.75,521
2026-07-16 11:39:18.256,29459.75,29466,29447.75,29463.75,1527
2026-07-16 11:40:45.748,29463.75,29466.25,29435.75,29435.75,5966
2026-07-16 11:40:58.916,29435.75,29447.75,29431.75,29431.75,959
2026-07-16 11:40:59.964,29431.75,29443.75,29427.25,29427.75,213
2026-07-16 11:41:21.164,29427.75,29439.75,29423.75,29423.75,1445
2026-07-16 11:41:22.164,29423.75,29435.75,29417,29419.75,323
2026-07-16 11:41:23.248,29419.75,29431.75,29414.75,29415.75,205
2026-07-16 11:41:24.248,29415.75,29427.75,29409.25,29411.75,379
2026-07-16 11:41:39.364,29411.75,29423.75,29407.25,29407.75,1412
2026-07-16 11:41:42.228,29407.75,29419.75,29403.75,29403.75,404
2026-07-16 11:41:46.240,29403.75,29415.75,29399.75,29399.75,1066
2026-07-16 11:41:48.584,29399.75,29411.75,29395.75,29395.75,491
2026-07-16 11:41:49.760,29395.75,29407.75,29391.75,29391.75,284
2026-07-16 11:42:05.652,29391.75,29403.75,29387.75,29387.75,1935
2026-07-16 11:44:02.760,29387.75,29410.25,29383.75,29383.75,8961
2026-07-16 11:45:24.792,29383.75,29400.75,29379.75,29379.75,5516
2026-07-16 11:45:30.192,29379.75,29391.75,29375.75,29375.75,682
2026-07-16 11:45:34.936,29375.75,29387.75,29371.75,29371.75,682
2026-07-16 11:46:34.204,29371.75,29383.75,29367.75,29367.75,4687
2026-07-16 11:46:48.644,29367.75,29379.75,29363.75,29363.75,1053
2026-07-16 11:46:52.056,29363.75,29375.75,29359.75,29359.75,587
2026-07-16 11:49:11.340,29359.75,29378,29355.75,29355.75,9510
2026-07-16 11:49:30.144,29355.75,29383.75,29354,29383.75,2230
2026-07-16 11:49:33.748,29383.75,29387.75,29371.75,29387.75,630
2026-07-16 11:49:53.140,29387.75,29391.75,29375.75,29391.75,1583
2026-07-16 11:50:01.784,29391.75,29395.75,29379.75,29395.75,849
2026-07-16 11:50:02.904,29395.75,29402.5,29383.75,29399.75,602
2026-07-16 11:50:07.024,29399.75,29403.75,29387.75,29403.75,836
2026-07-16 11:50:09.672,29403.75,29407.75,29391.75,29407.75,388
2026-07-16 11:50:11.320,29407.75,29411.75,29395.75,29411.75,615
2026-07-16 11:50:56.032,29411.75,29415.75,29397.75,29415.75,3550
2026-07-16 11:51:09.508,29415.75,29419.75,29403.75,29419.75,1527
2026-07-16 11:51:11.568,29419.75,29423.75,29407.75,29423.75,298
2026-07-16 11:51:13.144,29423.75,29427.75,29411.75,29427.75,273
2026-07-16 11:52:39.124,29427.75,29431.75,29410.75,29431.75,4826
2026-07-16 11:52:42.420,29431.75,29435.75,29419.75,29435.75,242
2026-07-16 11:53:57.632,29435.75,29435.75,29407.75,29407.75,4011
2026-07-16 11:54:02.872,29407.75,29419.75,29403.75,29403.75,549
2026-07-16 11:55:28.636,29403.75,29422.75,29399.75,29399.75,4442
2026-07-16 11:55:30.196,29399.75,29411.75,29395.75,29395.75,322
2026-07-16 11:55:32.116,29395.75,29407.75,29391.75,29391.75,265
2026-07-16 11:55:34.476,29391.75,29403.75,29387.75,29387.75,480
2026-07-16 11:55:37.116,29387.75,29399.75,29383.75,29383.75,337
2026-07-16 11:56:09.060,29383.75,29395.75,29379.75,29379.75,2460
2026-07-16 11:56:13.992,29379.75,29391.75,29375.75,29375.75,451
2026-07-16 11:57:03.052,29375.75,29403.75,29372.75,29403.75,3773
2026-07-16 11:57:11.152,29403.75,29407.75,29391.75,29407.75,944
2026-07-16 11:57:30.144,29407.75,29411.75,29395.75,29411.75,983
2026-07-16 12:00:04.208,29411.75,29413.75,29383.75,29383.75,7092
2026-07-16 12:00:05.236,29383.75,29395.75,29378,29379.75,382
2026-07-16 12:00:07.644,29379.75,29391.75,29375.75,29375.75,284
2026-07-16 12:00:17.752,29375.75,29387.75,29371.75,29371.75,881
2026-07-16 12:00:19.512,29371.75,29383.75,29367.75,29367.75,484
2026-07-16 12:01:12.140,29367.75,29384.25,29363.75,29363.75,3239
2026-07-16 12:02:21.620,29363.75,29383,29359.75,29359.75,4210
2026-07-16 12:02:25.516,29359.75,29371.75,29355.75,29355.75,394
2026-07-16 12:02:30.636,29355.75,29367.75,29351.75,29351.75,515
2026-07-16 12:04:26.856,29351.75,29374.25,29347.75,29347.75,8818
2026-07-16 12:04:57.980,29347.75,29359.75,29343.75,29343.75,2480
2026-07-16 12:04:58.980,29343.75,29355.75,29338,29339.75,498
2026-07-16 12:05:00.908,29339.75,29351.75,29335.75,29335.75,586
2026-07-16 12:05:01.908,29335.75,29347.75,29330.75,29331.75,773
2026-07-16 12:05:13.524,29331.75,29343.75,29327.75,29327.75,1801
2026-07-16 12:05:21.164,29327.75,29339.75,29323.75,29323.75,1169
2026-07-16 12:05:40.796,29323.75,29335.75,29319.75,29319.75,2270
2026-07-16 12:05:43.992,29319.75,29331.75,29315.75,29315.75,406
2026-07-16 12:07:27.460,29315.75,29343.75,29312.5,29343.75,9315
2026-07-16 12:07:30.584,29343.75,29347.75,29331.75,29347.75,549
2026-07-16 12:08:32.612,29347.75,29351.75,29331,29351.75,3808
2026-07-16 12:10:05.372,29351.75,29355.5,29323.75,29323.75,5741
2026-07-16 12:10:07.288,29323.75,29335.75,29319.75,29319.75,471
2026-07-16 12:11:25.644,29319.75,29331.75,29315.75,29315.75,4856
2026-07-16 12:11:37.764,29315.75,29327.75,29311.75,29311.75,886
2026-07-16 12:11:53.400,29311.75,29323.75,29307.75,29307.75,1310
2026-07-16 12:12:58.364,29307.75,29319.75,29303.75,29303.75,4082
2026-07-16 12:13:01.536,29303.75,29315.75,29299.75,29299.75,772
2026-07-16 12:13:02.536,29299.75,29311.75,29292.25,29295.75,794
2026-07-16 12:13:04.336,29295.75,29307.75,29291,29291.75,416
2026-07-16 12:15:01.200,29291.75,29316.25,29287.75,29287.75,8971
2026-07-16 12:15:05.724,29287.75,29299.75,29283.75,29283.75,814
2026-07-16 12:15:09.196,29283.75,29295.75,29279.75,29279.75,682
2026-07-16 12:18:45.044,29279.75,29307.75,29279,29307.75,13152
2026-07-16 12:18:53.880,29307.75,29311.75,29295.75,29311.75,700
2026-07-16 12:20:08.116,29311.75,29314.5,29283.75,29283.75,6648
2026-07-16 12:20:15.068,29283.75,29295.75,29279.75,29279.75,1095
2026-07-16 12:20:19.316,29279.75,29291.75,29275.75,29275.75,671
2026-07-16 12:20:26.936,29275.75,29287.75,29271.75,29271.75,1552
2026-07-16 12:22:38.164,29271.75,29294,29267.75,29267.75,11372
2026-07-16 12:23:29.592,29267.75,29279.75,29263.75,29263.75,3387
2026-07-16 12:26:03.872,29263.75,29291.75,29263,29291.75,10177
2026-07-16 12:26:04.952,29291.75,29295.75,29279.75,29295.75,211
2026-07-16 12:26:26.340,29295.75,29299.75,29283.75,29299.75,2051
2026-07-16 12:27:09.200,29299.75,29303.75,29285,29303.75,2902
2026-07-16 12:27:12.900,29303.75,29307.75,29291.75,29307.75,546
2026-07-16 12:27:22.772,29307.75,29311.75,29295.75,29311.75,1068
2026-07-16 12:31:30.492,29311.75,29315.75,29285.25,29315.75,14779
2026-07-16 12:31:35.648,29315.75,29319.75,29303.75,29319.75,1023
2026-07-16 12:31:37.280,29319.75,29323.75,29307.75,29323.75,408
2026-07-16 12:32:20.352,29323.75,29327.75,29311.75,29327.75,2937
2026-07-16 12:32:22.048,29327.75,29331.75,29315.75,29331.75,310
2026-07-16 12:32:44.588,29331.75,29335.75,29319.75,29335.75,1417
2026-07-16 12:35:23.012,29335.75,29340,29307.75,29307.75,8599
2026-07-16 12:35:25.416,29307.75,29319.75,29303.75,29303.75,518
2026-07-16 12:35:27.604,29303.75,29315.75,29299.75,29299.75,519
2026-07-16 12:35:45.136,29299.75,29311.75,29295.75,29295.75,1107
2026-07-16 12:35:46.456,29295.75,29307.75,29291.75,29291.75,321
2026-07-16 12:38:01.844,29291.75,29319.75,29289,29319.75,7936
2026-07-16 12:38:19.240,29319.75,29320.5,29291.75,29291.75,1734
2026-07-16 12:40:05.496,29291.75,29311.25,29287.75,29287.75,5804
2026-07-16 12:41:12.456,29287.75,29315.75,29285.75,29315.75,3203
2026-07-16 12:41:17.824,29315.75,29319.75,29303.75,29319.75,570
2026-07-16 12:42:16.560,29319.75,29323.25,29291.75,29291.75,3655
2026-07-16 12:42:41.816,29291.75,29303.75,29287.75,29287.75,1124
2026-07-16 12:45:41.644,29287.75,29307.75,29283.75,29283.75,7755
2026-07-16 12:46:02.728,29283.75,29295.75,29279.75,29279.75,1541
2026-07-16 12:46:15.408,29279.75,29291.75,29275.75,29275.75,1158
2026-07-16 12:46:23.044,29275.75,29287.75,29271.75,29271.75,647
2026-07-16 12:50:30.284,29271.75,29299.75,29270.75,29299.75,12217
2026-07-16 12:50:37.008,29299.75,29303.75,29287.75,29303.75,654
2026-07-16 12:51:04.052,29303.75,29307.75,29291.75,29307.75,1660
2026-07-16 12:51:05.880,29307.75,29311.75,29295.75,29311.75,358
2026-07-16 12:51:17.516,29311.75,29315.75,29299.75,29315.75,812
2026-07-16 12:51:20.420,29315.75,29319.75,29303.75,29319.75,368
2026-07-16 12:54:22.680,29319.75,29323.75,29301.5,29323.75,7645
2026-07-16 12:55:07.624,29323.75,29327.75,29311.75,29327.75,2225
2026-07-16 12:55:09.044,29327.75,29331.75,29315.75,29331.75,181
2026-07-16 12:55:10.416,29331.75,29335.75,29319.75,29335.75,350
2026-07-16 12:55:18.344,29335.75,29339.75,29323.75,29339.75,772
2026-07-16 12:55:27.456,29339.75,29343.75,29327.75,29343.75,1162
2026-07-16 12:55:39.524,29343.75,29347.75,29331.75,29347.75,1173
2026-07-16 12:56:13.936,29347.75,29351.75,29335.75,29351.75,2117
2026-07-16 12:58:03.852,29351.75,29352.5,29323.75,29323.75,5648
2026-07-16 13:00:17.632,29323.75,29348.5,29319.75,29319.75,5944
2026-07-16 13:00:32.144,29319.75,29331.75,29315.75,29315.75,1158
2026-07-16 13:00:34.208,29315.75,29327.75,29311.75,29311.75,294
2026-07-16 13:00:35.240,29311.75,29323.75,29304.5,29307.75,434
2026-07-16 13:00:36.244,29307.75,29319.75,29303,29303.75,294
2026-07-16 13:00:53.632,29303.75,29315.75,29299.75,29299.75,1233
2026-07-16 13:00:54.836,29299.75,29311.75,29295.75,29295.75,184
2026-07-16 13:02:11.656,29295.75,29317,29291.75,29291.75,4859
2026-07-16 13:02:40.232,29291.75,29303.75,29287.75,29287.75,1615
2026-07-16 13:04:45.984,29287.75,29315.75,29285,29315.75,5691
2026-07-16 13:04:47.680,29315.75,29319.75,29303.75,29319.75,299
2026-07-16 13:06:29.288,29319.75,29322.5,29291.75,29291.75,4870
2026-07-16 13:06:34.920,29291.75,29303.75,29287.75,29287.75,342
2026-07-16 13:07:50.204,29287.75,29315.75,29286,29315.75,3338
2026-07-16 13:08:28.136,29315.75,29319.75,29303.75,29319.75,1422
2026-07-16 13:08:37.776,29319.75,29323.75,29307.75,29323.75,481
2026-07-16 13:08:40.444,29323.75,29328.75,29311.75,29327.75,539
2026-07-16 13:08:49.808,29327.75,29331.75,29315.75,29331.75,538
2026-07-16 13:12:03.524,29331.75,29334.5,29303.75,29303.75,7748
2026-07-16 13:13:39.944,29303.75,29316.25,29299.75,29299.75,3356
2026-07-16 13:13:48.344,29299.75,29311.75,29295.75,29295.75,419
2026-07-16 13:14:01.784,29295.75,29307.75,29291.75,29291.75,518
2026-07-16 13:14:35.100,29291.75,29303.75,29287.75,29287.75,988
2026-07-16 13:15:05.084,29287.75,29299.75,29283.75,29283.75,1298
2026-07-16 13:17:18.624,29283.75,29311,29279.75,29279.75,6724
2026-07-16 13:25:26.028,29279.75,29306.75,29275.75,29275.75,16021
2026-07-16 13:26:41.388,29275.75,29303.75,29274.5,29303.75,3739
2026-07-16 13:26:45.592,29303.75,29307.75,29291.75,29307.75,327
2026-07-16 13:27:30.644,29307.75,29311.75,29295.75,29311.75,1996
2026-07-16 13:27:33.212,29311.75,29315.75,29299.75,29315.75,314
2026-07-16 13:27:35.968,29315.75,29319.75,29303.75,29319.75,341
2026-07-16 13:28:24.092,29319.75,29323.75,29307.75,29323.75,1845
2026-07-16 13:28:28.080,29323.75,29327.75,29311.75,29327.75,344
2026-07-16 13:28:29.424,29327.75,29331.75,29315.75,29331.75,285
2026-07-16 13:28:32.808,29331.75,29335.75,29319.75,29335.75,405
2026-07-16 13:28:46.616,29335.75,29339.75,29323.75,29339.75,946
2026-07-16 13:30:10.816,29339.75,29343.75,29323.25,29343.75,5196
2026-07-16 13:31:57.224,29343.75,29344.5,29315.75,29315.75,5292
2026-07-16 13:33:18.604,29315.75,29331,29311.75,29311.75,3379
2026-07-16 13:33:23.236,29311.75,29323.75,29307.75,29307.75,353
2026-07-16 13:33:47.068,29307.75,29319.75,29303.75,29303.75,1118
2026-07-16 13:33:48.476,29303.75,29315.75,29299.75,29299.75,211
2026-07-16 13:33:51.624,29299.75,29311.75,29295.75,29295.75,361
2026-07-16 13:34:08.064,29295.75,29307.75,29291.75,29291.75,1058
2026-07-16 13:34:13.208,29291.75,29303.75,29287.75,29287.75,514
2026-07-16 13:34:32.156,29287.75,29299.75,29283.75,29283.75,958
2026-07-16 13:37:36.984,29283.75,29297.5,29279.75,29279.75,8010
2026-07-16 13:37:53.276,29279.75,29291.75,29275.75,29275.75,739
2026-07-16 13:38:01.360,29275.75,29287.75,29271.75,29271.75,765
2026-07-16 13:39:06.516,29271.75,29288.5,29267.75,29267.75,4311
2026-07-16 13:40:13.240,29267.75,29279.75,29263.75,29263.75,3642
2026-07-16 13:40:22.360,29263.75,29275.75,29259.75,29259.75,1006
2026-07-16 13:40:30.764,29259.75,29271.75,29255.75,29255.75,1422
2026-07-16 13:40:31.764,29255.75,29267.75,29246.5,29251.75,1432
2026-07-16 13:41:18.000,29251.75,29263.75,29247.5,29247.75,4014
2026-07-16 13:41:23.728,29247.75,29259.75,29243.75,29243.75,504
2026-07-16 13:41:29.728,29243.75,29255.75,29239.25,29239.75,975
2026-07-16 13:43:02.496,29239.75,29253.25,29235.75,29235.75,6146
2026-07-16 13:43:04.248,29235.75,29247.75,29231.75,29231.75,325
2026-07-16 13:45:42.312,29231.75,29245.5,29227.75,29227.75,8150
2026-07-16 13:45:45.268,29227.75,29239.75,29223.75,29223.75,380
2026-07-16 13:45:53.068,29223.75,29235.75,29219.75,29219.75,1112
2026-07-16 13:47:27.156,29219.75,29247.75,29219.25,29247.75,5808
2026-07-16 13:47:33.344,29247.75,29251.75,29235.75,29251.75,617
2026-07-16 13:48:54.580,29251.75,29255.75,29238.25,29255.75,3538
2026-07-16 13:49:00.180,29255.75,29259.75,29243.75,29259.75,457
2026-07-16 13:49:01.212,29259.75,29264.5,29247.75,29263.75,244
2026-07-16 13:49:06.408,29263.75,29267.75,29251.75,29267.75,585
2026-07-16 13:52:03.496,29267.75,29268,29239.75,29239.75,7090
2026-07-16 13:52:16.252,29239.75,29251.75,29235.75,29235.75,1150
2026-07-16 13:53:19.896,29235.75,29263.75,29235.5,29263.75,3335
2026-07-16 13:53:27.396,29263.75,29267.75,29251.75,29267.75,384
2026-07-16 13:55:15.112,29267.75,29269.25,29239.75,29239.75,4364
2026-07-16 13:55:33.916,29239.75,29251.75,29235.75,29235.75,1045
2026-07-16 13:56:04.952,29235.75,29247.75,29231.75,29231.75,1443
2026-07-16 13:56:12.896,29231.75,29243.75,29227.75,29227.75,577
2026-07-16 14:00:29.508,29227.75,29255.75,29224.5,29255.75,10030
2026-07-16 14:00:47.888,29255.75,29259.75,29243.75,29259.75,887
2026-07-16 14:04:53.028,29259.75,29260.5,29231.75,29231.75,8856
2026-07-16 14:07:43.380,29231.75,29249.25,29227.75,29227.75,6286
2026-07-16 14:08:03.336,29227.75,29239.75,29223.75,29223.75,1542
2026-07-16 14:10:30.212,29223.75,29251.75,29222.75,29251.75,8199
2026-07-16 14:10:34.308,29251.75,29255.75,29239.75,29255.75,377
2026-07-16 14:10:42.336,29255.75,29259.75,29243.75,29259.75,598
2026-07-16 14:11:11.392,29259.75,29263.75,29247.75,29263.75,1921
2026-07-16 14:11:16.428,29263.75,29267.75,29251.75,29267.75,696
2026-07-16 14:11:17.516,29267.75,29273.5,29255.75,29271.75,509
2026-07-16 14:11:27.512,29271.75,29275.75,29259.75,29275.75,1068
2026-07-16 14:13:01.572,29275.75,29278.25,29247.75,29247.75,6618
2026-07-16 14:14:43.172,29247.75,29266,29243.75,29243.75,4545
2026-07-16 14:14:45.416,29243.75,29255.75,29239.75,29239.75,349
2026-07-16 14:14:46.820,29239.75,29251.75,29235.75,29235.75,318
2026-07-16 14:15:01.636,29235.75,29247.75,29231.75,29231.75,1097
2026-07-16 14:15:02.640,29231.75,29243.75,29226.25,29227.75,222
2026-07-16 14:15:11.984,29227.75,29239.75,29223.25,29223.75,998
2026-07-16 14:15:23.788,29223.75,29235.75,29219.75,29219.75,1567
2026-07-16 14:16:16.436,29219.75,29247.75,29215,29247.75,4874
2026-07-16 14:16:19.572,29247.75,29251.75,29235.75,29251.75,388
2026-07-16 14:16:39.012,29251.75,29255.75,29239.75,29255.75,1330
2026-07-16 14:16:43.828,29255.75,29259.75,29243.75,29259.75,350
2026-07-16 14:16:44.840,29259.75,29267.5,29247.75,29263.75,264
2026-07-16 14:16:46.224,29263.75,29267.75,29251.75,29267.75,161
2026-07-16 14:17:09.296,29267.75,29271.75,29255.75,29271.75,1732
2026-07-16 14:17:34.736,29271.75,29275.75,29259.75,29275.75,1370
2026-07-16 14:20:13.160,29275.75,29279.75,29258,29279.75,7238
2026-07-16 14:20:16.592,29279.75,29283.75,29267.75,29283.75,600
2026-07-16 14:20:18.312,29283.75,29289,29271.75,29287.75,494
2026-07-16 14:21:40.280,29287.75,29291.75,29275.75,29291.75,4344
2026-07-16 14:21:53.984,29291.75,29295.75,29279.75,29295.75,1306
2026-07-16 14:22:10.772,29295.75,29299.75,29283.75,29299.75,1359
2026-07-16 14:22:13.108,29299.75,29303.75,29287.75,29303.75,309
2026-07-16 14:23:46.408,29303.75,29304.25,29275.75,29275.75,5205
2026-07-16 14:26:01.088,29275.75,29300.25,29271.75,29271.75,7333
2026-07-16 14:26:05.132,29271.75,29283.75,29267.75,29267.75,569
2026-07-16 14:26:53.140,29267.75,29295.75,29266.5,29295.75,3114
2026-07-16 14:27:04.908,29295.75,29299.75,29283.75,29299.75,610
2026-07-16 14:29:04.128,29299.75,29302.5,29271.75,29271.75,5262
2026-07-16 14:29:05.872,29271.75,29283.75,29267.75,29267.75,256
2026-07-16 14:29:06.884,29267.75,29279.75,29260.75,29263.75,504
2026-07-16 14:30:02.204,29263.75,29275.75,29259.75,29259.75,2798
2026-07-16 14:30:04.000,29259.75,29271.75,29255,29255.75,468
2026-07-16 14:30:05.316,29255.75,29267.75,29251.75,29251.75,351
2026-07-16 14:30:20.728,29251.75,29263.75,29247.75,29247.75,1410
2026-07-16 14:30:53.180,29247.75,29259.75,29243.75,29243.75,2125
2026-07-16 14:34:27.896,29243.75,29261,29239.75,29239.75,8821
2026-07-16 14:35:05.236,29239.75,29251.75,29235.75,29235.75,1747
2026-07-16 14:35:37.340,29235.75,29247.75,29231.75,29231.75,1530
2026-07-16 14:36:35.328,29231.75,29243.75,29227.75,29227.75,2073
2026-07-16 14:36:40.444,29227.75,29239.75,29223.75,29223.75,576
2026-07-16 14:40:05.748,29223.75,29242,29219.75,29219.75,8547
2026-07-16 14:40:08.224,29219.75,29231.75,29215.75,29215.75,526
2026-07-16 14:40:09.588,29215.75,29227.75,29211.75,29211.75,769
2026-07-16 14:40:40.504,29211.75,29223.75,29207.75,29207.75,2361
2026-07-16 14:40:41.572,29207.75,29219.75,29203.75,29203.75,412
2026-07-16 14:40:42.572,29203.75,29215.75,29199,29199.75,707
2026-07-16 14:43:00.028,29199.75,29227.75,29197.75,29227.75,7727
2026-07-16 14:43:01.452,29227.75,29231.75,29215.75,29231.75,322
2026-07-16 14:43:05.020,29231.75,29235.75,29219.75,29235.75,448
2026-07-16 14:43:25.560,29235.75,29239.75,29223.75,29239.75,1341
2026-07-16 14:43:26.844,29239.75,29243.75,29227.75,29243.75,190
2026-07-16 14:44:15.780,29243.75,29247.75,29231.75,29247.75,2814
2026-07-16 14:48:42.816,29247.75,29251.75,29223,29251.75,10991
2026-07-16 14:52:41.996,29251.75,29253.25,29223.75,29223.75,7986
2026-07-16 14:53:04.320,29223.75,29235.75,29219.75,29219.75,1044
2026-07-16 14:53:06.340,29219.75,29231.75,29215.75,29215.75,418
2026-07-16 14:54:14.356,29215.75,29227.75,29211.75,29211.75,2890
2026-07-16 14:55:01.572,29211.75,29223.75,29207.75,29207.75,1801
2026-07-16 14:55:13.052,29207.75,29219.75,29203.75,29203.75,817
2026-07-16 15:02:30.288,29203.75,29231.75,29200,29231.75,19298
2026-07-16 15:02:32.900,29231.75,29235.75,29219.75,29235.75,286
2026-07-16 15:02:44.028,29235.75,29239.75,29223.75,29239.75,667
2026-07-16 15:06:32.740,29239.75,29242.25,29211.75,29211.75,10469
2026-07-16 15:06:34.788,29211.75,29223.75,29207.75,29207.75,301
2026-07-16 15:06:43.184,29207.75,29219.75,29203.75,29203.75,804
2026-07-16 15:07:08.808,29203.75,29215.75,29199.75,29199.75,1763
2026-07-16 15:07:22.092,29199.75,29211.75,29193.25,29195.75,1498
2026-07-16 15:07:32.772,29195.75,29207.75,29191.75,29191.75,913
2026-07-16 15:07:38.936,29191.75,29203.75,29187.75,29187.75,755
2026-07-16 15:08:06.628,29187.75,29199.75,29183.75,29183.75,2190
2026-07-16 15:10:03.000,29183.75,29196.25,29179.75,29179.75,6165
2026-07-16 15:12:23.556,29179.75,29197,29175.75,29175.75,6740
2026-07-16 15:15:07.460,29175.75,29188.5,29171.75,29171.75,5954
2026-07-16 15:15:47.520,29171.75,29183.75,29167.75,29167.75,2367
2026-07-16 15:17:32.492,29167.75,29186,29163.75,29163.75,4972
2026-07-16 15:17:35.364,29163.75,29175.75,29159.75,29159.75,510
2026-07-16 15:17:54.216,29159.75,29171.75,29155.75,29155.75,1598
2026-07-16 15:17:56.944,29155.75,29167.75,29151.75,29151.75,759
2026-07-16 15:18:00.376,29151.75,29163.75,29147.75,29147.75,617
2026-07-16 15:21:43.436,29147.75,29175.75,29145.25,29175.75,11490
2026-07-16 15:21:46.300,29175.75,29179.75,29163.75,29179.75,275
2026-07-16 15:23:22.872,29179.75,29181.5,29151.75,29151.75,4874
2026-07-16 15:24:01.164,29151.75,29163.75,29147.75,29147.75,1707
2026-07-16 15:25:07.912,29147.75,29159.75,29143.75,29143.75,3466
2026-07-16 15:26:00.920,29143.75,29155.75,29139.75,29139.75,2348
2026-07-16 15:26:11.664,29139.75,29151.75,29135.75,29135.75,977
2026-07-16 15:26:13.060,29135.75,29147.75,29131.75,29131.75,378
2026-07-16 15:26:56.140,29131.75,29143.75,29127.5,29127.75,2725
2026-07-16 15:26:59.740,29127.75,29139.75,29123.75,29123.75,518
2026-07-16 15:27:00.772,29123.75,29135.75,29119.75,29119.75,343
2026-07-16 15:29:01.584,29119.75,29147.75,29119.25,29147.75,6722
2026-07-16 15:29:02.908,29147.75,29151.75,29135.75,29151.75,354
2026-07-16 15:29:17.856,29151.75,29155.75,29139.75,29155.75,1338
2026-07-16 15:29:20.596,29155.75,29159.75,29143.75,29159.75,294
2026-07-16 15:30:04.752,29159.75,29160.25,29131.75,29131.75,3354
2026-07-16 15:30:19.116,29131.75,29159.75,29127,29159.75,2767
2026-07-16 15:30:25.072,29159.75,29163.75,29147.75,29163.75,834
2026-07-16 15:30:37.776,29163.75,29167.75,29151.75,29167.75,1363
2026-07-16 15:31:10.176,29167.75,29170,29139.75,29139.75,2266
2026-07-16 15:31:12.352,29139.75,29151.75,29135.75,29135.75,240
2026-07-16 15:31:28.140,29135.75,29147.75,29131.75,29131.75,1047
2026-07-16 15:31:40.608,29131.75,29143.75,29127.75,29127.75,921
2026-07-16 15:32:00.660,29127.75,29139.75,29123.75,29123.75,1032
2026-07-16 15:32:04.300,29123.75,29135.75,29119.75,29119.75,576
2026-07-16 15:34:14.388,29119.75,29147.75,29117.25,29147.75,6274
2026-07-16 15:34:29.296,29147.75,29151.75,29135.75,29151.75,1154
2026-07-16 15:36:36.588,29151.75,29154.5,29123.75,29123.75,7770
2026-07-16 15:37:02.324,29123.75,29135.75,29119.75,29119.75,1315
2026-07-16 15:38:44.268,29119.75,29147.75,29118.25,29147.75,4118
2026-07-16 15:38:46.300,29147.75,29151.75,29135.75,29151.75,289
2026-07-16 15:38:48.504,29151.75,29155.75,29139.75,29155.75,286
2026-07-16 15:39:11.188,29155.75,29159.75,29143.75,29159.75,1498
2026-07-16 15:40:32.620,29159.75,29163,29131.75,29131.75,4058
2026-07-16 15:41:14.404,29131.75,29159.75,29131.5,29159.75,1937
2026-07-16 15:44:07.896,29159.75,29160.75,29131.75,29131.75,7337
2026-07-16 15:44:26.188,29131.75,29143.75,29127.75,29127.75,934
2026-07-16 15:44:39.744,29127.75,29139.75,29123.75,29123.75,758
2026-07-16 15:44:53.228,29123.75,29135.75,29119.75,29119.75,593
2026-07-16 15:45:01.032,29119.75,29131.75,29115.75,29115.75,640
2026-07-16 15:45:04.168,29115.75,29127.75,29111.25,29111.75,1299
2026-07-16 15:46:10.600,29111.75,29125.25,29107.75,29107.75,4758
2026-07-16 15:46:41.444,29107.75,29119.75,29103.75,29103.75,2304
2026-07-16 15:47:12.000,29103.75,29115.75,29099.75,29099.75,2358
2026-07-16 15:47:59.260,29099.75,29111.75,29095.75,29095.75,2610
2026-07-16 15:48:00.316,29095.75,29107.75,29091,29091.75,438
2026-07-16 15:48:02.036,29091.75,29103.75,29087.75,29087.75,486
2026-07-16 15:48:04.640,29087.75,29099.75,29082.75,29083.75,576
2026-07-16 15:48:14.636,29083.75,29095.75,29079.75,29079.75,1454
2026-07-16 15:50:00.080,29079.75,29107.75,29079,29107.75,6986
2026-07-16 15:50:01.080,29107.75,29124.25,29095.75,29119.75,1236
2026-07-16 15:50:35.648,29119.75,29123.75,29101.5,29123.75,5427
2026-07-16 15:50:44.052,29123.75,29127.75,29111.75,29127.75,887
2026-07-16 15:50:45.400,29127.75,29131.75,29115.75,29131.75,316
2026-07-16 15:50:46.408,29131.75,29141.25,29119.75,29139.75,641
2026-07-16 15:51:28.432,29139.75,29143.75,29127,29143.75,4611
2026-07-16 15:51:29.816,29143.75,29147.75,29131.75,29147.75,245
2026-07-16 15:51:36.664,29147.75,29151.75,29135.75,29151.75,991
2026-07-16 15:51:43.780,29151.75,29155.75,29139.75,29155.75,869
2026-07-16 15:52:03.024,29155.75,29159.75,29141.5,29159.75,2106
2026-07-16 15:52:04.076,29159.75,29163.75,29147.75,29163.75,256
2026-07-16 15:52:54.056,29163.75,29167.75,29150.25,29167.75,4506
2026-07-16 15:53:50.032,29167.75,29171.75,29150.75,29171.75,4802
2026-07-16 15:54:31.576,29171.75,29175.75,29153.75,29175.75,5617
2026-07-16 15:55:00.036,29175.75,29179.75,29158.25,29179.75,3978
2026-07-16 15:55:01.036,29179.75,29197.25,29167.75,29191.75,1469
2026-07-16 15:55:02.036,29191.75,29203,29179.75,29199.75,684
2026-07-16 15:55:06.796,29199.75,29204,29187.75,29203.75,1046
2026-07-16 15:55:08.244,29203.75,29207.75,29191.75,29207.75,243
2026-07-16 15:59:06.244,29207.75,29211.75,29185.5,29211.75,15314
2026-07-16 15:59:07.660,29211.75,29215.75,29199.75,29215.75,347
2026-07-16 15:59:24.268,29215.75,29219.75,29203.75,29219.75,2030
2026-07-16 15:59:29.012,29219.75,29223.75,29207.75,29223.75,526
2026-07-16 15:59:33.472,29223.75,29227.75,29211.75,29227.75,711
2026-07-16 15:59:41.860,29227.75,29231.75,29215.75,29231.75,1215
2026-07-16 16:00:06.704,29231.75,29235,29203.75,29203.75,6871
2026-07-16 16:01:00.364,29203.75,29226.25,29199.75,29199.75,3582
2026-07-16 16:01:11.964,29199.75,29227.75,29199.25,29227.75,1183
2026-07-16 16:01:56.104,29227.75,29230.75,29199.75,29199.75,2102
2026-07-16 16:04:14.220,29199.75,29226.75,29195.75,29195.75,5229
2026-07-16 16:04:21.168,29195.75,29207.75,29191.75,29191.75,418
2026-07-16 16:05:18.188,29191.75,29203.75,29187.75,29187.75,2053
2026-07-16 16:05:29.944,29187.75,29199.75,29183.75,29183.75,368
2026-07-16 16:05:31.972,29183.75,29195.75,29179.75,29179.75,123
2026-07-16 16:13:58.264,29179.75,29202.25,29175.75,29175.75,8663
2026-07-16 16:13:59.840,29175.75,29187.75,29171.75,29171.75,221
2026-07-16 16:14:17.804,29171.75,29183.75,29167.75,29167.75,489
2026-07-16 16:15:26.360,29167.75,29179.75,29163.75,29163.75,1975
2026-07-16 16:18:23.528,29163.75,29191.75,29162,29191.75,2737
2026-07-16 16:20:20.164,29191.75,29195.75,29179.75,29195.75,1592
2026-07-16 16:20:21.204,29195.75,29199.75,29183.75,29199.75,66
2026-07-16 16:30:40.812,29199.75,29200,29171.75,29171.75,5047
2026-07-16 16:31:28.352,29171.75,29183.75,29167.75,29167.75,402
2026-07-16 16:59:59.988,29167.75,29190.25,29164,29178.5,10474
2026-07-16 18:00:01.520,29186.75,29202.75,29186.75,29202.75,250
2026-07-16 18:00:02.536,29202.75,29207.25,29190.75,29206.75,73
2026-07-16 18:00:13.608,29206.75,29210.75,29194.75,29210.75,310
2026-07-16 18:00:47.188,29210.75,29214.75,29198.75,29214.75,636
2026-07-16 18:04:03.136,29214.75,29218.75,29188,29218.75,3371
2026-07-16 18:13:37.696,29218.75,29220,29190.75,29190.75,4892
2026-07-16 18:13:43.904,29190.75,29202.75,29171,29186.75,795
2026-07-16 18:13:45.388,29186.75,29198.75,29182.75,29182.75,66
2026-07-16 18:15:31.424,29182.75,29194.75,29178.75,29178.75,1177
2026-07-16 18:15:53.172,29178.75,29190.75,29174.75,29174.75,290
2026-07-16 18:16:43.488,29174.75,29186.75,29170.75,29170.75,622
2026-07-16 18:17:12.012,29170.75,29182.75,29166.75,29166.75,390
2026-07-16 18:21:20.728,29166.75,29178.75,29162.75,29162.75,2481
2026-07-16 18:21:36.116,29162.75,29174.75,29158.75,29158.75,292
2026-07-16 18:22:08.116,29158.75,29170.75,29154.75,29154.75,544
2026-07-16 18:25:36.576,29154.75,29168.5,29150.75,29150.75,2250
2026-07-16 18:25:40.200,29150.75,29162.75,29146.25,29146.75,428
2026-07-16 18:29:04.636,29146.75,29158.75,29142.75,29142.75,2178
2026-07-16 18:29:18.376,29142.75,29154.75,29138.75,29138.75,316
2026-07-16 18:30:59.308,29138.75,29150.75,29134.75,29134.75,1345
2026-07-16 18:42:37.604,29134.75,29159.25,29130.75,29130.75,7542
2026-07-16 18:49:36.772,29130.75,29151.75,29126.75,29126.75,4250
2026-07-16 18:54:00.224,29126.75,29139.5,29122.75,29122.75,2855
2026-07-16 18:55:45.740,29122.75,29134.75,29118.75,29118.75,1071
2026-07-16 19:00:35.660,29118.75,29145.75,29114.75,29114.75,3931
2026-07-16 19:02:28.324,29114.75,29142.75,29113.5,29142.75,1815
2026-07-16 19:08:57.496,29142.75,29145.25,29114.75,29114.75,3616
2026-07-16 19:09:29.968,29114.75,29126.75,29110.75,29110.75,556
2026-07-16 19:20:22.448,29110.75,29138.25,29106.75,29106.75,6291
2026-07-16 19:22:06.676,29106.75,29118.75,29102.75,29102.75,881
2026-07-16 19:22:54.520,29102.75,29114.75,29098.75,29098.75,571
2026-07-16 19:23:44.616,29098.75,29110.75,29094.75,29094.75,830
2026-07-16 19:25:02.260,29094.75,29106.75,29090.75,29090.75,1120
2026-07-16 19:25:59.848,29090.75,29102.75,29086.75,29086.75,1020
2026-07-16 19:26:07.688,29086.75,29098.75,29082.75,29082.75,329
2026-07-16 19:26:12.624,29082.75,29094.75,29078.75,29078.75,559
2026-07-16 19:32:08.040,29078.75,29104,29074.75,29074.75,5563
2026-07-16 19:32:09.324,29074.75,29086.75,29070.75,29070.75,253
2026-07-16 19:35:52.164,29070.75,29089,29066.75,29066.75,3690
2026-07-16 19:36:26.508,29066.75,29078.75,29062.75,29062.75,606
2026-07-16 19:38:35.832,29062.75,29090.75,29060.5,29090.75,2007
2026-07-16 19:39:05.528,29090.75,29094.75,29078.75,29094.75,415
2026-07-16 19:39:10.300,29094.75,29098.75,29082.75,29098.75,111
2026-07-16 19:39:27.688,29098.75,29102.75,29086.75,29102.75,302
2026-07-16 19:40:02.868,29102.75,29106.75,29090.75,29106.75,509
2026-07-16 19:40:17.232,29106.75,29110.75,29094.75,29110.75,396
2026-07-16 19:40:22.656,29110.75,29114.75,29098.75,29114.75,315
2026-07-16 19:40:23.704,29114.75,29119.75,29102.75,29118.75,317
2026-07-16 19:40:26.604,29118.75,29122.75,29106.75,29122.75,221
2026-07-16 19:40:27.620,29122.75,29127.5,29110.75,29126.75,227
2026-07-16 19:45:13.880,29126.75,29128.75,29098.75,29098.75,4032
2026-07-16 19:45:16.560,29098.75,29110.75,29094.75,29094.75,93
2026-07-16 19:45:19.780,29094.75,29106.75,29090.75,29090.75,182
2026-07-16 19:50:45.428,29090.75,29118.75,29089.5,29118.75,5257
2026-07-16 19:57:09.548,29118.75,29119.5,29090.75,29090.75,3992
2026-07-16 19:57:12.792,29090.75,29102.75,29086.75,29086.75,208
2026-07-16 19:57:20.184,29086.75,29098.75,29082.75,29082.75,319
2026-07-16 20:00:07.412,29082.75,29110.75,29082.25,29110.75,2606
2026-07-16 20:00:14.636,29110.75,29114.75,29098.75,29114.75,459
2026-07-16 20:00:41.984,29114.75,29118.75,29102.75,29118.75,940
2026-07-16 20:00:43.424,29118.75,29122.75,29106.75,29122.75,120
2026-07-16 20:01:59.252,29122.75,29124,29094.75,29094.75,2124
2026-07-16 20:05:00.516,29094.75,29118.75,29090.75,29090.75,3421
2026-07-16 20:05:17.228,29090.75,29102.75,29086.75,29086.75,557
2026-07-16 20:05:20.832,29086.75,29098.75,29082.75,29082.75,142
2026-07-16 20:06:23.144,29082.75,29094.75,29078.75,29078.75,1973
2026-07-16 20:06:27.148,29078.75,29090.75,29074.75,29074.75,243
2026-07-16 20:06:42.196,29074.75,29086.75,29070.75,29070.75,485
2026-07-16 20:07:33.204,29070.75,29082.75,29066.75,29066.75,1272
2026-07-16 20:07:34.220,29066.75,29078.75,29055.5,29058.75,646
2026-07-16 20:07:35.252,29058.75,29070.75,29054.75,29054.75,158
2026-07-16 20:10:26.108,29054.75,29074.25,29050.75,29050.75,4311
2026-07-16 20:10:40.504,29050.75,29062.75,29046.75,29046.75,593
2026-07-16 20:10:42.964,29046.75,29058.75,29042.75,29042.75,339
2026-07-16 20:10:44.956,29042.75,29054.75,29038.75,29038.75,223
2026-07-16 20:13:45.244,29038.75,29058.75,29034.75,29034.75,6101
2026-07-16 20:15:42.956,29034.75,29062.75,29031,29062.75,3697
2026-07-16 20:16:01.684,29062.75,29066.75,29050.75,29066.75,509
2026-07-16 20:16:56.364,29066.75,29070.75,29042,29070.75,2009
2026-07-16 20:17:29.048,29070.75,29074.75,29058.75,29074.75,1047
2026-07-16 20:18:57.500,29074.75,29076.75,29046.75,29046.75,2408
2026-07-16 20:19:16.992,29046.75,29058.75,29042.75,29042.75,516
2026-07-16 20:21:42.768,29042.75,29062,29038.75,29038.75,2771
2026-07-16 20:21:47.948,29038.75,29050.75,29034.75,29034.75,240
2026-07-16 20:22:13.724,29034.75,29046.75,29030.75,29030.75,720
2026-07-16 20:23:32.492,29030.75,29058.75,29028,29058.75,2321
2026-07-16 20:26:18.704,29058.75,29061,29030.75,29030.75,3025
2026-07-16 20:26:43.852,29030.75,29042.75,29026.75,29026.75,629
2026-07-16 20:27:56.720,29026.75,29038.75,29022.75,29022.75,1636
2026-07-16 20:28:47.872,29022.75,29034.75,29018.75,29018.75,1309
2026-07-16 20:29:31.436,29018.75,29030.75,29014.75,29014.75,1053
2026-07-16 20:30:15.908,29014.75,29026.75,29010.75,29010.75,1328
2026-07-16 20:31:05.068,29010.75,29022.75,29006.75,29006.75,1529
2026-07-16 20:35:24.620,29006.75,29030.25,29002.75,29002.75,6079
2026-07-16 20:35:52.644,29002.75,29014.75,28998.75,28998.75,1505
2026-07-16 20:42:10.632,28998.75,29022.75,28994.75,28994.75,6820
2026-07-16 20:44:41.440,28994.75,29022.75,28993.5,29022.75,3274
2026-07-16 20:44:48.296,29022.75,29027,29010.75,29026.75,482
2026-07-16 20:44:51.736,29026.75,29030.75,29014.75,29030.75,286
2026-07-16 20:46:14.548,29030.75,29034.75,29018,29034.75,2185
2026-07-16 20:50:41.000,29034.75,29038.75,29019.75,29038.75,4573
2026-07-16 20:50:42.344,29038.75,29043.75,29026.75,29042.75,256
2026-07-16 20:50:45.744,29042.75,29046.75,29030.75,29046.75,254
2026-07-16 20:50:49.188,29046.75,29050.75,29034.75,29050.75,388
2026-07-16 20:51:02.528,29050.75,29054.75,29038.75,29054.75,534
2026-07-16 20:51:07.760,29054.75,29058.75,29042.75,29058.75,380
2026-07-16 20:51:34.764,29058.75,29062.75,29046.75,29062.75,953
2026-07-16 20:51:39.852,29062.75,29066.75,29050.75,29066.75,266
2026-07-16 20:55:00.468,29066.75,29070.75,29054,29070.75,3431
2026-07-16 20:55:17.764,29070.75,29074.75,29058.75,29074.75,769
2026-07-16 20:55:18.764,29074.75,29080.25,29062.75,29078.75,438
2026-07-16 21:01:48.428,29078.75,29082.75,29053,29082.75,7974
2026-07-16 21:02:00.980,29082.75,29086.75,29070.75,29086.75,520
2026-07-16 21:02:11.492,29086.75,29090.75,29074.75,29090.75,438
2026-07-16 21:02:12.632,29090.75,29094.75,29078.75,29094.75,151
2026-07-16 21:02:15.144,29094.75,29098.75,29082.75,29098.75,222
2026-07-16 21:02:27.800,29098.75,29102.75,29086.75,29102.75,724
2026-07-16 21:06:28.936,29102.75,29106.5,29074.75,29074.75,6041
2026-07-16 21:06:31.484,29074.75,29086.75,29070.75,29070.75,125
2026-07-16 21:06:38.572,29070.75,29082.75,29066.75,29066.75,253
2026-07-16 21:06:46.592,29066.75,29078.75,29062.75,29062.75,295
2026-07-16 21:06:55.596,29062.75,29074.75,29058.75,29058.75,307
2026-07-16 21:06:57.988,29058.75,29070.75,29054.75,29054.75,168
2026-07-16 21:07:04.232,29054.75,29066.75,29050.75,29050.75,329
2026-07-16 21:07:05.240,29050.75,29062.75,29046,29046.75,216
2026-07-16 21:07:14.904,29046.75,29058.75,29042.75,29042.75,643
2026-07-16 21:13:26.164,29042.75,29067.75,29038.75,29038.75,7379
2026-07-16 21:13:42.676,29038.75,29050.75,29034.75,29034.75,461
2026-07-16 21:13:43.676,29034.75,29046.75,29028.75,29030.75,305
2026-07-16 21:14:52.628,29030.75,29045,29026.75,29026.75,1671
2026-07-16 21:18:05.960,29026.75,29046.25,29022.75,29022.75,3039
2026-07-16 21:19:26.392,29022.75,29037.75,29018.75,29018.75,1615
2026-07-16 21:20:27.576,29018.75,29030.75,29014.75,29014.75,860
2026-07-16 21:30:00.296,29014.75,29042.75,29011.25,29042.75,8860
2026-07-16 21:31:01.388,29042.75,29052.25,29014.75,29014.75,1987
2026-07-16 21:31:05.868,29014.75,29026.75,29010.75,29010.75,276
2026-07-16 21:31:08.664,29010.75,29022.75,29006.75,29006.75,292
2026-07-16 21:33:18.152,29006.75,29018.75,29002.75,29002.75,2483
2026-07-16 21:33:21.520,29002.75,29014.75,28998.75,28998.75,237
2026-07-16 21:33:22.520,28998.75,29010.75,28983.5,28986.75,815
2026-07-16 21:35:13.340,28986.75,29005.5,28982.75,28982.75,3427
2026-07-16 21:37:41.300,28982.75,29010.75,28982.75,29010.75,3407
2026-07-16 21:41:55.012,29010.75,29012,28982.75,28982.75,4156
2026-07-16 21:43:50.020,28982.75,28994.75,28978.75,28978.75,2330
2026-07-16 21:44:16.800,28978.75,28990.75,28974.75,28974.75,1036
2026-07-16 21:44:17.804,28974.75,28986.75,28969.5,28970.75,349
2026-07-16 21:44:22.236,28970.75,28982.75,28966.75,28966.75,383
2026-07-16 21:46:24.484,28966.75,28978.75,28962.75,28962.75,3096
2026-07-16 21:47:09.656,28962.75,28974.75,28958.75,28958.75,1184
2026-07-16 21:47:18.744,28958.75,28970.75,28954.75,28954.75,410
2026-07-16 21:48:42.400,28954.75,28982.75,28951.5,28982.75,2831
2026-07-16 21:48:43.416,28982.75,28987.25,28970.75,28986.75,105
2026-07-16 21:49:24.220,28986.75,28990.25,28958.75,28958.75,1453
2026-07-16 21:51:10.464,28958.75,28970.75,28954.75,28954.75,1746
2026-07-16 21:51:53.348,28954.75,28966.75,28950.75,28950.75,652
2026-07-16 21:52:00.240,28950.75,28962.75,28946.75,28946.75,534
2026-07-16 21:57:47.464,28946.75,28974.75,28946.25,28974.75,5794
2026-07-16 21:57:54.276,28974.75,28978.75,28962.75,28978.75,216
2026-07-16 22:00:40.556,28978.75,28982.75,28966,28982.75,2621
2026-07-16 22:00:48.032,28982.75,28986.75,28970.75,28986.75,198
2026-07-16 22:07:27.232,28986.75,28987,28958.75,28958.75,5314
2026-07-16 22:09:54.024,28958.75,28970.75,28954.75,28954.75,1839
2026-07-16 22:09:58.248,28954.75,28966.75,28950.75,28950.75,278
2026-07-16 22:18:37.796,28950.75,28970.75,28946.75,28946.75,6037
2026-07-16 22:18:39.684,28946.75,28958.75,28940.75,28942.75,613
2026-07-16 22:20:23.904,28942.75,28954.75,28938.75,28938.75,2003
2026-07-16 22:20:26.828,28938.75,28950.75,28934.75,28934.75,365
2026-07-16 22:20:30.080,28934.75,28946.75,28930.75,28930.75,290
2026-07-16 22:23:36.740,28930.75,28942.75,28926.75,28926.75,3314
2026-07-16 22:26:28.904,28926.75,28938.75,28922.75,28922.75,2485
2026-07-16 22:27:36.020,28922.75,28934.75,28918.75,28918.75,1298
2026-07-16 22:34:01.568,28918.75,28938.5,28914.75,28914.75,6805
2026-07-16 22:34:39.240,28914.75,28926.75,28910.75,28910.75,985
2026-07-16 22:37:25.696,28910.75,28923.25,28906.75,28906.75,2884
2026-07-16 22:43:39.896,28906.75,28934.75,28904,28934.75,6871
2026-07-16 22:43:47.004,28934.75,28938.75,28922.75,28938.75,659
2026-07-16 22:48:59.476,28938.75,28938.75,28910.75,28910.75,5172
2026-07-16 22:51:02.612,28910.75,28922.75,28906.75,28906.75,1634
2026-07-16 22:55:01.324,28906.75,28921,28902.75,28902.75,3008
2026-07-16 22:58:17.544,28902.75,28930.75,28893.75,28930.75,4155
2026-07-16 23:00:42.820,28930.75,28934.75,28918.75,28934.75,2587
2026-07-16 23:04:31.452,28934.75,28938.75,28912.5,28938.75,3537
2026-07-16 23:04:34.924,28938.75,28942.75,28926.75,28942.75,196
2026-07-16 23:05:04.196,28942.75,28946.75,28930.75,28946.75,974
2026-07-16 23:06:09.204,28946.75,28950.75,28934.75,28950.75,1390
2026-07-16 23:07:23.992,28950.75,28954.75,28938.75,28954.75,1230
2026-07-16 23:13:37.304,28954.75,28958.75,28942.75,28958.75,4353
2026-07-16 23:15:59.780,28958.75,28962.75,28946.75,28962.75,1966
2026-07-16 23:16:25.128,28962.75,28966.75,28950.75,28966.75,612
2026-07-16 23:17:33.060,28966.75,28970.75,28954.75,28970.75,1033
2026-07-16 23:18:29.736,28970.75,28974.75,28958.75,28974.75,863
2026-07-16 23:19:01.832,28974.75,28978.75,28962.75,28978.75,464
2026-07-16 23:19:57.660,28978.75,28982.75,28966.75,28982.75,1125
2026-07-16 23:20:51.288,28982.75,28986.75,28970.75,28986.75,811
2026-07-16 23:21:55.004,28986.75,28990.75,28974.75,28990.75,1072
2026-07-16 23:22:22.192,28990.75,28994.75,28978.75,28994.75,490
2026-07-16 23:22:55.156,28994.75,28998.75,28982.75,28998.75,854
2026-07-16 23:22:56.384,28998.75,29003,28986.75,29002.75,411
2026-07-16 23:22:58.644,29002.75,29006.75,28990.75,29006.75,103
2026-07-16 23:22:59.692,29006.75,29010.75,28994.75,29010.75,307
2026-07-16 23:27:02.684,29010.75,29017.75,28998.25,29014.75,5046
2026-07-16 23:27:14.920,29014.75,29018.75,29002.75,29018.75,338
2026-07-16 23:27:24.780,29018.75,29022.75,29006.75,29022.75,272
2026-07-16 23:30:25.928,29022.75,29026.5,28994.75,28994.75,3726
2026-07-16 23:31:37.720,28994.75,29006.75,28990.75,28990.75,1404
2026-07-16 23:32:31.076,28990.75,29002.75,28986.75,28986.75,931
2026-07-16 23:33:40.072,28986.75,28998.75,28982.75,28982.75,1027
2026-07-16 23:34:00.928,28982.75,28994.75,28978.75,28978.75,477
2026-07-16 23:34:35.020,28978.75,28990.75,28974.75,28974.75,783
2026-07-16 23:34:39.232,28974.75,28986.75,28970.75,28970.75,151
2026-07-16 23:40:06.188,28970.75,28995.5,28966.75,28966.75,5030
2026-07-16 23:40:11.148,28966.75,28978.75,28962.75,28962.75,261
2026-07-16 23:40:45.580,28962.75,28974.75,28958.75,28958.75,917
2026-07-16 23:40:50.740,28958.75,28970.75,28954.75,28954.75,280
2026-07-16 23:41:05.680,28954.75,28966.75,28950.25,28950.75,793
2026-07-16 23:43:18.088,28950.75,28962.75,28946.75,28946.75,2134
2026-07-16 23:43:24.168,28946.75,28958.75,28942.75,28942.75,333
2026-07-16 23:47:57.476,28942.75,28960.75,28938.75,28938.75,3824
2026-07-16 23:49:11.932,28938.75,28950.75,28934.75,28934.75,1138
2026-07-16 23:50:48.292,28934.75,28946.75,28930.75,28930.75,1303
2026-07-16 23:50:58.832,28930.75,28942.75,28926.75,28926.75,396
2026-07-16 23:54:04.264,28926.75,28941,28922.75,28922.75,2696
2026-07-16 23:55:00.692,28922.75,28934.75,28918.75,28918.75,1110
2026-07-16 23:59:18.272,28918.75,28930.75,28914.75,28914.75,3215
2026-07-16 23:59:54.140,28914.75,28926.75,28910.75,28910.75,707
2026-07-17 00:00:07.976,28910.75,28922.75,28906.75,28906.75,510
2026-07-17 00:00:10.240,28906.75,28918.75,28902.75,28902.75,252
2026-07-17 00:00:11.244,28902.75,28914.75,28896.75,28898.75,415
2026-07-17 00:00:12.268,28898.75,28910.75,28884.5,28890.75,798
2026-07-17 00:00:13.284,28890.75,28902.75,28884,28886.75,194
2026-07-17 00:02:05.252,28886.75,28900,28882.75,28882.75,3449
2026-07-17 00:02:18.600,28882.75,28894.75,28878.75,28878.75,535
2026-07-17 00:02:20.060,28878.75,28890.75,28874.75,28874.75,213
2026-07-17 00:04:40.032,28874.75,28886.75,28870.75,28870.75,3308
2026-07-17 00:04:41.044,28870.75,28882.75,28864.25,28866.75,363
2026-07-17 00:05:01.008,28866.75,28878.75,28862.75,28862.75,530
2026-07-17 00:07:34.632,28862.75,28878.5,28858.75,28858.75,3268
2026-07-17 00:10:30.096,28858.75,28879.5,28854.75,28854.75,4474
2026-07-17 00:10:43.092,28854.75,28866.75,28850.75,28850.75,410
2026-07-17 00:10:44.168,28850.75,28862.75,28846.75,28846.75,287
2026-07-17 00:13:33.836,28846.75,28870.5,28842.75,28842.75,3665
2026-07-17 00:19:40.552,28842.75,28859.75,28838.75,28838.75,6209
2026-07-17 00:21:56.900,28838.75,28859.5,28834.75,28834.75,3479
2026-07-17 00:21:58.524,28834.75,28846.75,28828.25,28830.75,598
2026-07-17 00:24:40.080,28830.75,28842.75,28826.75,28826.75,2965
2026-07-17 00:25:23.300,28826.75,28838.75,28822.75,28822.75,835
2026-07-17 00:26:13.160,28822.75,28834.75,28818.75,28818.75,1560
2026-07-17 00:27:25.560,28818.75,28830.75,28814.75,28814.75,1554
2026-07-17 00:27:32.112,28814.75,28826.75,28810.75,28810.75,252
2026-07-17 00:27:34.996,28810.75,28822.75,28806.75,28806.75,264
2026-07-17 00:30:21.192,28806.75,28823.75,28802.75,28802.75,4596
2026-07-17 00:30:29.060,28802.75,28814.75,28798.75,28798.75,512
2026-07-17 00:33:18.096,28798.75,28810.75,28794.75,28794.75,2798
2026-07-17 00:34:36.616,28794.75,28806.75,28790.75,28790.75,1553
2026-07-17 00:34:45.180,28790.75,28802.75,28786.75,28786.75,388
2026-07-17 00:35:27.816,28786.75,28798.75,28782.75,28782.75,1349
2026-07-17 00:38:17.848,28782.75,28802.25,28778.75,28778.75,3689
2026-07-17 00:38:51.216,28778.75,28790.75,28774.75,28774.75,1041
2026-07-17 00:41:36.864,28774.75,28802.75,28773.75,28802.75,3587
2026-07-17 00:42:35.516,28802.75,28806.75,28790.5,28806.75,1605
2026-07-17 00:42:59.996,28806.75,28810.75,28794.75,28810.75,737
2026-07-17 00:43:06.848,28810.75,28814.75,28798.75,28814.75,299
2026-07-17 00:45:12.136,28814.75,28818.75,28802.75,28818.75,3020
2026-07-17 00:46:19.344,28818.75,28822.75,28806.75,28822.75,1244
2026-07-17 00:46:28.960,28822.75,28826.75,28810.75,28826.75,350
2026-07-17 00:48:43.184,28826.75,28830.75,28814.75,28830.75,2555
2026-07-17 00:48:57.028,28830.75,28834.75,28818.75,28834.75,398
2026-07-17 00:54:40.696,28834.75,28838.75,28820,28838.75,4951
2026-07-17 00:58:09.456,28838.75,28841.25,28810.75,28810.75,3844
2026-07-17 00:58:12.200,28810.75,28822.75,28806.75,28806.75,234
2026-07-17 01:00:03.040,28806.75,28818.75,28802.75,28802.75,2239
2026-07-17 01:00:04.040,28802.75,28814.75,28795.5,28798.75,229
2026-07-17 01:01:43.072,28798.75,28810.75,28794.75,28794.75,2284
2026-07-17 01:02:07.344,28794.75,28806.75,28790.75,28790.75,525
2026-07-17 01:04:24.932,28790.75,28818.75,28787.25,28818.75,2706
2026-07-17 01:06:23.828,28818.75,28820,28790.75,28790.75,2416
2026-07-17 01:17:17.272,28790.75,28818.75,28788,28818.75,8480
2026-07-17 01:21:01.764,28818.75,28822.5,28790.75,28790.75,3132
2026-07-17 01:25:06.624,28790.75,28805,28786.75,28786.75,3672
2026-07-17 01:33:41.908,28786.75,28811.5,28782.75,28782.75,7105
2026-07-17 01:34:03.548,28782.75,28794.75,28778.75,28778.75,649
2026-07-17 01:34:17.752,28778.75,28790.75,28774.75,28774.75,616
2026-07-17 01:34:18.780,28774.75,28786.75,28763.5,28770.75,839
2026-07-17 01:34:19.780,28770.75,28782.75,28764,28766.75,116
2026-07-17 01:34:22.364,28766.75,28778.75,28762.75,28762.75,179
2026-07-17 01:36:00.464,28762.75,28784,28758.75,28758.75,3127
2026-07-17 01:36:03.348,28758.75,28770.75,28754.75,28754.75,433
2026-07-17 01:37:24.120,28754.75,28766.75,28750.75,28750.75,2261
2026-07-17 01:37:25.156,28750.75,28762.75,28740,28746.75,626
2026-07-17 01:37:36.920,28746.75,28758.75,28742.75,28742.75,389
2026-07-17 01:40:07.584,28742.75,28754.75,28738.75,28738.75,2744
2026-07-17 01:41:47.160,28738.75,28751.25,28734.75,28734.75,2338
2026-07-17 01:43:40.012,28734.75,28755.25,28730.75,28730.75,2298
2026-07-17 01:43:47.016,28730.75,28742.75,28726.75,28726.75,593
2026-07-17 01:44:38.740,28726.75,28754.75,28726.5,28754.75,1583
2026-07-17 01:44:52.712,28754.75,28758.75,28742.75,28758.75,441
2026-07-17 01:49:01.256,28758.75,28762.75,28739.5,28762.75,3863
2026-07-17 01:49:16.136,28762.75,28766.75,28750.75,28766.75,408
2026-07-17 01:49:32.136,28766.75,28770.75,28754.75,28770.75,566
2026-07-17 01:52:13.452,28770.75,28774.5,28742.75,28742.75,2927
2026-07-17 01:56:30.220,28742.75,28764,28738.75,28738.75,3386
2026-07-17 01:57:18.416,28738.75,28750.75,28734.75,28734.75,634
2026-07-17 02:00:07.096,28734.75,28762.75,28733.25,28762.75,2750
2026-07-17 02:00:31.956,28762.75,28766.75,28750.75,28766.75,609
2026-07-17 02:03:12.756,28766.75,28770.75,28743.75,28770.75,3621
2026-07-17 02:04:05.020,28770.75,28774.75,28758.75,28774.75,906
2026-07-17 02:07:08.340,28774.75,28775,28746.75,28746.75,3310
2026-07-17 02:07:15.408,28746.75,28758.75,28742.75,28742.75,158
2026-07-17 02:07:30.452,28742.75,28754.75,28738.75,28738.75,372
2026-07-17 02:07:51.484,28738.75,28750.75,28734.75,28734.75,431
2026-07-17 02:08:37.860,28734.75,28746.75,28730.75,28730.75,865
2026-07-17 02:08:39.048,28730.75,28742.75,28726.75,28726.75,178
2026-07-17 02:11:22.540,28726.75,28754.75,28722,28754.75,3971
2026-07-17 02:11:30.392,28754.75,28758.75,28742.75,28758.75,232
2026-07-17 02:12:33.312,28758.75,28762.75,28746.75,28762.75,1132
2026-07-17 02:14:07.600,28762.75,28766.75,28750.75,28766.75,1285
2026-07-17 02:16:57.236,28766.75,28770.75,28748,28770.75,2887
2026-07-17 02:17:43.784,28770.75,28774.75,28758.75,28774.75,881
2026-07-17 02:20:11.488,28774.75,28778.75,28762.75,28778.75,1680
2026-07-17 02:20:12.528,28778.75,28785,28766.75,28782.75,253
2026-07-17 02:20:15.660,28782.75,28786.75,28770.75,28786.75,180
2026-07-17 02:21:04.276,28786.75,28790.75,28774.75,28790.75,1069
2026-07-17 02:21:24.272,28790.75,28794.75,28778.75,28794.75,448
2026-07-17 02:21:49.860,28794.75,28798.75,28782.75,28798.75,489
2026-07-17 02:23:13.912,28798.75,28802.75,28786.75,28802.75,1655
2026-07-17 02:23:19.324,28802.75,28806.75,28790.75,28806.75,326
2026-07-17 02:24:32.032,28806.75,28810.75,28793.5,28810.75,1423
2026-07-17 02:25:05.612,28810.75,28814.75,28798.75,28814.75,701
2026-07-17 02:25:07.360,28814.75,28818.75,28802.75,28818.75,152
2026-07-17 02:25:34.864,28818.75,28822.75,28806.75,28822.75,822
2026-07-17 02:37:55.108,28822.75,28825,28794.75,28794.75,11150
2026-07-17 02:37:57.104,28794.75,28806.75,28790.75,28790.75,143
2026-07-17 02:38:02.424,28790.75,28802.75,28786.75,28786.75,300
2026-07-17 02:38:13.152,28786.75,28798.75,28782.75,28782.75,305
2026-07-17 02:39:43.504,28782.75,28794.75,28778.75,28778.75,1600
2026-07-17 02:39:46.164,28778.75,28790.75,28774.75,28774.75,142
2026-07-17 02:40:18.344,28774.75,28786.75,28770.75,28770.75,643
2026-07-17 02:41:12.868,28770.75,28783.75,28766.75,28766.75,979
2026-07-17 02:43:30.844,28766.75,28778.75,28762.75,28762.75,1506
2026-07-17 02:46:35.884,28762.75,28776.25,28758.75,28758.75,2413
2026-07-17 02:46:36.896,28758.75,28770.75,28753,28754.75,122
2026-07-17 02:46:38.188,28754.75,28766.75,28750.25,28750.75,214
2026-07-17 02:46:39.304,28750.75,28762.75,28746.75,28746.75,171
2026-07-17 02:48:04.708,28746.75,28758.75,28742.75,28742.75,1726
2026-07-17 02:51:50.916,28742.75,28762.5,28738.75,28738.75,3052
2026-07-17 02:53:52.180,28738.75,28755,28734.75,28734.75,1938
2026-07-17 03:00:22.460,28734.75,28752.75,28730.75,28730.75,5401
2026-07-17 03:02:28.612,28730.75,28758.75,28729,28758.75,2872
2026-07-17 03:02:29.616,28758.75,28765.75,28746.75,28762.75,249
2026-07-17 03:04:42.520,28762.75,28766.75,28746,28766.75,2786
2026-07-17 03:07:40.904,28766.75,28767.75,28738.75,28738.75,3410
2026-07-17 03:09:00.380,28738.75,28750.75,28734.75,28734.75,1456
2026-07-17 03:09:03.776,28734.75,28746.75,28730.75,28730.75,174
2026-07-17 03:09:05.256,28730.75,28742.75,28726.75,28726.75,212
2026-07-17 03:11:51.380,28726.75,28740,28722.75,28722.75,2739
2026-07-17 03:14:46.792,28722.75,28750.75,28716.5,28750.75,4239
2026-07-17 03:15:00.512,28750.75,28754.75,28738.75,28754.75,288
2026-07-17 03:15:11.088,28754.75,28758.75,28742.75,28758.75,264
2026-07-17 03:15:30.168,28758.75,28762.75,28746.75,28762.75,460
2026-07-17 03:21:06.968,28762.75,28764.75,28734.75,28734.75,5385
2026-07-17 03:21:35.420,28734.75,28746.75,28730.75,28730.75,494
2026-07-17 03:22:07.468,28730.75,28742.75,28726.75,28726.75,462
2026-07-17 03:22:35.500,28726.75,28738.75,28722.75,28722.75,357
2026-07-17 03:24:14.424,28722.75,28736,28718.75,28718.75,1598
2026-07-17 03:25:53.404,28718.75,28730.75,28714.75,28714.75,1800
2026-07-17 03:26:57.120,28714.75,28742.75,28711.5,28742.75,1777
2026-07-17 03:27:02.328,28742.75,28746.75,28730.75,28746.75,204
2026-07-17 03:27:11.668,28746.75,28750.75,28734.75,28750.75,259
2026-07-17 03:30:03.400,28750.75,28754.75,28738.75,28754.75,2266
2026-07-17 03:31:13.764,28754.75,28758.75,28742.75,28758.75,1020
2026-07-17 03:34:15.160,28758.75,28759.75,28730.75,28730.75,2663
2026-07-17 03:34:59.268,28730.75,28742.75,28726.75,28726.75,517
2026-07-17 03:35:01.280,28726.75,28738.75,28722.75,28722.75,105
2026-07-17 03:35:10.032,28722.75,28734.75,28718.75,28718.75,245
2026-07-17 03:36:30.216,28718.75,28730.75,28714.75,28714.75,1140
2026-07-17 03:36:34.256,28714.75,28726.75,28710.75,28710.75,187
2026-07-17 03:41:26.100,28710.75,28730.25,28706.75,28706.75,4906
2026-07-17 03:42:32.768,28706.75,28718.75,28702.75,28702.75,979
2026-07-17 03:45:52.104,28702.75,28726.5,28698.75,28698.75,3670
2026-07-17 03:46:03.120,28698.75,28710.75,28690.5,28694.75,643
2026-07-17 03:46:21.984,28694.75,28706.75,28690.75,28690.75,237
2026-07-17 03:56:05.596,28690.75,28718.75,28687.5,28718.75,7150
2026-07-17 03:57:58.728,28718.75,28721.5,28690.75,28690.75,1810
2026-07-17 03:58:07.484,28690.75,28702.75,28686.5,28686.75,429
2026-07-17 03:59:32.244,28686.75,28698.75,28682.75,28682.75,1528
2026-07-17 04:01:48.448,28682.75,28710.75,28679.5,28710.75,3825
2026-07-17 04:02:03.312,28710.75,28714.75,28698.75,28714.75,424
2026-07-17 04:02:04.828,28714.75,28718.75,28702.75,28718.75,112
2026-07-17 04:02:06.708,28718.75,28722.75,28706.75,28722.75,170
2026-07-17 04:02:50.108,28722.75,28726.75,28710.75,28726.75,1342
2026-07-17 04:03:04.216,28726.75,28730.75,28714.75,28730.75,461
2026-07-17 04:03:56.400,28730.75,28730.75,28702.75,28702.75,1593
2026-07-17 04:04:07.508,28702.75,28714.75,28698.75,28698.75,532
2026-07-17 04:04:10.000,28698.75,28710.75,28694.75,28694.75,191
2026-07-17 04:04:53.412,28694.75,28722.75,28692.75,28722.75,1154
2026-07-17 04:05:12.704,28722.75,28726.75,28710.75,28726.75,379
2026-07-17 04:05:17.856,28726.75,28730.75,28714.75,28730.75,206
2026-07-17 04:05:19.452,28730.75,28734.75,28718.75,28734.75,211
2026-07-17 04:07:39.240,28734.75,28735.5,28706.75,28706.75,2823
2026-07-17 04:07:43.396,28706.75,28718.75,28702.75,28702.75,134
2026-07-17 04:08:56.028,28702.75,28714.75,28698.75,28698.75,1222
2026-07-17 04:09:10.428,28698.75,28710.75,28694.75,28694.75,284
2026-07-17 04:10:23.204,28694.75,28715,28690.75,28690.75,1444
2026-07-17 04:10:24.240,28690.75,28702.75,28683.75,28686.75,154
2026-07-17 04:10:34.084,28686.75,28698.75,28681.5,28682.75,371
2026-07-17 04:10:40.956,28682.75,28694.75,28678.75,28678.75,306
2026-07-17 04:10:49.592,28678.75,28690.75,28674.75,28674.75,557
2026-07-17 04:11:14.204,28674.75,28686.75,28670.75,28670.75,1029
2026-07-17 04:15:10.464,28670.75,28682.75,28666.75,28666.75,4417
2026-07-17 04:15:25.816,28666.75,28678.75,28662,28662.75,577
2026-07-17 04:16:01.440,28662.75,28675.25,28658.75,28658.75,1124
2026-07-17 04:16:15.012,28658.75,28670.75,28654.75,28654.75,615
2026-07-17 04:16:16.140,28654.75,28666.75,28650.75,28650.75,190
2026-07-17 04:16:17.168,28650.75,28662.75,28642,28642.75,401
2026-07-17 04:16:18.708,28642.75,28654.75,28638.75,28638.75,235
2026-07-17 04:16:19.740,28638.75,28650.75,28633,28634.75,203
2026-07-17 04:16:29.920,28634.75,28646.75,28630.75,28630.75,587
2026-07-17 04:16:31.336,28630.75,28642.75,28625,28626.75,305
2026-07-17 04:16:32.428,28626.75,28638.75,28622.75,28622.75,116
2026-07-17 04:16:48.404,28622.75,28634.75,28618.75,28618.75,1286
2026-07-17 04:16:54.396,28618.75,28630.75,28614.75,28614.75,332
2026-07-17 04:17:16.880,28614.75,28626.75,28610.75,28610.75,1402
2026-07-17 04:17:21.048,28610.75,28622.75,28606,28606.75,320
2026-07-17 04:17:40.440,28606.75,28618.75,28602.75,28602.75,763
2026-07-17 04:17:41.536,28602.75,28614.75,28591.5,28594.75,587
2026-07-17 04:17:45.612,28594.75,28606.75,28590.75,28590.75,285
2026-07-17 04:18:07.876,28590.75,28602.75,28586.75,28586.75,1323
2026-07-17 04:19:26.472,28586.75,28611.25,28582.75,28582.75,3979
2026-07-17 04:23:46.600,28582.75,28610.75,28579.25,28610.75,8565
2026-07-17 04:23:58.868,28610.75,28614.75,28598.75,28614.75,564
2026-07-17 04:26:02.240,28614.75,28614.75,28586.75,28586.75,3469
2026-07-17 04:26:06.524,28586.75,28598.75,28582.75,28582.75,244
2026-07-17 04:26:07.596,28582.75,28594.75,28576.75,28578.75,298
2026-07-17 04:27:00.924,28578.75,28606.75,28578.75,28606.75,1614
2026-07-17 04:27:01.980,28606.75,28610.75,28594.75,28610.75,107
2026-07-17 04:27:13.224,28610.75,28614.75,28598.75,28614.75,595
2026-07-17 04:27:17.256,28614.75,28618.75,28602.75,28618.75,239
2026-07-17 04:27:28.232,28618.75,28622.75,28606.75,28622.75,667
2026-07-17 04:28:17.596,28622.75,28626.75,28607,28626.75,1804
2026-07-17 04:28:25.064,28626.75,28630.75,28614.75,28630.75,339
2026-07-17 04:31:19.588,28630.75,28633.5,28602.75,28602.75,3751
2026-07-17 04:31:22.124,28602.75,28614.75,28598.75,28598.75,109
2026-07-17 04:31:30.272,28598.75,28610.75,28594.75,28594.75,268
2026-07-17 04:31:32.684,28594.75,28606.75,28590.75,28590.75,92
2026-07-17 04:31:40.476,28590.75,28602.75,28586.75,28586.75,255
2026-07-17 04:32:04.308,28586.75,28598.75,28582.75,28582.75,686
2026-07-17 04:33:24.104,28582.75,28594.75,28578.75,28578.75,1740
2026-07-17 04:38:24.504,28578.75,28591.75,28574.75,28574.75,5378
2026-07-17 04:38:25.896,28574.75,28586.75,28566.75,28570.75,519
2026-07-17 04:38:40.444,28570.75,28582.75,28566.75,28566.75,447
2026-07-17 04:42:06.108,28566.75,28580.25,28562.75,28562.75,4336
2026-07-17 04:42:08.252,28562.75,28574.75,28558.75,28558.75,185
2026-07-17 04:44:20.684,28558.75,28586.75,28554.75,28586.75,3620
2026-07-17 04:44:54.960,28586.75,28590.75,28574.75,28590.75,650
2026-07-17 04:45:18.904,28590.75,28594.75,28578.75,28594.75,715
2026-07-17 04:45:20.984,28594.75,28598.75,28582.75,28598.75,168
2026-07-17 04:45:35.472,28598.75,28602.75,28586.75,28602.75,500
2026-07-17 04:47:10.324,28602.75,28606.75,28590.75,28606.75,1579
2026-07-17 04:47:39.940,28606.75,28610.75,28594.75,28610.75,363
2026-07-17 04:48:18.228,28610.75,28614.75,28598.75,28614.75,756
2026-07-17 04:54:00.820,28614.75,28618.75,28589.25,28618.75,6064
2026-07-17 04:54:09.832,28618.75,28622.75,28606.75,28622.75,493
2026-07-17 04:54:15.448,28622.75,28626.75,28610.75,28626.75,249
2026-07-17 04:54:33.416,28626.75,28630.75,28614.75,28630.75,394
2026-07-17 04:55:41.900,28630.75,28634.75,28618.75,28634.75,1117
2026-07-17 04:55:47.684,28634.75,28638.75,28622.75,28638.75,222
2026-07-17 04:56:47.320,28638.75,28642.75,28626.75,28642.75,1417
2026-07-17 04:57:52.792,28642.75,28646.75,28630.75,28646.75,1306
2026-07-17 04:58:12.828,28646.75,28650.75,28634.75,28650.75,442
2026-07-17 04:58:20.788,28650.75,28654.75,28638.75,28654.75,247
2026-07-17 04:58:21.788,28654.75,28659.75,28642.75,28658.75,132
2026-07-17 04:59:01.648,28658.75,28660.5,28630.75,28630.75,1329
2026-07-17 04:59:12.596,28630.75,28642.75,28626.75,28626.75,349
2026-07-17 05:00:03.072,28626.75,28638.75,28622.75,28622.75,1015
2026-07-17 05:00:38.392,28622.75,28634.75,28618.75,28618.75,880
2026-07-17 05:09:02.772,28618.75,28646.75,28618,28646.75,6965
2026-07-17 05:11:02.584,28646.75,28650.75,28634.75,28650.75,1524
2026-07-17 05:13:11.032,28650.75,28654.75,28638,28654.75,1675
2026-07-17 05:13:16.520,28654.75,28658.75,28642.75,28658.75,165
2026-07-17 05:13:24.064,28658.75,28662.75,28646.75,28662.75,240
2026-07-17 05:14:18.488,28662.75,28666.75,28650.75,28666.75,1119
2026-07-17 05:14:23.584,28666.75,28670.75,28654.75,28670.75,117
2026-07-17 05:14:41.908,28670.75,28674.75,28658.75,28674.75,341
2026-07-17 05:17:01.668,28674.75,28676.25,28646.75,28646.75,2487
2026-07-17 05:17:10.216,28646.75,28658.75,28642.75,28642.75,208
2026-07-17 05:18:21.004,28642.75,28654.75,28638.75,28638.75,805
2026-07-17 05:18:33.400,28638.75,28650.75,28634.75,28634.75,193
2026-07-17 05:19:17.220,28634.75,28646.75,28630.75,28630.75,644
2026-07-17 05:23:53.288,28630.75,28658.75,28630,28658.75,4550
2026-07-17 05:24:02.292,28658.75,28662.75,28646.75,28662.75,170
2026-07-17 05:24:54.748,28662.75,28666.75,28650.75,28666.75,800
2026-07-17 05:25:07.232,28666.75,28670.75,28654.75,28670.75,242
2026-07-17 05:25:20.332,28670.75,28674.75,28658.75,28674.75,218
2026-07-17 05:26:11.268,28674.75,28678.75,28662.75,28678.75,664
2026-07-17 05:26:17.336,28678.75,28682.75,28666.75,28682.75,294
2026-07-17 05:27:01.116,28682.75,28686.75,28670.75,28686.75,759
2026-07-17 05:29:00.044,28686.75,28690.75,28674.75,28690.75,1739
2026-07-17 05:31:32.288,28690.75,28694.75,28676.25,28694.75,2047
2026-07-17 05:33:05.684,28694.75,28695,28666.75,28666.75,1321
2026-07-17 05:34:06.060,28666.75,28678.75,28662.75,28662.75,644
2026-07-17 05:39:19.960,28662.75,28690.75,28661.5,28690.75,3653
2026-07-17 05:39:23.756,28690.75,28694.75,28678.75,28694.75,71
2026-07-17 05:39:30.624,28694.75,28698.75,28682.75,28698.75,236
2026-07-17 05:39:34.608,28698.75,28702.75,28686.75,28702.75,209
2026-07-17 05:39:36.596,28702.75,28706.75,28690.75,28706.75,176
2026-07-17 05:39:47.056,28706.75,28710.75,28694.75,28710.75,389
2026-07-17 05:39:50.684,28710.75,28714.75,28698.75,28714.75,184
2026-07-17 05:41:40.272,28714.75,28715.5,28686.75,28686.75,1944
2026-07-17 05:42:30.316,28686.75,28698.75,28682.75,28682.75,698
2026-07-17 05:44:46.376,28682.75,28696.25,28678.75,28678.75,1512
2026-07-17 05:47:31.140,28678.75,28706.75,28678.5,28706.75,2192
2026-07-17 05:48:23.060,28706.75,28710.75,28694.75,28710.75,711
2026-07-17 05:50:41.664,28710.75,28714.75,28690,28714.75,2450
2026-07-17 05:51:37.532,28714.75,28718.75,28702.75,28718.75,1164
2026-07-17 05:53:13.080,28718.75,28722.75,28705,28722.75,1302
2026-07-17 05:53:21.036,28722.75,28726.75,28710.75,28726.75,336
2026-07-17 05:56:00.540,28726.75,28728,28698.75,28698.75,3066
2026-07-17 06:01:11.908,28698.75,28726.75,28696.25,28726.75,4067
2026-07-17 06:03:04.832,28726.75,28728.25,28698.75,28698.75,2393
2026-07-17 06:03:20.448,28698.75,28710.75,28694.75,28694.75,495
2026-07-17 06:05:27.272,28694.75,28722.75,28693,28722.75,1886
2026-07-17 06:05:38.288,28722.75,28726.75,28710.75,28726.75,239
2026-07-17 06:05:39.360,28726.75,28730.75,28714.75,28730.75,179
2026-07-17 06:06:07.904,28730.75,28734.75,28718.75,28734.75,721
2026-07-17 06:06:24.144,28734.75,28738.75,28722.75,28738.75,499
2026-07-17 06:09:57.088,28738.75,28742.75,28725.75,28742.75,3502
2026-07-17 06:11:09.096,28742.75,28746.75,28726,28746.75,1767
2026-07-17 06:11:14.304,28746.75,28750.75,28734.75,28750.75,396
2026-07-17 06:11:16.852,28750.75,28754.75,28738.75,28754.75,287
2026-07-17 06:14:22.608,28754.75,28758.75,28727.25,28758.75,4914
2026-07-17 06:14:27.612,28758.75,28762.75,28746.75,28762.75,228
2026-07-17 06:14:36.684,28762.75,28766.75,28750.75,28766.75,296
2026-07-17 06:14:44.292,28766.75,28770.75,28754.75,28770.75,213
2026-07-17 06:15:19.184,28770.75,28774.75,28758.75,28774.75,947
2026-07-17 06:15:28.212,28774.75,28778.75,28762.75,28778.75,289
2026-07-17 06:15:38.116,28778.75,28782.75,28766.75,28782.75,377
2026-07-17 06:16:14.984,28782.75,28786.75,28770.75,28786.75,1003
2026-07-17 06:19:13.828,28786.75,28787.75,28758.75,28758.75,3578
2026-07-17 06:19:20.668,28758.75,28770.75,28754.75,28754.75,222
2026-07-17 06:21:32.644,28754.75,28766.75,28750.75,28750.75,2135
2026-07-17 06:21:34.792,28750.75,28762.75,28746.75,28746.75,172
2026-07-17 06:21:40.216,28746.75,28758.75,28742.75,28742.75,296
2026-07-17 06:21:45.660,28742.75,28754.75,28738.75,28738.75,315
2026-07-17 06:22:11.560,28738.75,28750.75,28734.75,28734.75,907
2026-07-17 06:22:15.776,28734.75,28746.75,28730.75,28730.75,215
2026-07-17 06:22:16.896,28730.75,28742.75,28726.75,28726.75,162
2026-07-17 06:24:03.896,28726.75,28754.75,28724.25,28754.75,2588
2026-07-17 06:24:06.648,28754.75,28758.75,28742.75,28758.75,173
2026-07-17 06:27:54.764,28758.75,28762.75,28733,28762.75,4232
2026-07-17 06:28:59.212,28762.75,28766.75,28750.75,28766.75,710
2026-07-17 06:29:11.444,28766.75,28770.75,28754.75,28770.75,222
2026-07-17 06:29:27.432,28770.75,28774.75,28758.75,28774.75,386
2026-07-17 06:30:06.768,28774.75,28778.75,28762.75,28778.75,670
2026-07-17 06:33:39.280,28778.75,28782.75,28763.5,28782.75,3067
2026-07-17 06:34:32.016,28782.75,28786.75,28770.75,28786.75,680
2026-07-17 06:34:57.576,28786.75,28790.75,28774.75,28790.75,405
2026-07-17 06:35:06.452,28790.75,28794.75,28778.75,28794.75,302
2026-07-17 06:35:19.676,28794.75,28798.75,28782.75,28798.75,448
2026-07-17 06:35:35.124,28798.75,28802.75,28786.75,28802.75,486
2026-07-17 06:38:50.640,28802.75,28806.75,28790.5,28806.75,3180
2026-07-17 06:39:17.068,28806.75,28810.75,28794.75,28810.75,522
2026-07-17 06:39:21.796,28810.75,28814.75,28798.75,28814.75,184
2026-07-17 06:39:25.544,28814.75,28818.75,28802.75,28818.75,245
2026-07-17 06:41:09.148,28818.75,28822.75,28806.75,28822.75,1905
2026-07-17 06:44:49.952,28822.75,28826,28794.75,28794.75,4513
2026-07-17 06:45:16.288,28794.75,28806.75,28790.75,28790.75,492
2026-07-17 06:55:30.320,28790.75,28815.25,28786.75,28786.75,7304
2026-07-17 06:57:47.764,28786.75,28803.25,28782.75,28782.75,2087
2026-07-17 06:58:14.648,28782.75,28794.75,28778.75,28778.75,705
2026-07-17 07:00:04.000,28778.75,28796.25,28774.75,28774.75,2644
2026-07-17 07:00:49.660,28774.75,28802.75,28773.5,28802.75,1420
2026-07-17 07:00:52.176,28802.75,28806.75,28790.75,28806.75,135
2026-07-17 07:03:27.812,28806.75,28808.5,28778.75,28778.75,3071
2026-07-17 07:03:31.868,28778.75,28790.75,28774.75,28774.75,230
2026-07-17 07:03:56.108,28774.75,28786.75,28770.75,28770.75,677
2026-07-17 07:04:09.796,28770.75,28782.75,28766.75,28766.75,467
2026-07-17 07:04:14.560,28766.75,28778.75,28762.75,28762.75,280
2026-07-17 07:07:56.704,28762.75,28782.25,28758.75,28758.75,4607
2026-07-17 07:08:39.124,28758.75,28770.75,28754.75,28754.75,753
2026-07-17 07:08:44.576,28754.75,28766.75,28750.75,28750.75,191
2026-07-17 07:11:34.616,28750.75,28778.75,28749.5,28778.75,3169
2026-07-17 07:16:16.168,28778.75,28779.75,28750.75,28750.75,3461
2026-07-17 07:17:08.488,28750.75,28762.75,28746.75,28746.75,628
2026-07-17 07:17:52.296,28746.75,28758.75,28742.75,28742.75,862
2026-07-17 07:20:02.856,28742.75,28756.25,28738.75,28738.75,2106
2026-07-17 07:20:19.200,28738.75,28750.75,28734.75,28734.75,295
2026-07-17 07:20:45.208,28734.75,28746.75,28730.75,28730.75,508
2026-07-17 07:26:21.956,28730.75,28758.75,28728.5,28758.75,5566
2026-07-17 07:26:23.396,28758.75,28762.75,28746.75,28762.75,181
2026-07-17 07:26:25.592,28762.75,28766.75,28750.75,28766.75,367
2026-07-17 07:33:03.676,28766.75,28769.25,28738.75,28738.75,5768
2026-07-17 07:42:58.364,28738.75,28762.75,28734.75,28734.75,5710
2026-07-17 07:42:59.908,28734.75,28746.75,28730.75,28730.75,125
2026-07-17 07:43:05.920,28730.75,28742.75,28726.75,28726.75,385
2026-07-17 07:43:07.412,28726.75,28738.75,28722.75,28722.75,250
2026-07-17 07:43:22.436,28722.75,28734.75,28718.75,28718.75,597
2026-07-17 07:48:12.864,28718.75,28746.75,28717.5,28746.75,4265
2026-07-17 07:54:14.284,28746.75,28750.75,28725.75,28750.75,4572
2026-07-17 07:54:22.084,28750.75,28754.75,28738.75,28754.75,262
2026-07-17 07:54:33.640,28754.75,28758.75,28742.75,28758.75,282
2026-07-17 08:01:43.372,28758.75,28761.25,28730.75,28730.75,4915
2026-07-17 08:01:48.760,28730.75,28742.75,28726.75,28726.75,155
2026-07-17 08:02:06.632,28726.75,28738.75,28722.75,28722.75,471
2026-07-17 08:02:11.676,28722.75,28734.75,28718.75,28718.75,139
2026-07-17 08:03:12.512,28718.75,28730.75,28714.75,28714.75,1177
2026-07-17 08:03:23.904,28714.75,28726.75,28710.75,28710.75,292
2026-07-17 08:03:27.048,28710.75,28722.75,28706.75,28706.75,204
2026-07-17 08:03:36.956,28706.75,28718.75,28702.75,28702.75,417
2026-07-17 08:04:34.448,28702.75,28714.75,28698.75,28698.75,1525
2026-07-17 08:04:55.260,28698.75,28710.75,28694.75,28694.75,597
2026-07-17 08:05:46.624,28694.75,28706.75,28690.75,28690.75,1142
2026-07-17 08:06:03.132,28690.75,28702.75,28686.75,28686.75,606
2026-07-17 08:08:15.064,28686.75,28698.75,28682.75,28682.75,2973
2026-07-17 08:11:49.428,28682.75,28698.25,28678.75,28678.75,4148
2026-07-17 08:16:09.044,28678.75,28690.75,28674.75,28674.75,4576
2026-07-17 08:20:22.960,28674.75,28689.75,28670.75,28670.75,4014
2026-07-17 08:27:01.512,28670.75,28697.75,28666.75,28666.75,7306
2026-07-17 08:27:15.492,28666.75,28678.75,28662.75,28662.75,471
2026-07-17 08:40:13.036,28662.75,28683.75,28658.75,28658.75,13355
2026-07-17 08:42:03.532,28658.75,28670.75,28654.75,28654.75,1854
2026-07-17 08:46:24.204,28654.75,28682.75,28651.25,28682.75,6980
2026-07-17 08:46:26.812,28682.75,28686.75,28670.75,28686.75,243
2026-07-17 08:46:33.616,28686.75,28690.75,28674.75,28690.75,318
2026-07-17 08:49:24.716,28690.75,28692.25,28662.75,28662.75,4085
2026-07-17 08:49:34.476,28662.75,28674.75,28658.75,28658.75,447
2026-07-17 08:49:53.476,28658.75,28670.75,28654.75,28654.75,528
2026-07-17 08:50:00.252,28654.75,28666.75,28650.75,28650.75,307
2026-07-17 08:50:10.588,28650.75,28662.75,28646.75,28646.75,677
2026-07-17 08:55:13.104,28646.75,28674.75,28645.5,28674.75,6098
2026-07-17 08:56:28.488,28674.75,28678.75,28659.5,28678.75,2465
2026-07-17 08:56:32.956,28678.75,28682.75,28666.75,28682.75,320
2026-07-17 09:00:12.236,28682.75,28686.25,28654.75,28654.75,5722
2026-07-17 09:00:22.356,28654.75,28666.75,28650.75,28650.75,586
2026-07-17 09:00:35.540,28650.75,28662.75,28646.75,28646.75,583
2026-07-17 09:01:23.952,28646.75,28658.75,28642.75,28642.75,2027
2026-07-17 09:01:35.276,28642.75,28654.75,28638.75,28638.75,605
2026-07-17 09:06:48.580,28638.75,28651.75,28634.75,28634.75,8939
2026-07-17 09:07:29.160,28634.75,28646.75,28630.75,28630.75,1355
2026-07-17 09:08:11.428,28630.75,28642.75,28626.75,28626.75,1942
2026-07-17 09:11:13.936,28626.75,28638.75,28622.75,28622.75,4242
2026-07-17 09:15:01.004,28622.75,28634.75,28618.75,28618.75,4065
2026-07-17 09:19:54.572,28618.75,28636,28614.75,28614.75,8091
2026-07-17 09:20:25.296,28614.75,28626.75,28610.75,28610.75,1258
2026-07-17 09:23:25.948,28610.75,28630.5,28606.75,28606.75,4610
2026-07-17 09:24:16.456,28606.75,28618.75,28602.75,28602.75,1177
2026-07-17 09:24:48.144,28602.75,28614.75,28598.75,28598.75,968
2026-07-17 09:25:17.080,28598.75,28626.75,28596.75,28626.75,2807
2026-07-17 09:25:21.324,28626.75,28630.75,28614.75,28630.75,408
2026-07-17 09:25:23.256,28630.75,28634.75,28618.75,28634.75,260
2026-07-17 09:25:25.036,28634.75,28638.75,28622.75,28638.75,248
2026-07-17 09:26:19.396,28638.75,28642.75,28626.75,28642.75,3127
2026-07-17 09:27:10.380,28642.75,28646.75,28630.5,28646.75,2619
2026-07-17 09:27:40.140,28646.75,28647.25,28618.75,28618.75,1546
2026-07-17 09:27:41.140,28618.75,28630.75,28593,28598.75,751
2026-07-17 09:27:48.452,28598.75,28610.75,28594.75,28594.75,668
2026-07-17 09:27:50.464,28594.75,28606.75,28590.75,28590.75,387
2026-07-17 09:28:00.260,28590.75,28602.75,28586.75,28586.75,1554
2026-07-17 09:28:24.608,28586.75,28614.75,28586.5,28614.75,2391
2026-07-17 09:29:22.668,28614.75,28619,28586.75,28586.75,3455
2026-07-17 09:29:31.044,28586.75,28598.75,28582.75,28582.75,479
2026-07-17 09:30:00.176,28582.75,28610.75,28581.5,28610.75,2665
2026-07-17 09:30:01.176,28610.75,28616.75,28598.75,28614.75,493
2026-07-17 09:30:02.176,28614.75,28628,28602.75,28622.75,534
2026-07-17 09:30:03.176,28622.75,28638,28610.75,28630.75,685
2026-07-17 09:30:04.740,28630.75,28634.75,28612,28634.75,693
2026-07-17 09:30:05.848,28634.75,28638.75,28622.75,28638.75,352
2026-07-17 09:30:08.020,28638.75,28642.75,28626.75,28642.75,508
2026-07-17 09:30:09.732,28642.75,28648.25,28630.75,28646.75,495
2026-07-17 09:30:11.412,28646.75,28650.75,28634.75,28650.75,481
2026-07-17 09:30:12.620,28650.75,28658,28638.75,28654.75,529
2026-07-17 09:30:23.448,28654.75,28655.25,28626.75,28626.75,1971
2026-07-17 09:30:25.292,28626.75,28638.75,28622.75,28622.75,361
2026-07-17 09:30:35.160,28622.75,28650.75,28622.75,28650.75,1746
2026-07-17 09:30:47.848,28650.75,28655.5,28626.75,28654.75,2716
2026-07-17 09:31:01.700,28654.75,28660,28637.75,28658.75,2734
2026-07-17 09:31:03.104,28658.75,28662.75,28646.75,28662.75,497
2026-07-17 09:31:14.164,28662.75,28666.75,28647,28666.75,2989
2026-07-17 09:31:23.448,28666.75,28670.75,28654.75,28670.75,2067
2026-07-17 09:31:29.828,28670.75,28674.75,28651.25,28674.75,1573
2026-07-17 09:31:31.836,28674.75,28680,28662.75,28678.75,675
2026-07-17 09:32:00.088,28678.75,28682.75,28657.25,28682.75,4660
2026-07-17 09:32:06.328,28682.75,28685.5,28654.75,28654.75,1838
2026-07-17 09:32:11.196,28654.75,28666.75,28650.75,28650.75,1359
2026-07-17 09:32:18.480,28650.75,28666.5,28646.75,28646.75,1522
2026-07-17 09:32:19.480,28646.75,28658.75,28640.75,28642.75,368
2026-07-17 09:32:36.508,28642.75,28661.75,28638.75,28638.75,3499
2026-07-17 09:32:37.576,28638.75,28650.75,28634.75,28634.75,286
2026-07-17 09:32:48.540,28634.75,28651,28630.75,28630.75,2420
2026-07-17 09:32:49.584,28630.75,28642.75,28625.75,28626.75,399
2026-07-17 09:33:05.572,28626.75,28640,28622.75,28622.75,2747
2026-07-17 09:33:12.224,28622.75,28634.75,28617.25,28618.75,1288
2026-07-17 09:33:13.248,28618.75,28630.75,28612.5,28614.75,380
2026-07-17 09:33:18.040,28614.75,28626.75,28610.75,28610.75,1100
2026-07-17 09:33:24.548,28610.75,28622.75,28606.75,28606.75,1414
2026-07-17 09:33:25.592,28606.75,28618.75,28602.25,28602.75,402
2026-07-17 09:33:29.252,28602.75,28614.75,28598.75,28598.75,1152
2026-07-17 09:33:37.820,28598.75,28610.75,28594.75,28594.75,1861
2026-07-17 09:33:38.832,28594.75,28606.75,28588.5,28590.75,330
2026-07-17 09:33:39.832,28590.75,28602.75,28585,28586.75,324
2026-07-17 09:33:40.840,28586.75,28598.75,28580.5,28582.75,463
2026-07-17 09:33:41.888,28582.75,28594.75,28578,28578.75,575
2026-07-17 09:33:43.508,28578.75,28590.75,28574.75,28574.75,551
2026-07-17 09:33:44.968,28574.75,28586.75,28568.25,28570.75,753
2026-07-17 09:34:04.228,28570.75,28582.75,28566.75,28566.75,4683
2026-07-17 09:34:05.568,28566.75,28578.75,28562.25,28562.75,541
2026-07-17 09:34:11.164,28562.75,28574.75,28558.75,28558.75,1652
2026-07-17 09:34:29.352,28558.75,28570.75,28554.75,28554.75,4220
2026-07-17 09:34:31.040,28554.75,28566.75,28550.75,28550.75,669
2026-07-17 09:34:35.884,28550.75,28562.75,28546.75,28546.75,1697
2026-07-17 09:34:37.652,28546.75,28558.75,28542.75,28542.75,734
2026-07-17 09:34:43.240,28542.75,28570.75,28539.75,28570.75,2833
2026-07-17 09:34:50.388,28570.75,28574.75,28558.75,28574.75,1993
2026-07-17 09:35:04.860,28574.75,28576.75,28546.75,28546.75,4083
2026-07-17 09:35:06.328,28546.75,28558.75,28542.75,28542.75,433
2026-07-17 09:35:48.660,28542.75,28557,28538.75,28538.75,7451
2026-07-17 09:35:49.888,28538.75,28550.75,28534.75,28534.75,676
2026-07-17 09:35:53.868,28534.75,28546.75,28530.75,28530.75,1036
2026-07-17 09:36:06.956,28530.75,28558.75,28530.5,28558.75,3616
2026-07-17 09:36:07.968,28558.75,28566.5,28546.75,28562.75,483
2026-07-17 09:36:08.972,28562.75,28569.25,28550.75,28566.75,412
2026-07-17 09:36:10.268,28566.75,28570.75,28554.75,28570.75,429
2026-07-17 09:36:27.652,28570.75,28571,28542.75,28542.75,4090
2026-07-17 09:36:31.860,28542.75,28554.75,28538.75,28538.75,613
2026-07-17 09:36:34.124,28538.75,28550.75,28534.75,28534.75,425
2026-07-17 09:36:35.128,28534.75,28546.75,28525.5,28526.75,548
2026-07-17 09:36:36.140,28526.75,28538.75,28521.25,28522.75,660
2026-07-17 09:36:37.140,28522.75,28534.75,28516.75,28518.75,595
2026-07-17 09:37:17.268,28518.75,28540,28514,28514.75,8688
2026-07-17 09:37:18.524,28514.75,28526.75,28509,28510.75,572
2026-07-17 09:37:32.856,28510.75,28522.75,28506.75,28506.75,2961
2026-07-17 09:37:45.200,28506.75,28518.75,28502.75,28502.75,2650
2026-07-17 09:38:04.928,28502.75,28514.75,28498.75,28498.75,4711
2026-07-17 09:38:05.932,28498.75,28510.75,28489.5,28494.75,710
2026-07-17 09:38:20.012,28494.75,28512.5,28490.75,28490.75,3196
2026-07-17 09:38:34.208,28490.75,28502.75,28486.75,28486.75,2397
2026-07-17 09:38:35.912,28486.75,28498.75,28482.75,28482.75,450
2026-07-17 09:38:52.752,28482.75,28497.75,28478.75,28478.75,3555
2026-07-17 09:39:13.092,28478.75,28490.75,28474.75,28474.75,3825
2026-07-17 09:39:14.096,28474.75,28486.75,28463.75,28466.75,881
2026-07-17 09:39:33.412,28466.75,28481.75,28462.75,28462.75,4864
2026-07-17 09:39:34.416,28462.75,28474.75,28458.5,28458.75,605
2026-07-17 09:40:03.848,28458.75,28486.75,28457,28486.75,7217
2026-07-17 09:40:04.944,28486.75,28490.75,28474.75,28490.75,511
2026-07-17 09:40:10.112,28490.75,28495.25,28478.75,28494.75,1954
2026-07-17 09:40:14.856,28494.75,28498.75,28476.75,28498.75,1460
2026-07-17 09:40:23.752,28498.75,28502.75,28486.75,28502.75,3020
2026-07-17 09:40:59.912,28502.75,28506,28474.75,28474.75,7560
2026-07-17 09:41:00.932,28474.75,28486.75,28469.5,28470.75,443
2026-07-17 09:41:08.356,28470.75,28498.75,28469,28498.75,2540
2026-07-17 09:41:09.356,28498.75,28508.25,28486.75,28502.75,618
2026-07-17 09:41:10.368,28502.75,28508,28490.75,28506.75,343
2026-07-17 09:41:13.612,28506.75,28510.75,28494.75,28510.75,1757
2026-07-17 09:41:51.184,28510.75,28512.25,28482.75,28482.75,8957
2026-07-17 09:41:54.068,28482.75,28494.75,28478.75,28478.75,650
2026-07-17 09:41:55.068,28478.75,28490.75,28469,28470.75,499
2026-07-17 09:42:04.416,28470.75,28483,28466.75,28466.75,1941
2026-07-17 09:42:05.624,28466.75,28478.75,28462.75,28462.75,389
2026-07-17 09:42:06.656,28462.75,28474.75,28458,28458.75,468
2026-07-17 09:42:07.900,28458.75,28470.75,28454.75,28454.75,608
2026-07-17 09:42:11.464,28454.75,28466.75,28450.75,28450.75,1513
2026-07-17 09:42:13.912,28450.75,28462.75,28446.75,28446.75,1092
2026-07-17 09:42:14.920,28446.75,28458.75,28439,28442.75,727
2026-07-17 09:42:17.692,28442.75,28454.75,28438.75,28438.75,1203
2026-07-17 09:42:59.772,28438.75,28451.5,28434.75,28434.75,8196
2026-07-17 09:43:00.788,28434.75,28446.75,28430.75,28430.75,323
2026-07-17 09:43:01.904,28430.75,28442.75,28426.75,28426.75,393
2026-07-17 09:43:51.320,28426.75,28444.75,28422.75,28422.75,8205
2026-07-17 09:43:58.024,28422.75,28434.75,28418.75,28418.75,1428
2026-07-17 09:44:04.052,28418.75,28430.75,28414.75,28414.75,1364
2026-07-17 09:44:06.828,28414.75,28426.75,28410.75,28410.75,766
2026-07-17 09:44:32.080,28410.75,28438.75,28408.25,28438.75,5463
2026-07-17 09:44:33.080,28438.75,28449.5,28426.75,28446.75,679
2026-07-17 09:44:50.172,28446.75,28450.5,28418.75,28418.75,3080
2026-07-17 09:45:12.452,28418.75,28441.75,28414.75,28414.75,5142
2026-07-17 09:45:24.496,28414.75,28442.75,28411.5,28442.75,2496
2026-07-17 09:45:27.036,28442.75,28446.75,28430.75,28446.75,836
2026-07-17 09:45:28.504,28446.75,28450.75,28434.75,28450.75,416
2026-07-17 09:45:44.044,28450.75,28454.75,28427.75,28454.75,3643
2026-07-17 09:45:45.048,28454.75,28462.25,28442.75,28458.75,476
2026-07-17 09:46:09.348,28458.75,28462.75,28434.75,28462.75,5970
2026-07-17 09:46:10.432,28462.75,28467.75,28450.75,28466.75,447
2026-07-17 09:46:15.388,28466.75,28470.75,28454.75,28470.75,1381
2026-07-17 09:46:27.524,28470.75,28474.75,28458.75,28474.75,2411
2026-07-17 09:46:49.628,28474.75,28477,28446.75,28446.75,4470
2026-07-17 09:46:50.656,28446.75,28458.75,28442.5,28442.75,292
2026-07-17 09:46:56.192,28442.75,28454.75,28438.75,28438.75,1051
2026-07-17 09:47:00.860,28438.75,28450.75,28434.75,28434.75,972
2026-07-17 09:47:01.868,28434.75,28446.75,28428.5,28430.75,326
2026-07-17 09:47:02.868,28430.75,28442.75,28424.5,28426.75,343
2026-07-17 09:47:13.864,28426.75,28454.75,28422.75,28454.75,2593
2026-07-17 09:47:14.864,28454.75,28467.25,28442.75,28462.75,449
2026-07-17 09:47:18.336,28462.75,28468.5,28450.75,28466.75,773
2026-07-17 09:47:19.472,28466.75,28471.25,28454.75,28470.75,218
2026-07-17 09:47:31.360,28470.75,28475.5,28458.75,28474.75,1996
2026-07-17 09:47:41.728,28474.75,28478.75,28462.75,28478.75,1776
2026-07-17 09:47:42.856,28478.75,28483,28466.75,28482.75,451
2026-07-17 09:47:50.368,28482.75,28486.75,28470.75,28486.75,1545
2026-07-17 09:48:02.776,28486.75,28490.75,28473.75,28490.75,2336
2026-07-17 09:48:12.196,28490.75,28496,28478.75,28494.75,2458
2026-07-17 09:48:13.228,28494.75,28501.75,28482.75,28498.75,798
2026-07-17 09:48:16.732,28498.75,28505,28486.75,28502.75,1060
2026-07-17 09:48:18.444,28502.75,28506.75,28490.75,28506.75,383
2026-07-17 09:48:21.208,28506.75,28510.75,28494.75,28510.75,847
2026-07-17 09:48:29.088,28510.75,28514.75,28498.75,28514.75,1932
2026-07-17 09:49:03.312,28514.75,28518.75,28490.5,28518.75,6808
2026-07-17 09:49:11.268,28518.75,28519.75,28490.75,28490.75,2085
2026-07-17 09:49:16.604,28490.75,28502.75,28486.75,28486.75,1411
2026-07-17 09:49:18.020,28486.75,28498.75,28482,28482.75,519
2026-07-17 09:49:19.024,28482.75,28494.75,28472.5,28478.75,502
2026-07-17 09:49:29.968,28478.75,28506.75,28474.5,28506.75,2557
2026-07-17 09:50:31.124,28506.75,28510.75,28485.5,28510.75,9561
2026-07-17 09:50:32.124,28510.75,28516.75,28498.75,28514.75,403
2026-07-17 09:50:34.104,28514.75,28518.75,28502.75,28518.75,408
2026-07-17 09:50:35.112,28518.75,28530.5,28506.75,28526.75,873
2026-07-17 09:50:42.104,28526.75,28530.75,28514.75,28530.75,1699
2026-07-17 09:50:52.620,28530.75,28535,28518.75,28534.75,1791
2026-07-17 09:51:06.088,28534.75,28538.75,28518.5,28538.75,3248
2026-07-17 09:51:07.124,28538.75,28545,28526.75,28542.75,562
2026-07-17 09:51:22.768,28542.75,28543.5,28514.75,28514.75,3168
2026-07-17 09:52:07.652,28514.75,28542.75,28514,28542.75,7404
2026-07-17 09:52:08.940,28542.75,28546.75,28530.75,28546.75,436
2026-07-17 09:52:22.276,28546.75,28550.75,28534.75,28550.75,2490
2026-07-17 09:52:23.276,28550.75,28556,28538.75,28554.75,608
2026-07-17 09:52:30.024,28554.75,28558.75,28542.75,28558.75,1332
2026-07-17 09:52:31.200,28558.75,28562.75,28546.75,28562.75,469
2026-07-17 09:52:32.512,28562.75,28566.75,28550.75,28566.75,393
2026-07-17 09:53:15.048,28566.75,28570.75,28547.5,28570.75,7030
2026-07-17 09:53:19.284,28570.75,28576,28558.75,28574.75,1300
2026-07-17 09:53:27.660,28574.75,28578.75,28562.75,28578.75,1290
2026-07-17 09:53:29.080,28578.75,28582.75,28566.75,28582.75,382
2026-07-17 09:53:36.784,28582.75,28586.75,28570.75,28586.75,1373
2026-07-17 09:53:37.784,28586.75,28591.75,28574.75,28590.75,470
2026-07-17 09:54:01.464,28590.75,28594.75,28578.75,28594.75,4294
2026-07-17 09:54:02.468,28594.75,28603,28582.75,28598.75,950
2026-07-17 09:54:03.484,28598.75,28604.25,28586.75,28602.75,333
2026-07-17 09:54:09.524,28602.75,28606.75,28590.75,28606.75,1561
2026-07-17 09:54:14.420,28606.75,28611.25,28594.75,28610.75,1188
2026-07-17 09:55:03.748,28610.75,28612.25,28582.75,28582.75,8443
2026-07-17 09:55:04.760,28582.75,28594.75,28578.25,28578.75,526
2026-07-17 09:55:13.868,28578.75,28606.75,28578.25,28606.75,2413
2026-07-17 09:55:16.296,28606.75,28610.75,28594.75,28610.75,553
2026-07-17 09:55:21.540,28610.75,28614.75,28598.75,28614.75,1291
2026-07-17 09:55:25.028,28614.75,28618.75,28602.75,28618.75,774
2026-07-17 09:55:26.028,28618.75,28625,28606.75,28622.75,590
2026-07-17 09:55:28.048,28622.75,28626.75,28610.75,28626.75,643
2026-07-17 09:55:32.160,28626.75,28630.75,28614.75,28630.75,1007
2026-07-17 09:56:12.052,28630.75,28631.5,28602.75,28602.75,7209
2026-07-17 09:56:50.420,28602.75,28630.75,28602.25,28630.75,6327
2026-07-17 09:56:51.444,28630.75,28640.25,28618.75,28634.75,691
2026-07-17 09:57:12.364,28634.75,28638.75,28610,28638.75,3960
2026-07-17 09:57:13.368,28638.75,28646,28626.75,28642.75,450
2026-07-17 09:57:46.116,28642.75,28646.75,28621.75,28646.75,3869
2026-07-17 09:57:47.124,28646.75,28655.5,28634.75,28650.75,575
2026-07-17 09:58:04.124,28650.75,28655.75,28638.75,28654.75,2076
2026-07-17 09:58:14.492,28654.75,28658.75,28642.75,28658.75,941
2026-07-17 09:58:45.320,28658.75,28662.75,28646.75,28662.75,2658
2026-07-17 09:58:46.324,28662.75,28667.75,28650.75,28666.75,210
2026-07-17 09:58:52.428,28666.75,28670.75,28654.75,28670.75,901
2026-07-17 09:58:55.212,28670.75,28674.75,28658.75,28674.75,377
2026-07-17 09:59:02.156,28674.75,28678.75,28662.75,28678.75,1012
2026-07-17 10:00:03.768,28678.75,28682.75,28660.5,28682.75,6733
2026-07-17 10:00:04.768,28682.75,28697.5,28670.75,28694.75,1047
2026-07-17 10:00:05.768,28694.75,28700,28682.75,28698.75,416
2026-07-17 10:00:06.992,28698.75,28707,28686.75,28702.75,745
2026-07-17 10:00:14.396,28702.75,28706.75,28690.75,28706.75,1788
2026-07-17 10:00:18.248,28706.75,28707.75,28678.75,28678.75,1454
2026-07-17 10:00:41.760,28678.75,28706.75,28675.75,28706.75,4013
2026-07-17 10:00:42.784,28706.75,28713,28694.75,28710.75,458
2026-07-17 10:00:48.040,28710.75,28714.75,28698.75,28714.75,1187
2026-07-17 10:00:49.040,28714.75,28720,28702.75,28718.75,455
2026-07-17 10:00:50.584,28718.75,28724,28706.75,28722.75,647
2026-07-17 10:00:51.992,28722.75,28726.75,28710.75,28726.75,485
2026-07-17 10:00:52.992,28726.75,28732.5,28714.75,28730.75,348
2026-07-17 10:00:57.152,28730.75,28734.75,28718.75,28734.75,1074
2026-07-17 10:00:59.628,28734.75,28738.75,28722.75,28738.75,741
2026-07-17 10:01:06.204,28738.75,28742.75,28726.75,28742.75,2362
2026-07-17 10:01:13.708,28742.75,28746.75,28730.75,28746.75,1769
2026-07-17 10:01:56.980,28746.75,28748.25,28718.75,28718.75,8637
2026-07-17 10:02:11.952,28718.75,28746.75,28717.25,28746.75,3636
2026-07-17 10:02:13.764,28746.75,28751.75,28734.75,28750.75,992
2026-07-17 10:02:17.056,28750.75,28754.75,28738.75,28754.75,982
2026-07-17 10:02:19.060,28754.75,28759,28742.75,28758.75,618
2026-07-17 10:02:51.236,28758.75,28762.75,28744,28762.75,5699
2026-07-17 10:02:52.664,28762.75,28766.75,28750.75,28766.75,385
2026-07-17 10:03:08.128,28766.75,28770.75,28752.5,28770.75,3649
2026-07-17 10:03:09.388,28770.75,28776,28758.75,28774.75,563
2026-07-17 10:03:10.644,28774.75,28778.75,28762.75,28778.75,379
2026-07-17 10:03:24.052,28778.75,28782.75,28766.75,28782.75,2580
2026-07-17 10:03:38.984,28782.75,28783,28754.75,28754.75,3157
2026-07-17 10:03:40.760,28754.75,28766.75,28750,28750.75,678
2026-07-17 10:03:56.772,28750.75,28762.75,28746.75,28746.75,2972
2026-07-17 10:04:16.540,28746.75,28761.5,28742.75,28742.75,4256
2026-07-17 10:04:17.540,28742.75,28754.75,28736.5,28738.75,539
2026-07-17 10:04:19.096,28738.75,28750.75,28731.75,28734.75,821
2026-07-17 10:04:24.224,28734.75,28746.75,28730.75,28730.75,1260
2026-07-17 10:04:26.596,28730.75,28742.75,28726.75,28726.75,622
2026-07-17 10:04:29.784,28726.75,28738.75,28722.75,28722.75,785
2026-07-17 10:04:45.656,28722.75,28734.75,28718.75,28718.75,3001
2026-07-17 10:04:57.704,28718.75,28730.75,28714.75,28714.75,2297
2026-07-17 10:04:58.824,28714.75,28726.75,28710.75,28710.75,297
2026-07-17 10:05:02.740,28710.75,28738.75,28710.5,28738.75,1701
2026-07-17 10:05:05.748,28738.75,28743.25,28726.75,28742.75,865
2026-07-17 10:05:06.772,28742.75,28749.75,28730.75,28746.75,326
2026-07-17 10:05:07.772,28746.75,28752.75,28734.75,28750.75,387
2026-07-17 10:05:09.192,28750.75,28755.25,28738.75,28754.75,376
2026-07-17 10:05:10.192,28754.75,28766.25,28742.75,28758.75,553
2026-07-17 10:05:20.508,28758.75,28764,28746.75,28762.75,2469
2026-07-17 10:05:25.296,28762.75,28767.25,28750.75,28766.75,1009
2026-07-17 10:05:28.596,28766.75,28770.75,28754.75,28770.75,689
2026-07-17 10:05:39.008,28770.75,28778.25,28758.75,28774.75,1837
2026-07-17 10:05:40.060,28774.75,28778.75,28762.75,28778.75,227
2026-07-17 10:06:02.644,28778.75,28782.75,28762.25,28782.75,4121
2026-07-17 10:06:09.716,28782.75,28787,28769.75,28786.75,2028
2026-07-17 10:06:11.092,28786.75,28793,28774.75,28790.75,803
2026-07-17 10:06:14.884,28790.75,28794.75,28778.75,28794.75,1028
2026-07-17 10:06:26.812,28794.75,28798.75,28782.75,28798.75,2119
2026-07-17 10:06:30.868,28798.75,28802.75,28786.75,28802.75,1244
2026-07-17 10:06:32.460,28802.75,28806.75,28790.75,28806.75,450
2026-07-17 10:06:35.096,28806.75,28810.75,28794.75,28810.75,820
2026-07-17 10:08:08.276,28810.75,28813.25,28782.75,28782.75,14737
2026-07-17 10:08:44.572,28782.75,28810.75,28782,28810.75,4317
2026-07-17 10:09:44.048,28810.75,28814.75,28785.25,28814.75,8884
2026-07-17 10:10:05.292,28814.75,28818.75,28802.75,28818.75,3757
2026-07-17 10:10:08.156,28818.75,28822.75,28806.75,28822.75,1048
2026-07-17 10:10:14.716,28822.75,28826.75,28810.75,28826.75,1497
2026-07-17 10:10:22.692,28826.75,28830.75,28812.75,28830.75,1678
2026-07-17 10:10:28.664,28830.75,28834.75,28818.75,28834.75,1295
2026-07-17 10:10:31.988,28834.75,28838.75,28822.75,28838.75,1180
2026-07-17 10:10:42.472,28838.75,28842.75,28826.75,28842.75,1837
2026-07-17 10:10:43.612,28842.75,28846.75,28830.75,28846.75,342
2026-07-17 10:10:45.008,28846.75,28850.75,28834.75,28850.75,680
2026-07-17 10:10:53.328,28850.75,28854.75,28838.75,28854.75,1824
2026-07-17 10:10:55.708,28854.75,28859,28842.75,28858.75,507
2026-07-17 10:12:05.632,28858.75,28863,28830.75,28830.75,14042
2026-07-17 10:12:27.280,28830.75,28845,28826.75,28826.75,2877
2026-07-17 10:12:32.804,28826.75,28838.75,28822.75,28822.75,942
2026-07-17 10:12:39.312,28822.75,28834.75,28818.75,28818.75,1151
2026-07-17 10:12:42.732,28818.75,28830.75,28814.75,28814.75,748
2026-07-17 10:12:46.812,28814.75,28826.75,28810.75,28810.75,742
2026-07-17 10:12:48.940,28810.75,28822.75,28806.75,28806.75,604
2026-07-17 10:13:15.896,28806.75,28834.75,28803,28834.75,5946
2026-07-17 10:13:25.284,28834.75,28836,28806.75,28806.75,1742
2026-07-17 10:13:28.800,28806.75,28818.75,28802.75,28802.75,654
2026-07-17 10:13:37.496,28802.75,28814.75,28798.75,28798.75,1611
2026-07-17 10:14:10.164,28798.75,28816.75,28794.75,28794.75,5653
2026-07-17 10:14:13.128,28794.75,28806.75,28790.75,28790.75,726
2026-07-17 10:14:18.160,28790.75,28802.75,28786.75,28786.75,1073
2026-07-17 10:15:17.628,28786.75,28814.5,28782.75,28782.75,10899
2026-07-17 10:15:32.460,28782.75,28810.75,28778.75,28810.75,3767
2026-07-17 10:15:33.460,28810.75,28820,28798.75,28818.75,549
2026-07-17 10:15:35.100,28818.75,28822.75,28806.75,28822.75,548
2026-07-17 10:15:36.100,28822.75,28843,28810.75,28834.75,1259
2026-07-17 10:15:47.848,28834.75,28838.75,28822.75,28838.75,2453
2026-07-17 10:15:51.972,28838.75,28842.75,28826.75,28842.75,986
2026-07-17 10:15:53.000,28842.75,28848.75,28830.75,28846.75,284
2026-07-17 10:15:57.616,28846.75,28850.75,28834.75,28850.75,1107
2026-07-17 10:16:15.708,28850.75,28852.75,28822.75,28822.75,4177
2026-07-17 10:16:59.328,28822.75,28850.75,28819,28850.75,6496
2026-07-17 10:17:00.892,28850.75,28854.75,28838.75,28854.75,564
2026-07-17 10:17:02.456,28854.75,28858.75,28842.75,28858.75,545
2026-07-17 10:17:03.456,28858.75,28870.75,28846.75,28866.75,1102
2026-07-17 10:17:04.456,28866.75,28879.25,28854.75,28870.75,978
2026-07-17 10:17:06.452,28870.75,28875.75,28858.75,28874.75,657
2026-07-17 10:17:07.864,28874.75,28878.75,28862.75,28878.75,379
2026-07-17 10:17:09.392,28878.75,28882.75,28866.75,28882.75,505
2026-07-17 10:17:58.572,28882.75,28885.5,28854.75,28854.75,9555
2026-07-17 10:18:01.388,28854.75,28866.75,28850.75,28850.75,555
2026-07-17 10:18:11.452,28850.75,28864.5,28840.5,28846.75,2378
2026-07-17 10:18:13.376,28846.75,28858.75,28842.75,28842.75,447
2026-07-17 10:20:03.096,28842.75,28870.25,28838.75,28838.75,15185
2026-07-17 10:20:07.068,28838.75,28850.75,28834.75,28834.75,913
2026-07-17 10:20:13.052,28834.75,28862.75,28834.75,28862.75,1100
2026-07-17 10:20:51.092,28862.75,28865,28834.75,28834.75,4991
2026-07-17 10:20:58.544,28834.75,28846.75,28830.75,28830.75,1189
2026-07-17 10:21:00.252,28830.75,28842.75,28826.75,28826.75,419
2026-07-17 10:21:01.668,28826.75,28838.75,28822.75,28822.75,368
2026-07-17 10:21:03.024,28822.75,28834.75,28818.75,28818.75,556
2026-07-17 10:21:18.744,28818.75,28846.75,28815.5,28846.75,2934
2026-07-17 10:21:21.336,28846.75,28850.75,28834.75,28850.75,619
2026-07-17 10:21:55.296,28850.75,28854.75,28824,28854.75,5305
2026-07-17 10:22:01.744,28854.75,28858.75,28842.75,28858.75,954
2026-07-17 10:22:03.580,28858.75,28862.75,28846.75,28862.75,484
2026-07-17 10:22:04.588,28862.75,28868,28850.75,28866.75,350
2026-07-17 10:22:25.988,28866.75,28870.75,28838.75,28838.75,4385
2026-07-17 10:22:27.780,28838.75,28850.75,28833,28834.75,406
2026-07-17 10:22:28.956,28834.75,28846.75,28829,28830.75,245
2026-07-17 10:22:30.352,28830.75,28842.75,28826.75,28826.75,291
2026-07-17 10:23:20.916,28826.75,28854.25,28821,28822.75,6318
2026-07-17 10:23:37.828,28822.75,28850.75,28821,28850.75,2520
2026-07-17 10:23:40.380,28850.75,28856.75,28838.75,28854.75,695
2026-07-17 10:24:10.380,28854.75,28858.75,28834.75,28858.75,3739
2026-07-17 10:24:11.432,28858.75,28863,28846.75,28862.75,375
2026-07-17 10:24:12.432,28862.75,28874.5,28850.75,28870.75,630
2026-07-17 10:24:26.016,28870.75,28875.75,28858.75,28874.75,1965
2026-07-17 10:24:34.168,28874.75,28878.75,28862.75,28878.75,1262
2026-07-17 10:25:02.800,28878.75,28882.75,28856.25,28882.75,3420
2026-07-17 10:25:11.116,28882.75,28886.75,28870.75,28886.75,1536
2026-07-17 10:25:37.064,28886.75,28887.5,28858.75,28858.75,3443
2026-07-17 10:26:00.608,28858.75,28870.75,28854.75,28854.75,2724
2026-07-17 10:26:03.180,28854.75,28866.75,28850.75,28850.75,562
2026-07-17 10:26:04.912,28850.75,28862.75,28846.75,28846.75,369
2026-07-17 10:26:55.116,28846.75,28863,28842.75,28842.75,5335
2026-07-17 10:27:12.904,28842.75,28854.75,28838.75,28838.75,2913
2026-07-17 10:27:36.316,28838.75,28866.75,28837,28866.75,3487
2026-07-17 10:27:40.336,28866.75,28870.75,28854.75,28870.75,789
2026-07-17 10:27:41.480,28870.75,28880.75,28858.75,28874.75,618
2026-07-17 10:28:02.372,28874.75,28876.25,28846.75,28846.75,2064
2026-07-17 10:28:03.372,28846.75,28858.75,28837.5,28838.75,398
2026-07-17 10:28:05.332,28838.75,28850.75,28834.75,28834.75,454
2026-07-17 10:28:24.808,28834.75,28846.75,28830.75,28830.75,2442
2026-07-17 10:29:05.692,28830.75,28852.5,28826.75,28826.75,5107
2026-07-17 10:29:06.956,28826.75,28838.75,28822.75,28822.75,358
2026-07-17 10:29:08.576,28822.75,28834.75,28818.75,28818.75,379
2026-07-17 10:30:16.548,28818.75,28844,28814.75,28814.75,9843
2026-07-17 10:30:20.360,28814.75,28826.75,28810.75,28810.75,1001
2026-07-17 10:30:59.428,28810.75,28838.75,28807.5,28838.75,7247
2026-07-17 10:31:01.300,28838.75,28842.75,28826.75,28842.75,643
2026-07-17 10:31:02.372,28842.75,28850,28830.75,28846.75,712
2026-07-17 10:31:27.064,28846.75,28850.25,28818.75,28818.75,4188
2026-07-17 10:31:40.200,28818.75,28830.75,28814.75,28814.75,1827
2026-07-17 10:31:50.800,28814.75,28826.75,28810.75,28810.75,1289
2026-07-17 10:31:54.928,28810.75,28822.75,28806.75,28806.75,645
2026-07-17 10:31:55.932,28806.75,28818.75,28802,28802.75,374
2026-07-17 10:32:01.372,28802.75,28814.75,28798.75,28798.75,972
2026-07-17 10:32:08.592,28798.75,28810.75,28794.75,28794.75,1165
2026-07-17 10:32:38.396,28794.75,28816,28790.75,28790.75,4752
2026-07-17 10:32:39.876,28790.75,28802.75,28786.75,28786.75,558
2026-07-17 10:32:41.252,28786.75,28798.75,28782.75,28782.75,567
2026-07-17 10:32:43.180,28782.75,28794.75,28778.75,28778.75,471
2026-07-17 10:32:58.400,28778.75,28790.75,28774.75,28774.75,2705
2026-07-17 10:33:09.572,28774.75,28786.75,28770.75,28770.75,2045
2026-07-17 10:33:10.576,28770.75,28782.75,28766.75,28766.75,424
2026-07-17 10:33:17.508,28766.75,28778.75,28762.75,28762.75,1696
2026-07-17 10:33:40.116,28762.75,28790.75,28760.25,28790.75,4899
2026-07-17 10:34:05.508,28790.75,28794.75,28765.5,28794.75,4021
2026-07-17 10:34:15.232,28794.75,28798.75,28781,28798.75,1554
2026-07-17 10:34:17.508,28798.75,28802.75,28786.75,28802.75,551
2026-07-17 10:34:18.576,28802.75,28806.75,28790.75,28806.75,243
2026-07-17 10:34:35.044,28806.75,28810.75,28794,28810.75,2431
2026-07-17 10:34:36.512,28810.75,28814.75,28798.75,28814.75,341
2026-07-17 10:35:35.944,28814.75,28818.75,28788,28818.75,8672
2026-07-17 10:35:37.524,28818.75,28823.75,28806.75,28822.75,624
2026-07-17 10:35:45.528,28822.75,28826.75,28810.75,28826.75,1403
2026-07-17 10:35:47.672,28826.75,28830.75,28814.75,28830.75,462
2026-07-17 10:35:50.576,28830.75,28834.75,28818.75,28834.75,819
2026-07-17 10:35:52.528,28834.75,28838.75,28822.75,28838.75,520
2026-07-17 10:35:55.064,28838.75,28842.75,28826.75,28842.75,547
2026-07-17 10:36:02.980,28842.75,28846.75,28830.75,28846.75,1844
2026-07-17 10:36:03.980,28846.75,28859.5,28834.75,28854.75,866
2026-07-17 10:36:04.984,28854.75,28864.75,28842.75,28858.75,678
2026-07-17 10:36:05.984,28858.75,28866,28846.75,28862.75,322
2026-07-17 10:36:11.272,28862.75,28866.75,28850.75,28866.75,1146
2026-07-17 10:37:01.396,28866.75,28868,28838.75,28838.75,7337
2026-07-17 10:37:02.544,28838.75,28850.75,28834.75,28834.75,429
2026-07-17 10:37:03.580,28834.75,28846.75,28829.5,28830.75,333
2026-07-17 10:37:20.952,28830.75,28858.75,28829,28858.75,2603
2026-07-17 10:37:28.644,28858.75,28862.75,28846.75,28862.75,929
2026-07-17 10:37:30.156,28862.75,28866.75,28850.75,28866.75,230
2026-07-17 10:37:33.360,28866.75,28870.75,28854.75,28870.75,505
2026-07-17 10:38:16.896,28870.75,28874.75,28845.5,28874.75,5875
2026-07-17 10:38:17.916,28874.75,28885.75,28862.75,28878.75,708
2026-07-17 10:38:19.124,28878.75,28884.5,28866.75,28882.75,334
2026-07-17 10:38:33.828,28882.75,28885,28854.75,28854.75,2098
2026-07-17 10:38:57.756,28854.75,28873,28850.75,28850.75,3640
2026-07-17 10:39:30.484,28850.75,28878.75,28848.5,28878.75,4537
2026-07-17 10:39:31.492,28878.75,28894,28866.75,28886.75,1273
2026-07-17 10:39:59.112,28886.75,28890.75,28874.75,28890.75,2925
2026-07-17 10:40:07.932,28890.75,28895,28878.75,28894.75,1679
2026-07-17 10:40:36.116,28894.75,28896,28866.75,28866.75,3721
2026-07-17 10:41:10.192,28866.75,28885.5,28862.75,28862.75,4032
2026-07-17 10:41:16.448,28862.75,28874.75,28858.75,28858.75,710
2026-07-17 10:41:25.716,28858.75,28872.75,28854.75,28854.75,1323
2026-07-17 10:42:45.088,28854.75,28877.5,28850.75,28850.75,7961
2026-07-17 10:42:46.104,28850.75,28862.75,28846,28846.75,396
2026-07-17 10:42:48.780,28846.75,28858.75,28842.75,28842.75,478
2026-07-17 10:42:49.824,28842.75,28854.75,28836.5,28838.75,423
2026-07-17 10:42:51.884,28838.75,28850.75,28834.75,28834.75,380
2026-07-17 10:42:55.648,28834.75,28846.75,28830.75,28830.75,576
2026-07-17 10:43:03.260,28830.75,28842.75,28826.75,28826.75,1199
2026-07-17 10:43:25.884,28826.75,28838.75,28822.75,28822.75,2711
2026-07-17 10:43:35.452,28822.75,28834.75,28818.75,28818.75,1355
2026-07-17 10:43:41.376,28818.75,28830.75,28814.5,28814.75,935
2026-07-17 10:43:42.396,28814.75,28826.75,28805.5,28810.75,421
2026-07-17 10:43:43.508,28810.75,28822.75,28805.75,28806.75,191
2026-07-17 10:45:07.824,28806.75,28832.75,28802.75,28802.75,10135
2026-07-17 10:46:02.384,28802.75,28827.5,28798.75,28798.75,6713
2026-07-17 10:46:04.572,28798.75,28810.75,28794.75,28794.75,453
2026-07-17 10:46:06.680,28794.75,28806.75,28790.75,28790.75,416
2026-07-17 10:46:07.684,28790.75,28802.75,28786,28786.75,384
2026-07-17 10:46:21.088,28786.75,28798.75,28782.75,28782.75,1895
2026-07-17 10:46:27.740,28782.75,28794.75,28778.75,28778.75,1013
2026-07-17 10:46:34.904,28778.75,28790.75,28774.75,28774.75,1071
2026-07-17 10:46:36.012,28774.75,28786.75,28770.75,28770.75,268
2026-07-17 10:46:59.024,28770.75,28798.75,28768.75,28798.75,4107
2026-07-17 10:47:01.344,28798.75,28802.75,28786.75,28802.75,591
2026-07-17 10:47:02.800,28802.75,28808,28790.75,28806.75,464
2026-07-17 10:47:03.804,28806.75,28817.75,28794.75,28810.75,515
2026-07-17 10:47:04.816,28810.75,28821.5,28798.75,28818.75,475
2026-07-17 10:47:12.180,28818.75,28822.75,28806.75,28822.75,1777
2026-07-17 10:47:23.524,28822.75,28826.75,28810.75,28826.75,1590
2026-07-17 10:47:25.212,28826.75,28830.75,28814.75,28830.75,290
2026-07-17 10:47:26.268,28830.75,28837.25,28818.75,28834.75,469
2026-07-17 10:47:30.004,28834.75,28839.5,28822.75,28838.75,1019
2026-07-17 10:47:31.024,28838.75,28847.25,28826.75,28842.75,581
2026-07-17 10:47:32.044,28842.75,28854.25,28830.75,28850.75,436
2026-07-17 10:47:52.208,28850.75,28854.75,28835.75,28854.75,3118
2026-07-17 10:48:17.808,28854.75,28858.5,28826.75,28826.75,4078
2026-07-17 10:48:23.848,28826.75,28838.75,28822.75,28822.75,850
2026-07-17 10:48:35.144,28822.75,28834.75,28818.75,28818.75,1572
2026-07-17 10:48:36.372,28818.75,28830.75,28812.5,28814.75,450
2026-07-17 10:48:40.152,28814.75,28826.75,28810.75,28810.75,729
2026-07-17 10:48:41.784,28810.75,28822.75,28806.75,28806.75,312
2026-07-17 10:48:42.784,28806.75,28818.75,28799.5,28802.75,375
2026-07-17 10:49:06.176,28802.75,28814.75,28798.75,28798.75,2611
2026-07-17 10:49:52.112,28798.75,28818.5,28794.75,28794.75,4710
2026-07-17 10:49:53.112,28794.75,28806.75,28788.5,28790.75,403
2026-07-17 10:50:01.168,28790.75,28802.75,28786.75,28786.75,831
2026-07-17 10:50:03.124,28786.75,28798.75,28782.75,28782.75,444
2026-07-17 10:50:04.216,28782.75,28794.75,28778.75,28778.75,333
2026-07-17 10:50:43.808,28778.75,28806.75,28778.5,28806.75,4824
2026-07-17 10:51:42.192,28806.75,28807,28778.75,28778.75,5461
2026-07-17 10:51:44.664,28778.75,28790.75,28774.75,28774.75,357
2026-07-17 10:51:50.972,28774.75,28786.75,28770.75,28770.75,930
2026-07-17 10:51:56.488,28770.75,28782.75,28766.75,28766.75,985
2026-07-17 10:51:58.784,28766.75,28778.75,28762.75,28762.75,503
2026-07-17 10:52:29.600,28762.75,28790.75,28760,28790.75,4265
2026-07-17 10:52:38.688,28790.75,28794.75,28778.75,28794.75,899
2026-07-17 10:52:39.688,28794.75,28809.25,28782.75,28802.75,725
2026-07-17 10:52:40.688,28802.75,28813,28790.75,28810.75,361
2026-07-17 10:52:49.292,28810.75,28814.5,28782.75,28782.75,1483
2026-07-17 10:53:00.256,28782.75,28794.75,28778.75,28778.75,896
2026-07-17 10:53:07.064,28778.75,28790.75,28774.75,28774.75,722
2026-07-17 10:53:14.940,28774.75,28786.75,28770.75,28770.75,559
2026-07-17 10:53:16.132,28770.75,28782.75,28765.5,28766.75,224
2026-07-17 10:53:17.168,28766.75,28778.75,28761.25,28762.75,267
2026-07-17 10:54:00.096,28762.75,28778.5,28758.75,28758.75,3693
2026-07-17 10:54:09.292,28758.75,28771.75,28754.75,28754.75,1426
2026-07-17 10:54:37.404,28754.75,28766.75,28750.75,28750.75,3624
2026-07-17 10:55:14.020,28750.75,28778.75,28748.5,28778.75,4967
2026-07-17 10:55:40.644,28778.75,28782.75,28764.75,28782.75,2868
2026-07-17 10:55:41.660,28782.75,28793,28770.75,28790.75,501
2026-07-17 10:55:45.640,28790.75,28794.75,28778.75,28794.75,561
2026-07-17 10:55:46.648,28794.75,28804,28782.75,28802.75,350
2026-07-17 10:55:49.344,28802.75,28806.75,28790.75,28806.75,679
2026-07-17 10:56:10.804,28806.75,28809,28778.75,28778.75,3232
2026-07-17 10:56:11.808,28778.75,28790.75,28773.25,28774.75,302
2026-07-17 10:56:15.556,28774.75,28786.75,28770.75,28770.75,508
2026-07-17 10:56:27.136,28770.75,28782.75,28766.75,28766.75,1493
2026-07-17 10:56:32.716,28766.75,28778.75,28762.75,28762.75,616
2026-07-17 10:56:33.720,28762.75,28774.75,28757.5,28758.75,307
2026-07-17 10:56:44.504,28758.75,28770.75,28754.75,28754.75,972
2026-07-17 10:57:33.984,28754.75,28782.75,28751,28782.75,4796
2026-07-17 10:58:15.856,28782.75,28783.75,28754.75,28754.75,3614
2026-07-17 10:58:18.144,28754.75,28766.75,28750.75,28750.75,365
2026-07-17 10:58:20.688,28750.75,28762.75,28746.75,28746.75,550
2026-07-17 10:58:24.476,28746.75,28758.75,28742.75,28742.75,839
2026-07-17 10:58:30.644,28742.75,28754.75,28738.75,28738.75,1128
2026-07-17 10:58:35.736,28738.75,28750.75,28734.75,28734.75,831
2026-07-17 10:58:37.392,28734.75,28746.75,28730.75,28730.75,379
2026-07-17 10:58:44.532,28730.75,28742.75,28726.75,28726.75,974
2026-07-17 10:58:46.100,28726.75,28738.75,28722.75,28722.75,376
2026-07-17 11:00:28.408,28722.75,28742,28718.75,28718.75,12197
2026-07-17 11:00:31.860,28718.75,28730.75,28714.75,28714.75,740
2026-07-17 11:00:38.156,28714.75,28726.75,28710.75,28710.75,1134
2026-07-17 11:00:51.684,28710.75,28722.75,28706.75,28706.75,2154
2026-07-17 11:01:15.692,28706.75,28718.75,28702.75,28702.75,2517
2026-07-17 11:01:17.676,28702.75,28714.75,28698.75,28698.75,627
2026-07-17 11:01:25.296,28698.75,28710.75,28694.75,28694.75,1156
2026-07-17 11:01:34.116,28694.75,28706.75,28690.75,28690.75,1318
2026-07-17 11:01:35.160,28690.75,28702.75,28686.75,28686.75,371
2026-07-17 11:02:09.024,28686.75,28714.75,28686,28714.75,4378
2026-07-17 11:02:11.028,28714.75,28718.75,28702.75,28718.75,423
2026-07-17 11:02:16.560,28718.75,28726,28706.75,28722.75,1418
2026-07-17 11:04:14.732,28722.75,28727,28694.75,28694.75,10342
2026-07-17 11:04:38.652,28694.75,28707.75,28690.75,28690.75,1794
2026-07-17 11:04:46.816,28690.75,28702.75,28686.75,28686.75,751
2026-07-17 11:05:08.160,28686.75,28698.75,28682.75,28682.75,2627
2026-07-17 11:07:05.592,28682.75,28710.75,28680.25,28710.75,15189
2026-07-17 11:07:10.412,28710.75,28714.75,28698.75,28714.75,949
2026-07-17 11:07:37.920,28714.75,28714.75,28686.75,28686.75,2996
2026-07-17 11:07:38.972,28686.75,28698.75,28682.75,28682.75,297
2026-07-17 11:07:40.080,28682.75,28694.75,28678.75,28678.75,432
2026-07-17 11:08:10.688,28678.75,28706.75,28676.75,28706.75,4226
2026-07-17 11:08:20.608,28706.75,28710.75,28694.75,28710.75,1185
2026-07-17 11:08:26.208,28710.75,28714.75,28698.75,28714.75,793
2026-07-17 11:08:43.216,28714.75,28718.75,28702.75,28718.75,2191
2026-07-17 11:08:44.216,28718.75,28725.75,28706.75,28722.75,506
2026-07-17 11:09:00.832,28722.75,28726.75,28710.75,28726.75,2021
2026-07-17 11:09:01.840,28726.75,28730.75,28714.75,28730.75,444
2026-07-17 11:10:01.424,28730.75,28734.75,28706,28734.75,7223
2026-07-17 11:10:03.196,28734.75,28738.75,28722.75,28738.75,448
2026-07-17 11:10:05.412,28738.75,28742.75,28726.75,28742.75,710
2026-07-17 11:10:06.432,28742.75,28746.75,28730.75,28746.75,414
2026-07-17 11:10:07.944,28746.75,28750.75,28734.75,28750.75,545
2026-07-17 11:10:11.372,28750.75,28754.75,28738.75,28754.75,1083
2026-07-17 11:10:32.436,28754.75,28755.25,28726.75,28726.75,3738
2026-07-17 11:10:33.440,28726.75,28738.75,28720,28722.75,356
2026-07-17 11:10:34.612,28722.75,28734.75,28718.5,28718.75,215
2026-07-17 11:10:35.612,28718.75,28730.75,28714.5,28714.75,242
2026-07-17 11:10:38.380,28714.75,28726.75,28710.75,28710.75,648
2026-07-17 11:10:39.524,28710.75,28722.75,28706.75,28706.75,255
2026-07-17 11:10:41.392,28706.75,28718.75,28702.75,28702.75,511
2026-07-17 11:11:08.020,28702.75,28714.75,28698.75,28698.75,3621
2026-07-17 11:11:09.272,28698.75,28710.75,28694.75,28694.75,295
2026-07-17 11:11:17.132,28694.75,28706.75,28690.75,28690.75,1415
2026-07-17 11:11:32.356,28690.75,28718.75,28689.5,28718.75,2228
2026-07-17 11:12:26.608,28718.75,28722.75,28692.25,28722.75,5399
2026-07-17 11:12:28.080,28722.75,28726.75,28710.75,28726.75,269
2026-07-17 11:13:36.148,28726.75,28729.25,28698.75,28698.75,6593
2026-07-17 11:13:41.652,28698.75,28710.75,28694.75,28694.75,700
2026-07-17 11:13:46.200,28694.75,28706.75,28690.75,28690.75,658
2026-07-17 11:15:45.472,28690.75,28710.75,28686.75,28686.75,9469
2026-07-17 11:18:28.216,28686.75,28714.75,28685.75,28714.75,13183
2026-07-17 11:18:30.056,28714.75,28718.75,28702.75,28718.75,479
2026-07-17 11:18:49.416,28718.75,28722.75,28706.75,28722.75,1884
2026-07-17 11:19:06.672,28722.75,28726.75,28710.75,28726.75,1699
2026-07-17 11:19:07.676,28726.75,28734.25,28714.75,28730.75,610
2026-07-17 11:19:10.104,28730.75,28734.75,28718.75,28734.75,349
2026-07-17 11:19:11.700,28734.75,28738.75,28722.75,28738.75,273
2026-07-17 11:19:12.936,28738.75,28744,28726.75,28742.75,346
2026-07-17 11:19:14.584,28742.75,28746.75,28730.75,28746.75,288
2026-07-17 11:19:54.264,28746.75,28747.5,28718.75,28718.75,4202
2026-07-17 11:20:05.884,28718.75,28730.75,28714.75,28714.75,1227
2026-07-17 11:20:16.900,28714.75,28726.75,28710.75,28710.75,1213
2026-07-17 11:20:19.560,28710.75,28722.75,28706.75,28706.75,294
2026-07-17 11:20:24.232,28706.75,28718.75,28702.75,28702.75,599
2026-07-17 11:20:25.740,28702.75,28714.75,28698.75,28698.75,285
2026-07-17 11:20:26.752,28698.75,28710.75,28694.75,28694.75,300
2026-07-17 11:20:27.768,28694.75,28706.75,28690,28690.75,379
2026-07-17 11:20:58.792,28690.75,28718.75,28688.25,28718.75,3677
2026-07-17 11:20:59.812,28718.75,28725.25,28706.75,28722.75,355
2026-07-17 11:21:28.128,28722.75,28726.75,28710,28726.75,2893
2026-07-17 11:21:29.128,28726.75,28731.25,28714.75,28730.75,202
2026-07-17 11:22:22.436,28730.75,28734.75,28704.5,28734.75,5186
2026-07-17 11:22:28.996,28734.75,28738.75,28722.75,28738.75,847
2026-07-17 11:22:30.376,28738.75,28742.75,28726.75,28742.75,240
2026-07-17 11:23:20.900,28742.75,28742.75,28714.75,28714.75,5775
2026-07-17 11:23:24.004,28714.75,28726.75,28710.75,28710.75,571
2026-07-17 11:23:25.124,28710.75,28722.75,28706.75,28706.75,259
2026-07-17 11:23:26.356,28706.75,28718.75,28702.75,28702.75,257
2026-07-17 11:23:27.384,28702.75,28714.75,28698.75,28698.75,246
2026-07-17 11:23:30.052,28698.75,28710.75,28694.75,28694.75,569
2026-07-17 11:24:01.044,28694.75,28706.75,28690.75,28690.75,2991
2026-07-17 11:24:02.064,28690.75,28702.75,28686.5,28686.75,349
2026-07-17 11:24:03.084,28686.75,28698.75,28681.5,28682.75,412
2026-07-17 11:24:08.136,28682.75,28694.75,28678.75,28678.75,958
2026-07-17 11:24:09.216,28678.75,28690.75,28672.75,28674.75,825
2026-07-17 11:25:04.220,28674.75,28702.75,28672,28702.75,6185
2026-07-17 11:25:05.844,28702.75,28706.75,28690.75,28706.75,470
2026-07-17 11:25:31.724,28706.75,28712.75,28694.75,28710.75,3580
2026-07-17 11:25:32.912,28710.75,28714.75,28698.75,28714.75,167
2026-07-17 11:25:34.276,28714.75,28718.75,28702.75,28718.75,352
2026-07-17 11:26:12.240,28718.75,28722.75,28701.75,28722.75,4035
2026-07-17 11:26:17.088,28722.75,28727,28710.75,28726.75,934
2026-07-17 11:27:00.804,28726.75,28730.75,28710,28730.75,3659
2026-07-17 11:27:01.892,28730.75,28735.75,28718.75,28734.75,459
2026-07-17 11:28:22.864,28734.75,28738.75,28711.75,28738.75,7568
2026-07-17 11:28:24.156,28738.75,28742.75,28726.75,28742.75,425
2026-07-17 11:29:23.284,28742.75,28746.75,28723,28746.75,5208
2026-07-17 11:29:30.972,28746.75,28750.75,28734.75,28750.75,756
2026-07-17 11:29:32.540,28750.75,28755.5,28738.75,28754.75,701
2026-07-17 11:29:40.232,28754.75,28758.75,28742.75,28758.75,1268
2026-07-17 11:30:09.636,28758.75,28762.75,28740.25,28762.75,4473
2026-07-17 11:30:30.964,28762.75,28766.75,28750.75,28766.75,2618
2026-07-17 11:30:32.960,28766.75,28770.75,28754.75,28770.75,466
2026-07-17 11:30:35.544,28770.75,28774.75,28758.75,28774.75,443
2026-07-17 11:30:37.232,28774.75,28778.75,28762.75,28778.75,482
2026-07-17 11:31:14.340,28778.75,28778.75,28750.75,28750.75,5145
2026-07-17 11:32:10.476,28750.75,28768.5,28746.75,28746.75,5992
2026-07-17 11:32:11.480,28746.75,28758.75,28718.5,28726.75,1334
2026-07-17 11:32:32.220,28726.75,28754.75,28717.25,28754.75,3703
2026-07-17 11:32:33.232,28754.75,28764.25,28742.75,28758.75,727
2026-07-17 11:32:34.884,28758.75,28764.25,28746.75,28762.75,362
2026-07-17 11:32:45.488,28762.75,28766.75,28750.75,28766.75,991
2026-07-17 11:32:48.860,28766.75,28770.75,28754.75,28770.75,362
2026-07-17 11:33:01.548,28770.75,28774.75,28758.75,28774.75,841
2026-07-17 11:33:02.944,28774.75,28778.75,28762.75,28778.75,230
2026-07-17 11:33:08.272,28778.75,28783,28766.75,28782.75,960
2026-07-17 11:33:13.016,28782.75,28786.75,28770.75,28786.75,562
2026-07-17 11:33:44.688,28786.75,28790.75,28774.25,28790.75,2772
2026-07-17 11:34:24.540,28790.75,28790.75,28762.75,28762.75,3542
2026-07-17 11:34:25.612,28762.75,28774.75,28758,28758.75,285
2026-07-17 11:34:28.424,28758.75,28770.75,28754.75,28754.75,459
2026-07-17 11:34:48.080,28754.75,28766.75,28750.75,28750.75,1761
2026-07-17 11:34:49.212,28750.75,28762.75,28746.75,28746.75,179
2026-07-17 11:35:03.452,28746.75,28758.75,28742.75,28742.75,1389
2026-07-17 11:35:16.080,28742.75,28754.75,28738.75,28738.75,1336
2026-07-17 11:35:18.128,28738.75,28750.75,28734.75,28734.75,334
2026-07-17 11:35:19.128,28734.75,28746.75,28727,28730.75,384
2026-07-17 11:35:22.604,28730.75,28742.75,28726.75,28726.75,546
2026-07-17 11:36:02.680,28726.75,28754.75,28725.5,28754.75,4132
2026-07-17 11:36:03.692,28754.75,28764.25,28742.75,28758.75,409
2026-07-17 11:36:06.020,28758.75,28763,28746.75,28762.75,273
2026-07-17 11:36:11.504,28762.75,28766.75,28750.75,28766.75,640
2026-07-17 11:36:24.848,28766.75,28770.75,28753,28770.75,1808
2026-07-17 11:36:28.488,28770.75,28774.75,28758.75,28774.75,434
2026-07-17 11:36:33.116,28774.75,28778.75,28762.75,28778.75,520
2026-07-17 11:37:02.328,28778.75,28782.75,28766.75,28782.75,2687
2026-07-17 11:37:17.004,28782.75,28786.75,28770.75,28786.75,1565
2026-07-17 11:37:19.900,28786.75,28790.75,28774.75,28790.75,458
2026-07-17 11:37:21.164,28790.75,28794.75,28778.75,28794.75,319
2026-07-17 11:37:22.164,28794.75,28799.75,28782.75,28798.75,405
2026-07-17 11:37:23.956,28798.75,28802.75,28786.75,28802.75,383
2026-07-17 11:37:33.304,28802.75,28806.75,28790.75,28806.75,1170
2026-07-17 11:38:02.308,28806.75,28808.75,28778.75,28778.75,3496
2026-07-17 11:38:15.656,28778.75,28806.75,28778.25,28806.75,1609
2026-07-17 11:38:17.880,28806.75,28810.75,28794.75,28810.75,445
2026-07-17 11:38:24.688,28810.75,28814.75,28798.75,28814.75,968
2026-07-17 11:38:32.872,28814.75,28818.75,28802.75,28818.75,1105
2026-07-17 11:38:49.220,28818.75,28822.75,28806.75,28822.75,1478
2026-07-17 11:38:53.484,28822.75,28826.75,28810.75,28826.75,497
2026-07-17 11:38:55.688,28826.75,28830.75,28814.75,28830.75,303
2026-07-17 11:40:16.692,28830.75,28834.75,28812.25,28834.75,7451
2026-07-17 11:40:25.552,28834.75,28838.75,28822.75,28838.75,789
2026-07-17 11:40:26.792,28838.75,28842.75,28826.75,28842.75,305
2026-07-17 11:41:01.336,28842.75,28843.5,28814.75,28814.75,4189
2026-07-17 11:41:02.348,28814.75,28826.75,28806.75,28810.75,526
2026-07-17 11:41:03.544,28810.75,28822.75,28806,28806.75,513
2026-07-17 11:41:09.860,28806.75,28818.75,28802.75,28802.75,901
2026-07-17 11:41:29.168,28802.75,28814.75,28798.75,28798.75,1994
2026-07-17 11:41:30.200,28798.75,28810.75,28794,28794.75,244
2026-07-17 11:41:31.200,28794.75,28806.75,28789,28790.75,331
2026-07-17 11:41:36.880,28790.75,28802.75,28786.75,28786.75,782
2026-07-17 11:42:36.008,28786.75,28803.25,28782.75,28782.75,5288
2026-07-17 11:42:37.012,28782.75,28794.75,28773.5,28774.75,628
2026-07-17 11:43:40.328,28774.75,28799.5,28770.75,28770.75,5304
2026-07-17 11:43:42.660,28770.75,28782.75,28766.75,28766.75,442
2026-07-17 11:44:33.248,28766.75,28794.75,28765.25,28794.75,4372
2026-07-17 11:44:34.904,28794.75,28798.75,28782.75,28798.75,302
2026-07-17 11:44:39.316,28798.75,28802.75,28786.75,28802.75,541
2026-07-17 11:44:49.052,28802.75,28806.75,28790.75,28806.75,917
2026-07-17 11:46:58.996,28806.75,28810.75,28781.25,28810.75,11867
2026-07-17 11:47:00.392,28810.75,28814.75,28798.75,28814.75,284
2026-07-17 11:47:03.052,28814.75,28818.75,28802.75,28818.75,459
2026-07-17 11:48:15.324,28818.75,28822.75,28804,28822.75,6238
2026-07-17 11:48:17.864,28822.75,28826.75,28810.75,28826.75,394
2026-07-17 11:50:08.824,28826.75,28830.75,28804,28830.75,7443
2026-07-17 11:50:58.000,28830.75,28832.75,28802.75,28802.75,3819
2026-07-17 11:51:42.180,28802.75,28830.75,28802,28830.75,3189
2026-07-17 11:51:44.448,28830.75,28834.75,28818.75,28834.75,334
2026-07-17 11:53:11.784,28834.75,28838.75,28818,28838.75,6443
2026-07-17 11:53:17.408,28838.75,28842.75,28826.75,28842.75,643
2026-07-17 11:53:33.776,28842.75,28846.75,28830.75,28846.75,1532
2026-07-17 11:53:50.144,28846.75,28850.75,28834.75,28850.75,1348
2026-07-17 11:54:06.896,28850.75,28854.75,28838.75,28854.75,1601
2026-07-17 11:54:13.160,28854.75,28858.75,28842.75,28858.75,748
2026-07-17 11:54:15.220,28858.75,28862.75,28846.75,28862.75,602
2026-07-17 11:54:25.780,28862.75,28866.75,28850.75,28866.75,1422
2026-07-17 11:54:31.712,28866.75,28870.75,28854.75,28870.75,664
2026-07-17 11:54:33.104,28870.75,28874.75,28858.75,28874.75,278
2026-07-17 11:54:55.704,28874.75,28878.75,28862.75,28878.75,1770
2026-07-17 11:54:57.048,28878.75,28882.75,28866.75,28882.75,493
2026-07-17 11:55:03.304,28882.75,28886.75,28870.75,28886.75,955
2026-07-17 11:55:21.452,28886.75,28890.75,28874.75,28890.75,2126
2026-07-17 11:55:35.800,28890.75,28894.75,28878.75,28894.75,1363
2026-07-17 11:55:43.576,28894.75,28899,28882.75,28898.75,1178
2026-07-17 11:55:57.024,28898.75,28902.75,28886.75,28902.75,1517
2026-07-17 11:55:58.032,28902.75,28907.5,28890.75,28906.75,317
2026-07-17 11:55:59.904,28906.75,28910.75,28894.75,28910.75,507
2026-07-17 11:56:02.860,28910.75,28914.75,28898.75,28914.75,872
2026-07-17 11:56:13.144,28914.75,28918.75,28902.75,28918.75,1359
2026-07-17 11:56:14.720,28918.75,28922.75,28906.75,28922.75,458
2026-07-17 11:58:57.368,28922.75,28926.75,28907.5,28926.75,14679
2026-07-17 11:59:00.148,28926.75,28930.75,28914.75,28930.75,414
2026-07-17 11:59:02.472,28930.75,28934.75,28918.75,28934.75,587
2026-07-17 11:59:03.476,28934.75,28940.25,28922.75,28938.75,481
2026-07-17 11:59:05.040,28938.75,28943.25,28926.75,28942.75,456
2026-07-17 11:59:17.092,28942.75,28946.75,28930.75,28946.75,1589
2026-07-17 12:00:23.212,28946.75,28950.75,28928,28950.75,7715
2026-07-17 12:00:25.268,28950.75,28954.75,28938.75,28954.75,565
2026-07-17 12:01:12.684,28954.75,28956,28926.75,28926.75,6006
2026-07-17 12:01:13.684,28926.75,28945.25,28889.5,28898.75,2833
2026-07-17 12:01:14.688,28898.75,28910.75,28890.75,28894.75,690
2026-07-17 12:01:55.804,28894.75,28920.75,28890.75,28890.75,9531
2026-07-17 12:01:56.812,28890.75,28902.75,28884.75,28886.75,311
2026-07-17 12:02:15.848,28886.75,28906,28882.75,28882.75,2752
2026-07-17 12:02:49.644,28882.75,28906.25,28878.75,28878.75,4236
2026-07-17 12:03:03.432,28878.75,28890.75,28874.75,28874.75,1762
2026-07-17 12:03:04.432,28874.75,28886.75,28866.25,28866.75,540
2026-07-17 12:03:08.200,28866.75,28878.75,28862.75,28862.75,829
2026-07-17 12:03:09.212,28862.75,28874.75,28858,28858.75,203
2026-07-17 12:06:18.668,28858.75,28886.5,28854.75,28854.75,16622
2026-07-17 12:07:10.080,28854.75,28882.75,28851,28882.75,4224
2026-07-17 12:07:34.132,28882.75,28883,28854.75,28854.75,2314
2026-07-17 12:07:42.664,28854.75,28866.75,28850.75,28850.75,962
2026-07-17 12:07:44.200,28850.75,28862.75,28846.75,28846.75,429
2026-07-17 12:08:54.620,28846.75,28874.75,28845.5,28874.75,5036
2026-07-17 12:09:10.060,28874.75,28878.75,28862.75,28878.75,1268
2026-07-17 12:09:19.432,28878.75,28882.75,28866.75,28882.75,915
2026-07-17 12:09:20.436,28882.75,28888.75,28870.75,28886.75,308
2026-07-17 12:09:24.216,28886.75,28891.5,28874.75,28890.75,613
2026-07-17 12:09:29.064,28890.75,28894.75,28878.75,28894.75,563
2026-07-17 12:09:32.560,28894.75,28898.75,28882.75,28898.75,428
2026-07-17 12:09:34.416,28898.75,28902.75,28886.75,28902.75,419
2026-07-17 12:09:36.192,28902.75,28906.75,28890.75,28906.75,371
2026-07-17 12:09:40.288,28906.75,28910.75,28894.75,28910.75,740
2026-07-17 12:09:44.824,28910.75,28914.75,28898.75,28914.75,589
2026-07-17 12:10:01.516,28914.75,28918.75,28902.75,28918.75,1585
2026-07-17 12:10:06.628,28918.75,28922.75,28906.75,28922.75,568
2026-07-17 12:10:09.276,28922.75,28926.75,28910.75,28926.75,374
2026-07-17 12:10:12.628,28926.75,28930.75,28914.75,28930.75,554
2026-07-17 12:10:15.280,28930.75,28935.5,28918.75,28934.75,521
2026-07-17 12:10:17.340,28934.75,28939.75,28922.75,28938.75,398
2026-07-17 12:10:21.272,28938.75,28942.75,28926.75,28942.75,517
2026-07-17 12:11:26.492,28942.75,28944.5,28914.75,28914.75,6255
2026-07-17 12:11:57.992,28914.75,28926.75,28910.75,28910.75,2425
2026-07-17 12:11:59.004,28910.75,28922.75,28906,28906.75,228
2026-07-17 12:12:00.032,28906.75,28918.75,28902.75,28902.75,177
2026-07-17 12:12:01.544,28902.75,28914.75,28898.75,28898.75,458
2026-07-17 12:13:11.068,28898.75,28926.75,28896.5,28926.75,5150
2026-07-17 12:13:22.332,28926.75,28930.75,28914.75,28930.75,814
2026-07-17 12:13:35.660,28930.75,28934.75,28918.75,28934.75,887
2026-07-17 12:14:11.580,28934.75,28938.75,28922.75,28938.75,1934
2026-07-17 12:15:01.368,28938.75,28942.75,28926.75,28942.75,3109
2026-07-17 12:15:06.072,28942.75,28946.75,28930.75,28946.75,560
2026-07-17 12:16:04.040,28946.75,28950.75,28925.5,28950.75,4305
2026-07-17 12:17:16.412,28950.75,28954.75,28924.5,28954.75,5860
2026-07-17 12:21:03.200,28954.75,28960,28926.75,28926.75,13864
2026-07-17 12:21:07.312,28926.75,28938.75,28922.75,28922.75,407
2026-07-17 12:21:08.340,28922.75,28934.75,28916.25,28918.75,361
2026-07-17 12:21:12.184,28918.75,28930.75,28914.75,28914.75,646
2026-07-17 12:21:27.664,28914.75,28926.75,28910.75,28910.75,1211
2026-07-17 12:21:37.164,28910.75,28922.75,28906.75,28906.75,588
2026-07-17 12:21:39.808,28906.75,28918.75,28902.75,28902.75,294
2026-07-17 12:21:52.704,28902.75,28914.75,28898.75,28898.75,955
2026-07-17 12:21:58.348,28898.75,28910.75,28894.75,28894.75,358
2026-07-17 12:22:24.684,28894.75,28906.75,28890.75,28890.75,2179
2026-07-17 12:22:25.848,28890.75,28902.75,28886.75,28886.75,152
2026-07-17 12:22:28.068,28886.75,28898.75,28882.75,28882.75,284
2026-07-17 12:22:29.932,28882.75,28894.75,28878.75,28878.75,306
2026-07-17 12:23:01.076,28878.75,28890.75,28874.75,28874.75,2187
2026-07-17 12:23:02.764,28874.75,28886.75,28870.75,28870.75,307
2026-07-17 12:23:26.208,28870.75,28882.75,28866.75,28866.75,1535
2026-07-17 12:25:02.404,28866.75,28889.5,28862.75,28862.75,6075
2026-07-17 12:25:48.416,28862.75,28890.75,28860,28890.75,3481
2026-07-17 12:26:47.140,28890.75,28894.75,28870.25,28894.75,3910
2026-07-17 12:27:01.204,28894.75,28898.75,28882.75,28898.75,1183
2026-07-17 12:27:02.204,28898.75,28905,28886.75,28902.75,274
2026-07-17 12:27:06.156,28902.75,28909,28890.75,28906.75,567
2026-07-17 12:27:13.076,28906.75,28910.75,28894.75,28910.75,614
2026-07-17 12:27:16.068,28910.75,28914.75,28898.75,28914.75,429
2026-07-17 12:27:17.896,28914.75,28918.75,28902.75,28918.75,241
2026-07-17 12:27:19.208,28918.75,28922.75,28906.75,28922.75,252
2026-07-17 12:27:21.436,28922.75,28926.75,28910.75,28926.75,308
2026-07-17 12:27:28.212,28926.75,28930.75,28914.75,28930.75,951
2026-07-17 12:27:29.212,28930.75,28935.25,28918.75,28934.75,199
2026-07-17 12:27:30.212,28934.75,28939.25,28922.75,28938.75,356
2026-07-17 12:27:38.144,28938.75,28942.75,28926.75,28942.75,1277
2026-07-17 12:29:54.580,28942.75,28943,28914.75,28914.75,8220
2026-07-17 12:30:00.768,28914.75,28926.75,28910.75,28910.75,721
2026-07-17 12:30:43.460,28910.75,28931,28906.75,28906.75,2847
2026-07-17 12:30:44.464,28906.75,28918.75,28902.75,28902.75,212
2026-07-17 12:30:46.064,28902.75,28914.75,28898.75,28898.75,385
2026-07-17 12:30:48.480,28898.75,28910.75,28894.75,28894.75,657
2026-07-17 12:30:49.480,28894.75,28906.75,28889,28890.75,281
2026-07-17 12:31:19.020,28890.75,28902.75,28886.75,28886.75,2963
2026-07-17 12:33:03.364,28886.75,28914.75,28885.25,28914.75,5851
2026-07-17 12:33:57.576,28914.75,28918.75,28896.75,28918.75,2934
2026-07-17 12:35:21.568,28918.75,28922.75,28901,28922.75,3743
2026-07-17 12:35:47.172,28922.75,28926.75,28910.75,28926.75,1117
2026-07-17 12:36:33.924,28926.75,28930.75,28907.75,28930.75,2853
2026-07-17 12:39:04.524,28930.75,28934.75,28910.75,28934.75,6984
2026-07-17 12:39:06.896,28934.75,28938.75,28922.75,28938.75,368
2026-07-17 12:40:34.232,28938.75,28941,28910.75,28910.75,4878
2026-07-17 12:40:38.252,28910.75,28922.75,28906.75,28906.75,413
2026-07-17 12:40:53.040,28906.75,28918.75,28902.75,28902.75,746
2026-07-17 12:42:11.152,28902.75,28930.75,28902,28930.75,3685
2026-07-17 12:42:17.204,28930.75,28934.75,28918.75,28934.75,316
2026-07-17 12:43:06.996,28934.75,28938.75,28922.75,28938.75,2289
2026-07-17 12:43:10.544,28938.75,28942.75,28926.75,28942.75,330
2026-07-17 12:43:14.400,28942.75,28946.75,28930.75,28946.75,482
2026-07-17 12:43:18.092,28946.75,28950.75,28934.75,28950.75,541
2026-07-17 12:43:26.836,28950.75,28954.75,28938.75,28954.75,733
2026-07-17 12:43:27.844,28954.75,28964.25,28942.75,28958.75,682
2026-07-17 12:43:28.988,28958.75,28962.75,28946.75,28962.75,298
2026-07-17 12:43:30.036,28962.75,28969.25,28950.75,28966.75,716
2026-07-17 12:44:59.124,28966.75,28970.75,28939,28970.75,6695
2026-07-17 12:45:08.188,28970.75,28974.75,28958.75,28974.75,1258
2026-07-17 12:47:24.996,28974.75,28978.75,28962,28978.75,6816
2026-07-17 12:47:37.260,28978.75,28982.75,28966.75,28982.75,781
2026-07-17 12:47:38.260,28982.75,28988.25,28970.75,28986.75,284
2026-07-17 12:47:47.660,28986.75,28990.75,28974.75,28990.75,909
2026-07-17 12:48:03.836,28990.75,28994.75,28978.75,28994.75,1519
2026-07-17 12:48:05.660,28994.75,28998.75,28982.75,28998.75,422
2026-07-17 12:49:00.500,28998.75,29002.75,28986,29002.75,4660
2026-07-17 12:50:04.664,29002.75,29006.75,28990,29006.75,4205
2026-07-17 12:51:27.512,29006.75,29010.75,28983,29010.75,5932
2026-07-17 12:51:28.524,29010.75,29021.75,28998.75,29014.75,984
2026-07-17 12:51:31.888,29014.75,29018.75,29002.75,29018.75,608
2026-07-17 12:51:32.984,29018.75,29024.5,29006.75,29022.75,263
2026-07-17 12:52:02.328,29022.75,29026.75,29010.75,29026.75,2758
2026-07-17 12:54:02.760,29026.75,29028.75,28998.75,28998.75,7532
2026-07-17 12:55:40.760,28998.75,29019.5,28994.75,28994.75,5136
2026-07-17 12:55:53.340,28994.75,29006.75,28990.75,28990.75,892
2026-07-17 12:56:06.900,28990.75,29002.75,28986.75,28986.75,1272
2026-07-17 12:56:07.912,28986.75,28998.75,28982.25,28982.75,241
2026-07-17 12:56:09.040,28982.75,28994.75,28978.75,28978.75,250
2026-07-17 12:56:18.272,28978.75,28990.75,28974.75,28974.75,893
2026-07-17 12:56:22.568,28974.75,28986.75,28970.75,28970.75,397
2026-07-17 12:57:22.384,28970.75,28986,28966.75,28966.75,3410
2026-07-17 12:58:28.484,28966.75,28978.75,28962.75,28962.75,2939
2026-07-17 13:00:23.572,28962.75,28990.75,28961,28990.75,6675
2026-07-17 13:00:34.832,28990.75,28994.75,28978.75,28994.75,877
2026-07-17 13:00:40.860,28994.75,28998.75,28982.75,28998.75,627
2026-07-17 13:00:41.908,28998.75,29003.25,28986.75,29002.75,227
2026-07-17 13:00:47.868,29002.75,29006.75,28990.75,29006.75,672
2026-07-17 13:00:51.628,29006.75,29010.75,28994.75,29010.75,419
2026-07-17 13:00:58.204,29010.75,29014.75,28998.75,29014.75,545
2026-07-17 13:01:04.236,29014.75,29018.75,29002.75,29018.75,914
2026-07-17 13:01:21.780,29018.75,29022.75,29006.75,29022.75,1697
2026-07-17 13:01:22.804,29022.75,29027.25,29010.75,29026.75,568
2026-07-17 13:01:23.884,29026.75,29033.75,29014.75,29030.75,696
2026-07-17 13:02:32.688,29030.75,29034,29002.75,29002.75,5865
2026-07-17 13:02:33.688,29002.75,29014.75,28997.75,28998.75,181
2026-07-17 13:02:45.552,28998.75,29010.75,28994.75,28994.75,849
2026-07-17 13:06:37.768,28994.75,29022.75,28993.25,29022.75,10375
2026-07-17 13:06:40.820,29022.75,29026.75,29010.75,29026.75,302
2026-07-17 13:07:02.536,29026.75,29030.75,29014.75,29030.75,1183
2026-07-17 13:07:21.928,29030.75,29034.75,29018.75,29034.75,1298
2026-07-17 13:08:23.952,29034.75,29038.75,29022.75,29038.75,3311
2026-07-17 13:10:50.128,29038.75,29042.75,29017.25,29042.75,7237
2026-07-17 13:11:05.136,29042.75,29046.75,29030.75,29046.75,893
2026-07-17 13:13:08.832,29046.75,29047,29018.75,29018.75,6534
2026-07-17 13:13:15.732,29018.75,29030.75,29014.75,29014.75,428
2026-07-17 13:13:58.744,29014.75,29026.75,29010.75,29010.75,2078
2026-07-17 13:14:03.880,29010.75,29022.75,29006.75,29006.75,338
2026-07-17 13:14:40.600,29006.75,29018.75,29002.75,29002.75,1729
2026-07-17 13:14:44.116,29002.75,29014.75,28998.75,28998.75,357
2026-07-17 13:14:58.924,28998.75,29010.75,28994.75,28994.75,1157
2026-07-17 13:15:02.944,28994.75,29006.75,28990.75,28990.75,484
2026-07-17 13:16:05.092,28990.75,29018.75,28987,29018.75,5537
2026-07-17 13:16:12.780,29018.75,29022.75,29006.75,29022.75,558
2026-07-17 13:16:16.960,29022.75,29026.75,29010.75,29026.75,377
2026-07-17 13:16:25.028,29026.75,29030.75,29014.75,29030.75,715
2026-07-17 13:16:37.608,29030.75,29034.75,29018.75,29034.75,661
2026-07-17 13:17:11.464,29034.75,29038.75,29022.75,29038.75,2159
2026-07-17 13:17:20.548,29038.75,29042.75,29026.75,29042.75,649
2026-07-17 13:19:06.068,29042.75,29042.75,29014.75,29014.75,5145
2026-07-17 13:19:18.384,29014.75,29026.75,29010.75,29010.75,585
2026-07-17 13:19:21.844,29010.75,29022.75,29006.75,29006.75,307
2026-07-17 13:19:37.628,29006.75,29018.75,29002.75,29002.75,837
2026-07-17 13:20:00.748,29002.75,29014.75,28998.75,28998.75,1178
2026-07-17 13:20:06.136,28998.75,29010.75,28994.75,28994.75,354
2026-07-17 13:20:09.288,28994.75,29006.75,28990.75,28990.75,364
2026-07-17 13:20:10.368,28990.75,29002.75,28986.75,28986.75,230
2026-07-17 13:20:29.096,28986.75,28998.75,28982.75,28982.75,1376
2026-07-17 13:26:00.180,28982.75,29010.75,28979.25,29010.75,18205
2026-07-17 13:26:02.204,29010.75,29014.75,28998.75,29014.75,498
2026-07-17 13:26:07.440,29014.75,29018.75,29002.75,29018.75,599
2026-07-17 13:26:14.644,29018.75,29022.75,29006.75,29022.75,743
2026-07-17 13:26:18.388,29022.75,29026.75,29010.75,29026.75,354
2026-07-17 13:26:21.372,29026.75,29030.75,29014.75,29030.75,369
2026-07-17 13:27:02.584,29030.75,29034.75,29018.75,29034.75,2508
2026-07-17 13:28:07.840,29034.75,29038.75,29022.75,29038.75,2925
2026-07-17 13:35:09.616,29038.75,29042.5,29010.75,29010.75,16182
2026-07-17 13:35:13.704,29010.75,29022.75,29006.75,29006.75,446
2026-07-17 13:35:30.040,29006.75,29018.75,29002.75,29002.75,765
2026-07-17 13:35:32.120,29002.75,29014.75,28998.75,28998.75,357
2026-07-17 13:35:34.216,28998.75,29010.75,28994.75,28994.75,290
2026-07-17 13:35:35.220,28994.75,29006.75,28990.75,28990.75,227
2026-07-17 13:35:47.108,28990.75,29002.75,28986.75,28986.75,919
2026-07-17 13:35:49.656,28986.75,28998.75,28982.75,28982.75,216
2026-07-17 13:36:41.704,28982.75,28994.75,28978.75,28978.75,2980
2026-07-17 13:38:41.992,28978.75,28995,28974.75,28974.75,5921
2026-07-17 13:40:22.164,28974.75,28986.75,28970.75,28970.75,4359
2026-07-17 13:40:23.236,28970.75,28982.75,28966.75,28966.75,233
2026-07-17 13:40:33.700,28966.75,28978.75,28962.75,28962.75,966
2026-07-17 13:40:35.096,28962.75,28974.75,28958.75,28958.75,309
2026-07-17 13:41:07.984,28958.75,28970.75,28954.75,28954.75,2084
2026-07-17 13:41:14.884,28954.75,28966.75,28950.75,28950.75,604
2026-07-17 13:43:05.400,28950.75,28970.5,28946.75,28946.75,6253
2026-07-17 13:45:05.660,28946.75,28958.75,28942.75,28942.75,5202
2026-07-17 13:50:45.796,28942.75,28968.75,28938.75,28938.75,14507
2026-07-17 13:50:47.244,28938.75,28950.75,28934.75,28934.75,358
2026-07-17 13:51:07.040,28934.75,28946.75,28930.75,28930.75,1435
2026-07-17 13:51:08.244,28930.75,28942.75,28926.75,28926.75,308
2026-07-17 13:53:33.332,28926.75,28944.75,28922.75,28922.75,6718
2026-07-17 13:53:34.772,28922.75,28934.75,28918.75,28918.75,388
2026-07-17 13:55:07.856,28918.75,28941,28914.75,28914.75,5051
2026-07-17 13:55:46.872,28914.75,28926.75,28910.75,28910.75,1961
2026-07-17 13:55:53.232,28910.75,28922.75,28906.75,28906.75,379
2026-07-17 13:56:36.288,28906.75,28918.75,28902.75,28902.75,2264
2026-07-17 13:56:51.792,28902.75,28914.75,28898.75,28898.75,1120
2026-07-17 13:57:02.420,28898.75,28910.75,28894.75,28894.75,553
2026-07-17 13:57:27.144,28894.75,28906.75,28890.75,28890.75,1447
2026-07-17 13:58:21.496,28890.75,28907.5,28886.75,28886.75,3218
2026-07-17 14:02:59.100,28886.75,28914.75,28883,28914.75,16383
2026-07-17 14:03:07.028,28914.75,28918.75,28902.75,28918.75,741
2026-07-17 14:03:08.088,28918.75,28922.75,28906.75,28922.75,295
2026-07-17 14:03:19.144,28922.75,28926.75,28910.75,28926.75,946
2026-07-17 14:03:59.864,28926.75,28930.75,28914.75,28930.75,2989
2026-07-17 14:04:04.500,28930.75,28934.75,28918.75,28934.75,535
2026-07-17 14:04:55.368,28934.75,28935.75,28906.75,28906.75,3008
2026-07-17 14:05:00.212,28906.75,28918.75,28902.75,28902.75,342
2026-07-17 14:05:01.396,28902.75,28914.75,28898.25,28898.75,265
2026-07-17 14:05:02.580,28898.75,28910.75,28894.75,28894.75,246
2026-07-17 14:05:05.484,28894.75,28906.75,28890.75,28890.75,570
2026-07-17 14:05:26.456,28890.75,28902.75,28886.75,28886.75,1239
2026-07-17 14:06:20.832,28886.75,28900.5,28882.75,28882.75,2801
2026-07-17 14:06:22.240,28882.75,28894.75,28878.75,28878.75,453
2026-07-17 14:06:28.600,28878.75,28890.75,28874.75,28874.75,670
2026-07-17 14:09:41.916,28874.75,28896,28870.75,28870.75,9797
2026-07-17 14:10:20.304,28870.75,28882.75,28866.75,28866.75,1992
2026-07-17 14:11:14.560,28866.75,28881.5,28862.75,28862.75,2622
2026-07-17 14:11:30.596,28862.75,28874.75,28858.75,28858.75,1001
2026-07-17 14:15:18.164,28858.75,28875.5,28854.75,28854.75,9616
2026-07-17 14:15:25.504,28854.75,28866.75,28850.75,28850.75,1166
2026-07-17 14:15:33.500,28850.75,28862.75,28846.75,28846.75,905
2026-07-17 14:15:37.384,28846.75,28858.75,28842.75,28842.75,678
2026-07-17 14:16:10.656,28842.75,28854.75,28838.75,28838.75,3324
2026-07-17 14:17:42.432,28838.75,28852.75,28834.75,28834.75,5044
2026-07-17 14:20:20.044,28834.75,28850,28830.75,28830.75,7168
2026-07-17 14:20:50.188,28830.75,28842.75,28826.75,28826.75,1591
2026-07-17 14:23:21.556,28826.75,28854.75,28825.25,28854.75,7614
2026-07-17 14:23:27.748,28854.75,28858.75,28842.75,28858.75,859
2026-07-17 14:25:35.280,28858.75,28862.5,28830.75,28830.75,7441
2026-07-17 14:25:41.524,28830.75,28842.75,28826.75,28826.75,412
2026-07-17 14:27:42.224,28826.75,28839.75,28822.75,28822.75,4833
2026-07-17 14:29:24.756,28822.75,28850.75,28822,28850.75,4682
2026-07-17 14:29:43.508,28850.75,28854.75,28838.75,28854.75,930
2026-07-17 14:30:03.256,28854.75,28858.75,28842.75,28858.75,1380
2026-07-17 14:30:04.260,28858.75,28868.75,28846.75,28866.75,667
2026-07-17 14:30:05.268,28866.75,28873,28854.75,28870.75,423
2026-07-17 14:30:08.812,28870.75,28874.75,28858.75,28874.75,641
2026-07-17 14:30:15.936,28874.75,28878.75,28862.75,28878.75,1121
2026-07-17 14:30:20.220,28878.75,28882.75,28866.75,28882.75,505
2026-07-17 14:30:26.928,28882.75,28886.75,28870.75,28886.75,718
2026-07-17 14:30:28.040,28886.75,28890.75,28874.75,28890.75,184
2026-07-17 14:32:00.104,28890.75,28891.25,28862.75,28862.75,6218
2026-07-17 14:32:01.668,28862.75,28874.75,28858.75,28858.75,230
2026-07-17 14:32:38.060,28858.75,28871.25,28854.25,28854.75,2469
2026-07-17 14:32:42.652,28854.75,28866.75,28850.75,28850.75,418
2026-07-17 14:32:45.872,28850.75,28862.75,28846.75,28846.75,264
2026-07-17 14:33:13.976,28846.75,28858.75,28842.75,28842.75,2029
2026-07-17 14:33:15.032,28842.75,28854.75,28838.5,28838.75,180
2026-07-17 14:33:18.060,28838.75,28850.75,28834.75,28834.75,366
2026-07-17 14:33:55.596,28834.75,28846.75,28830.75,28830.75,2371
2026-07-17 14:34:09.780,28830.75,28842.75,28826.75,28826.75,736
2026-07-17 14:36:37.836,28826.75,28854.75,28825,28854.75,6853
2026-07-17 14:40:12.196,28854.75,28855.5,28826.75,28826.75,6970
2026-07-17 14:40:35.148,28826.75,28838.75,28822.75,28822.75,1168
2026-07-17 14:40:37.128,28822.75,28834.75,28818.75,28818.75,520
2026-07-17 14:40:44.204,28818.75,28830.75,28814.75,28814.75,744
2026-07-17 14:41:43.172,28814.75,28826.75,28810.75,28810.75,3596
2026-07-17 14:42:36.604,28810.75,28828,28806.75,28806.75,4309
2026-07-17 14:43:10.856,28806.75,28818.75,28802.75,28802.75,1969
2026-07-17 14:43:52.872,28802.75,28814.75,28798.75,28798.75,2426
2026-07-17 14:46:58.588,28798.75,28826.75,28796.75,28826.75,10120
2026-07-17 14:47:13.868,28826.75,28830.75,28814.75,28830.75,1053
2026-07-17 14:47:27.556,28830.75,28834.75,28818.75,28834.75,799
2026-07-17 14:47:35.220,28834.75,28838.75,28822.75,28838.75,564
2026-07-17 14:47:50.588,28838.75,28842.75,28826.75,28842.75,875
2026-07-17 14:47:51.804,28842.75,28846.75,28830.75,28846.75,178
2026-07-17 14:48:04.964,28846.75,28850.75,28834.75,28850.75,1271
2026-07-17 14:48:15.452,28850.75,28854.75,28838.75,28854.75,775
2026-07-17 14:48:18.880,28854.75,28858.75,28842.75,28858.75,334
2026-07-17 14:48:20.368,28858.75,28862.75,28846.75,28862.75,225
2026-07-17 14:49:22.820,28862.75,28866.75,28847.75,28866.75,3491
2026-07-17 14:50:01.716,28866.75,28867.25,28838.75,28838.75,2542
2026-07-17 14:50:13.248,28838.75,28850.75,28834.75,28834.75,974
2026-07-17 14:53:25.132,28834.75,28862.75,28831.25,28862.75,8545
2026-07-17 14:53:26.168,28862.75,28868,28850.75,28866.75,217
2026-07-17 14:53:38.176,28866.75,28870.75,28854.75,28870.75,507
2026-07-17 14:54:43.816,28870.75,28874.75,28856.75,28874.75,2826
2026-07-17 14:54:56.264,28874.75,28878.75,28862.75,28878.75,681
2026-07-17 14:55:10.040,28878.75,28882.75,28866.75,28882.75,1056
2026-07-17 14:57:11.404,28882.75,28886,28854.75,28854.75,5317
2026-07-17 15:00:57.636,28854.75,28879.5,28850.75,28850.75,9860
2026-07-17 15:01:04.084,28850.75,28862.75,28846.75,28846.75,605
2026-07-17 15:01:05.832,28846.75,28858.75,28842.75,28842.75,314
2026-07-17 15:01:10.412,28842.75,28854.75,28838.75,28838.75,695
2026-07-17 15:03:00.060,28838.75,28854.5,28834.75,28834.75,5275
2026-07-17 15:03:05.116,28834.75,28846.75,28830.75,28830.75,446
2026-07-17 15:04:12.108,28830.75,28858.75,28830.75,28858.75,3068
2026-07-17 15:06:37.708,28858.75,28861.25,28830.75,28830.75,5981
2026-07-17 15:06:44.884,28830.75,28842.75,28826.75,28826.75,504
2026-07-17 15:07:03.564,28826.75,28838.75,28822.75,28822.75,985
2026-07-17 15:07:09.996,28822.75,28834.75,28818.75,28818.75,506
2026-07-17 15:08:00.876,28818.75,28830.75,28814.75,28814.75,2183
2026-07-17 15:08:52.724,28814.75,28826.75,28810.75,28810.75,1917
2026-07-17 15:10:15.044,28810.75,28822.75,28806.75,28806.75,3112
2026-07-17 15:10:16.436,28806.75,28818.75,28802.75,28802.75,193
2026-07-17 15:11:07.620,28802.75,28814.75,28798.75,28798.75,2470
2026-07-17 15:11:23.988,28798.75,28810.75,28794.75,28794.75,1041
2026-07-17 15:11:39.564,28794.75,28806.75,28790.75,28790.75,982
2026-07-17 15:11:49.536,28790.75,28802.75,28786.75,28786.75,759
2026-07-17 15:12:18.172,28786.75,28799,28782.75,28782.75,1805
2026-07-17 15:12:19.636,28782.75,28794.75,28778.75,28778.75,290
2026-07-17 15:13:40.088,28778.75,28790.75,28774.75,28774.75,4055
2026-07-17 15:14:00.596,28774.75,28786.75,28770.75,28770.75,932
2026-07-17 15:14:11.780,28770.75,28782.75,28766.75,28766.75,926
2026-07-17 15:14:13.264,28766.75,28778.75,28762.75,28762.75,285
2026-07-17 15:14:15.360,28762.75,28774.75,28758.75,28758.75,521
2026-07-17 15:15:33.152,28758.75,28770.75,28754.75,28754.75,5270
2026-07-17 15:15:48.364,28754.75,28766.75,28750.75,28750.75,1296
2026-07-17 15:15:51.068,28750.75,28762.75,28746.75,28746.75,595
2026-07-17 15:16:51.320,28746.75,28762,28742.75,28742.75,4404
2026-07-17 15:16:58.864,28742.75,28754.75,28738.75,28738.75,654
2026-07-17 15:17:12.720,28738.75,28750.75,28734.75,28734.75,1153
2026-07-17 15:18:12.500,28734.75,28762.75,28734.5,28762.75,4705
2026-07-17 15:19:37.232,28762.75,28766.75,28746.75,28766.75,5261
2026-07-17 15:19:40.968,28766.75,28770.75,28754.75,28770.75,435
2026-07-17 15:19:43.864,28770.75,28774.75,28758.75,28774.75,307
2026-07-17 15:22:04.028,28774.75,28775.25,28746.75,28746.75,6590
2026-07-17 15:23:08.724,28746.75,28758.75,28742.75,28742.75,3126
2026-07-17 15:24:49.664,28742.75,28754.75,28738.75,28738.75,3568
2026-07-17 15:24:59.860,28738.75,28750.75,28734.75,28734.75,638
2026-07-17 15:25:15.988,28734.75,28746.75,28730.75,28730.75,1293
2026-07-17 15:25:17.468,28730.75,28742.75,28726.75,28726.75,327
2026-07-17 15:25:18.684,28726.75,28738.75,28722.75,28722.75,417
2026-07-17 15:25:44.840,28722.75,28734.75,28718.75,28718.75,1828
2026-07-17 15:27:11.168,28718.75,28746.75,28718.5,28746.75,5238
2026-07-17 15:27:14.812,28746.75,28750.75,28734.75,28750.75,295
2026-07-17 15:27:18.228,28750.75,28754.75,28738.75,28754.75,634
2026-07-17 15:27:32.152,28754.75,28758.75,28742.75,28758.75,1081
2026-07-17 15:27:35.472,28758.75,28762.75,28746.75,28762.75,339
2026-07-17 15:27:40.400,28762.75,28766.75,28750.75,28766.75,456
2026-07-17 15:28:02.136,28766.75,28770.75,28754.75,28770.75,1392
2026-07-17 15:28:03.488,28770.75,28774.75,28758.75,28774.75,178
2026-07-17 15:28:04.500,28774.75,28781,28762.75,28778.75,368
2026-07-17 15:28:07.276,28778.75,28782.75,28766.75,28782.75,417
2026-07-17 15:28:09.516,28782.75,28786.75,28770.75,28786.75,443
2026-07-17 15:28:14.096,28786.75,28790.75,28774.75,28790.75,654
2026-07-17 15:28:15.192,28790.75,28794.75,28778.75,28794.75,390
2026-07-17 15:29:12.888,28794.75,28798.75,28781.5,28798.75,3690
2026-07-17 15:29:24.532,28798.75,28802.75,28786.75,28802.75,664
2026-07-17 15:30:01.020,28802.75,28806.75,28786,28806.75,2716
2026-07-17 15:30:02.104,28806.75,28814,28794.75,28810.75,418
2026-07-17 15:30:04.224,28810.75,28814.75,28798.75,28814.75,560
2026-07-17 15:30:07.996,28814.75,28824,28802.75,28818.75,2319
2026-07-17 15:30:09.000,28818.75,28825.75,28806.75,28822.75,238
2026-07-17 15:30:10.004,28822.75,28832.5,28810.75,28826.75,344
2026-07-17 15:30:19.016,28826.75,28830.75,28814.75,28830.75,1853
2026-07-17 15:30:21.020,28830.75,28834.75,28818.75,28834.75,322
2026-07-17 15:30:22.028,28834.75,28844,28822.75,28842.75,453
2026-07-17 15:30:43.356,28842.75,28843.5,28814.75,28814.75,3353
2026-07-17 15:30:45.776,28814.75,28826.75,28810.75,28810.75,348
2026-07-17 15:30:51.456,28810.75,28822.75,28806.75,28806.75,562
2026-07-17 15:30:52.456,28806.75,28818.75,28799.5,28802.75,216
2026-07-17 15:31:05.056,28802.75,28814.75,28798.75,28798.75,1127
2026-07-17 15:31:06.288,28798.75,28810.75,28794.75,28794.75,155
2026-07-17 15:31:54.876,28794.75,28822.75,28791.25,28822.75,4042
2026-07-17 15:32:48.368,28822.75,28826.5,28794.75,28794.75,3727
2026-07-17 15:34:04.148,28794.75,28822.75,28794.5,28822.75,4329
2026-07-17 15:35:01.852,28822.75,28826,28794.75,28794.75,3497
2026-07-17 15:35:03.284,28794.75,28806.75,28790.5,28790.75,259
2026-07-17 15:36:26.536,28790.75,28811,28786.75,28786.75,4909
2026-07-17 15:37:18.608,28786.75,28814.75,28784.5,28814.75,3330
2026-07-17 15:37:19.608,28814.75,28819.75,28802.75,28818.75,191
2026-07-17 15:37:25.012,28818.75,28822.75,28806.75,28822.75,502
2026-07-17 15:38:29.092,28822.75,28826.5,28794.75,28794.75,3598
2026-07-17 15:39:00.048,28794.75,28806.75,28790.75,28790.75,1457
2026-07-17 15:39:07.424,28790.75,28802.75,28786.75,28786.75,546
2026-07-17 15:39:15.016,28786.75,28798.75,28782.75,28782.75,471
2026-07-17 15:39:17.880,28782.75,28794.75,28778.75,28778.75,372
2026-07-17 15:39:19.128,28778.75,28790.75,28774.75,28774.75,214
2026-07-17 15:39:53.128,28774.75,28786.75,28770.75,28770.75,2479
2026-07-17 15:39:59.132,28770.75,28782.75,28766.75,28766.75,376
2026-07-17 15:40:02.884,28766.75,28778.75,28762.75,28762.75,407
2026-07-17 15:40:04.512,28762.75,28774.75,28758.75,28758.75,273
2026-07-17 15:40:05.676,28758.75,28770.75,28754.75,28754.75,222
2026-07-17 15:40:33.612,28754.75,28782.75,28753.5,28782.75,2358
2026-07-17 15:41:31.856,28782.75,28786.75,28762,28786.75,3713
2026-07-17 15:41:34.684,28786.75,28790.75,28774.75,28790.75,407
2026-07-17 15:41:55.188,28790.75,28794.75,28778.75,28794.75,1217
2026-07-17 15:43:04.912,28794.75,28798.75,28769.75,28798.75,4266
2026-07-17 15:44:11.480,28798.75,28802.75,28786.75,28802.75,2741
2026-07-17 15:44:20.672,28802.75,28806.75,28790.75,28806.75,718
2026-07-17 15:45:17.012,28806.75,28810.75,28788,28810.75,4017
2026-07-17 15:45:31.948,28810.75,28814.75,28798.75,28814.75,1088
2026-07-17 15:45:36.340,28814.75,28818.75,28802.75,28818.75,390
2026-07-17 15:46:42.252,28818.75,28820,28790.75,28790.75,4511
2026-07-17 15:46:43.788,28790.75,28802.75,28786.75,28786.75,178
2026-07-17 15:47:07.904,28786.75,28814.75,28786.25,28814.75,1819
2026-07-17 15:47:50.144,28814.75,28818.75,28802.75,28818.75,2338
2026-07-17 15:48:07.704,28818.75,28822.75,28806.75,28822.75,1247
2026-07-17 15:48:42.232,28822.75,28826.75,28810.75,28826.75,1603
2026-07-17 15:50:00.032,28826.75,28830.75,28805.75,28830.75,4648
2026-07-17 15:50:01.180,28830.75,28844,28818.75,28834.75,943
2026-07-17 15:50:02.180,28834.75,28843.25,28822.75,28842.75,240
2026-07-17 15:50:09.416,28842.75,28848,28830.75,28846.75,1554
2026-07-17 15:50:56.684,28846.75,28847.25,28818.75,28818.75,4253
2026-07-17 15:51:01.988,28818.75,28830.75,28814.75,28814.75,762
2026-07-17 15:51:11.552,28814.75,28842.75,28811,28842.75,1253
2026-07-17 15:51:50.204,28842.75,28846.75,28830.75,28846.75,2194
2026-07-17 15:51:52.024,28846.75,28850.75,28834.75,28850.75,228
2026-07-17 15:52:54.020,28850.75,28853.75,28822.75,28822.75,5020
2026-07-17 15:52:55.256,28822.75,28834.75,28818.75,28818.75,214
2026-07-17 15:54:10.052,28818.75,28834.75,28814.75,28814.75,4240
2026-07-17 15:54:52.040,28814.75,28842.75,28811,28842.75,4050
2026-07-17 15:56:23.392,28842.75,28846.75,28816,28846.75,6914
2026-07-17 15:57:26.924,28846.75,28848.5,28818.75,28818.75,3050
2026-07-17 15:57:35.128,28818.75,28830.75,28814.75,28814.75,452
2026-07-17 15:58:11.728,28814.75,28826.75,28810.75,28810.75,2082
2026-07-17 15:59:00.964,28810.75,28822.75,28806.75,28806.75,2789
2026-07-17 15:59:01.972,28806.75,28818.75,28801.25,28802.75,386
2026-07-17 15:59:32.176,28802.75,28814.75,28798.75,28798.75,2835
2026-07-17 15:59:33.176,28798.75,28810.75,28794.75,28794.75,140
2026-07-17 15:59:35.080,28794.75,28806.75,28790.75,28790.75,259
2026-07-17 15:59:44.012,28790.75,28802.75,28786.75,28786.75,985
2026-07-17 15:59:45.332,28786.75,28798.75,28782.75,28782.75,324
2026-07-17 15:59:46.340,28782.75,28794.75,28778,28778.75,342
2026-07-17 15:59:48.140,28778.75,28790.75,28774.75,28774.75,454
2026-07-17 15:59:49.324,28774.75,28786.75,28770.75,28770.75,325
2026-07-17 15:59:51.028,28770.75,28782.75,28766.75,28766.75,530
2026-07-17 15:59:52.380,28766.75,28778.75,28762.75,28762.75,373
2026-07-17 15:59:54.900,28762.75,28774.75,28758.75,28758.75,851
2026-07-17 16:00:05.056,28758.75,28772.5,28754.75,28754.75,4101
2026-07-17 16:00:19.116,28754.75,28766.75,28750.75,28750.75,1600
2026-07-17 16:00:27.648,28750.75,28762.75,28746.75,28746.75,969
2026-07-17 16:00:32.904,28746.75,28758.75,28742.75,28742.75,598
2026-07-17 16:01:08.148,28742.75,28756.5,28738.75,28738.75,3169
2026-07-17 16:02:28.148,28738.75,28762,28734.75,28734.75,4491
2026-07-17 16:02:31.608,28734.75,28746.75,28730.75,28730.75,323
2026-07-17 16:02:32.976,28730.75,28742.75,28726.75,28726.75,145
2026-07-17 16:03:42.820,28726.75,28742.5,28722.75,28722.75,4331
2026-07-17 16:03:57.444,28722.75,28734.75,28718.75,28718.75,825
2026-07-17 16:04:01.176,28718.75,28730.75,28714.75,28714.75,425
2026-07-17 16:13:28.108,28714.75,28742.75,28712.5,28742.75,15517
2026-07-17 16:13:33.392,28742.75,28746.75,28730.75,28746.75,299
2026-07-17 16:21:00.648,28746.75,28750.75,28733.5,28750.75,5174
2026-07-17 16:26:02.120,28750.75,28754.75,28738.75,28754.75,2918
2026-07-17 16:31:01.640,28754.75,28758.75,28742.75,28758.75,2565
2026-07-17 16:31:02.644,28758.75,28763.25,28746.75,28762.75,137
2026-07-17 16:33:49.704,28762.75,28766.75,28750.75,28766.75,2091
2026-07-17 16:45:18.960,28766.75,28770.75,28750.5,28770.75,6100
2026-07-17 16:57:20.108,28770.75,28774.75,28754,28774.75,3602
2026-07-17 16:57:21.384,28774.75,28779.25,28762.75,28778.75,61
2026-07-17 16:59:59.944,28778.75,28779.25,28764,28768.75,1066
2026-07-19 18:00:01.272,28747.5,28766,28744.75,28763.5,344
2026-07-19 18:00:02.272,28763.5,28778.75,28751.5,28771.5,140
2026-07-19 18:00:03.480,28771.5,28777,28759.5,28775.5,59
2026-07-19 18:00:04.520,28775.5,28787.75,28763.5,28787.5,82
2026-07-19 18:00:19.304,28787.5,28794.5,28770.25,28791.5,723
2026-07-19 18:00:24.368,28791.5,28795.5,28779.5,28795.5,191
2026-07-19 18:00:25.432,28795.5,28801.25,28783.5,28799.5,62
2026-07-19 18:00:29.104,28799.5,28803.75,28787.5,28803.5,138
2026-07-19 18:00:30.120,28803.5,28808,28791.5,28807.5,52
2026-07-19 18:01:37.544,28807.5,28811.5,28791.5,28811.5,2598
2026-07-19 18:02:34.504,28811.5,28813.75,28783.5,28783.5,1613
2026-07-19 18:02:36.456,28783.5,28795.5,28778.5,28779.5,210
2026-07-19 18:02:39.792,28779.5,28791.5,28775.5,28775.5,252
2026-07-19 18:02:40.828,28775.5,28787.5,28769.75,28771.5,123
2026-07-19 18:02:41.828,28771.5,28783.5,28763,28763.5,114
2026-07-19 18:02:43.152,28763.5,28775.5,28759.5,28759.5,103
2026-07-19 18:02:44.708,28759.5,28771.5,28755.5,28755.5,87
2026-07-19 18:02:46.008,28755.5,28767.5,28751.5,28751.5,88
2026-07-19 18:02:49.080,28751.5,28779.5,28750.5,28779.5,358
2026-07-19 18:02:50.088,28779.5,28787,28767.5,28783.5,225
2026-07-19 18:03:20.256,28783.5,28787.5,28759,28787.5,1191
2026-07-19 18:03:40.308,28787.5,28788.5,28759.5,28759.5,561
2026-07-19 18:03:41.308,28759.5,28771.5,28752.5,28755.5,79
2026-07-19 18:03:42.948,28755.5,28767.5,28750.5,28751.5,84
2026-07-19 18:03:43.952,28751.5,28763.5,28747.5,28747.5,97
2026-07-19 18:03:52.196,28747.5,28759.5,28743.5,28743.5,332
2026-07-19 18:03:55.952,28743.5,28755.5,28739.5,28739.5,159
2026-07-19 18:03:58.044,28739.5,28751.5,28735.5,28735.5,117
2026-07-19 18:05:16.004,28735.5,28750.5,28731.5,28731.5,2660
2026-07-19 18:06:36.664,28731.5,28749.5,28727.5,28727.5,1972
2026-07-19 18:08:26.648,28727.5,28739.75,28723.5,28723.5,2185
2026-07-19 18:10:51.624,28723.5,28750.25,28719.5,28719.5,3574
2026-07-19 18:13:31.500,28719.5,28734.25,28715.5,28715.5,2745
2026-07-19 18:14:21.016,28715.5,28727.5,28711.5,28711.5,825
2026-07-19 18:15:22.164,28711.5,28739.5,28706.75,28739.5,1950
2026-07-19 18:15:23.204,28739.5,28752,28727.5,28747.5,335
2026-07-19 18:15:24.232,28747.5,28754.25,28735.5,28751.5,137
2026-07-19 18:16:17.960,28751.5,28755.5,28739,28755.5,1538
2026-07-19 18:17:22.928,28755.5,28759.5,28743.5,28759.5,1372
2026-07-19 18:17:33.928,28759.5,28763.5,28747.5,28763.5,310
2026-07-19 18:18:11.544,28763.5,28767.5,28751.5,28767.5,758
2026-07-19 18:18:13.556,28767.5,28771.5,28755.5,28771.5,121
2026-07-19 18:19:23.928,28771.5,28775.5,28759,28775.5,1674
2026-07-19 18:19:24.944,28775.5,28789.75,28763.5,28787.5,392
2026-07-19 18:20:13.024,28787.5,28791.5,28775.5,28791.5,1528
2026-07-19 18:20:18.028,28791.5,28795.5,28779.5,28795.5,245
2026-07-19 18:20:19.124,28795.5,28799.5,28783.5,28799.5,74
2026-07-19 18:20:21.808,28799.5,28803.5,28787.5,28803.5,257
2026-07-19 18:20:40.848,28803.5,28807.5,28791.5,28807.5,748
2026-07-19 18:21:31.316,28807.5,28811.5,28795.5,28811.5,1352
2026-07-19 18:21:39.984,28811.5,28815.5,28799.5,28815.5,309
2026-07-19 18:24:37.440,28815.5,28817.25,28787.5,28787.5,4412
2026-07-19 18:24:44.816,28787.5,28799.5,28783.5,28783.5,381
2026-07-19 18:25:00.600,28783.5,28795.5,28779.5,28779.5,352
2026-07-19 18:25:20.040,28779.5,28791.5,28775.5,28775.5,670
2026-07-19 18:25:23.348,28775.5,28787.5,28771.5,28771.5,154
2026-07-19 18:25:24.600,28771.5,28783.5,28767.5,28767.5,98
2026-07-19 18:26:14.576,28767.5,28779.5,28763.5,28763.5,1054
2026-07-19 18:30:03.204,28763.5,28788.75,28759.5,28759.5,4594
2026-07-19 18:32:22.508,28759.5,28780.75,28755.5,28755.5,2770
2026-07-19 18:32:35.296,28755.5,28783.5,28754.5,28783.5,592
2026-07-19 18:32:54.552,28783.5,28787.5,28771.5,28787.5,747
2026-07-19 18:32:55.860,28787.5,28791.5,28775.5,28791.5,115
2026-07-19 18:33:02.164,28791.5,28795.5,28779.5,28795.5,260
2026-07-19 18:33:05.412,28795.5,28799.5,28783.5,28799.5,232
2026-07-19 18:33:12.648,28799.5,28803.5,28787.5,28803.5,357
2026-07-19 18:33:13.968,28803.5,28807.5,28791.5,28807.5,75
2026-07-19 18:33:31.372,28807.5,28811.5,28795.5,28811.5,818
2026-07-19 18:33:46.700,28811.5,28815.5,28799.5,28815.5,477
2026-07-19 18:33:47.920,28815.5,28823.75,28803.5,28819.5,533
2026-07-19 18:34:01.820,28819.5,28823.5,28807.5,28823.5,496
2026-07-19 18:34:08.256,28823.5,28827.5,28811.5,28827.5,374
2026-07-19 18:35:19.728,28827.5,28831.5,28815.5,28831.5,1760
2026-07-19 18:35:21.132,28831.5,28835.5,28819.5,28835.5,155
2026-07-19 18:37:39.916,28835.5,28837.75,28807.5,28807.5,2912
2026-07-19 18:41:43.172,28807.5,28835.5,28804.25,28835.5,3703
2026-07-19 18:41:54.844,28835.5,28839.5,28823.5,28839.5,337
2026-07-19 18:43:43.980,28839.5,28843.5,28825.75,28843.5,2010
2026-07-19 18:43:58.552,28843.5,28847.5,28831.5,28847.5,519
2026-07-19 18:48:16.292,28847.5,28851.25,28819.5,28819.5,5135
2026-07-19 18:54:42.608,28819.5,28838,28815.5,28815.5,4615
2026-07-19 18:58:34.800,28815.5,28827.5,28811.5,28811.5,2346
2026-07-19 19:00:22.964,28811.5,28825,28807.5,28807.5,1712
2026-07-19 19:00:59.072,28807.5,28820.25,28803.5,28803.5,974
2026-07-19 19:03:47.012,28803.5,28817.25,28799.5,28799.5,2530
2026-07-19 19:03:48.016,28799.5,28811.5,28786,28791.5,559
2026-07-19 19:03:49.036,28791.5,28803.5,28784.5,28787.5,130
2026-07-19 19:06:06.424,28787.5,28815.5,28786.25,28815.5,3133
2026-07-19 19:06:08.092,28815.5,28819.5,28803.5,28819.5,125
2026-07-19 19:06:46.752,28819.5,28821,28791.5,28791.5,1160
2026-07-19 19:06:53.444,28791.5,28803.5,28787.5,28787.5,177
2026-07-19 19:08:13.316,28787.5,28815.5,28785.25,28815.5,1311
2026-07-19 19:09:09.816,28815.5,28819.5,28803.5,28819.5,944
2026-07-19 19:09:50.364,28819.5,28823.5,28807.5,28823.5,727
2026-07-19 19:10:00.620,28823.5,28827.5,28811.5,28827.5,314
2026-07-19 19:13:02.200,28827.5,28831.5,28815.5,28831.5,2713
2026-07-19 19:13:03.548,28831.5,28835.5,28819.5,28835.5,131
2026-07-19 19:16:04.220,28835.5,28837.5,28807.5,28807.5,3093
2026-07-19 19:16:42.992,28807.5,28819.5,28803.5,28803.5,652
2026-07-19 19:17:06.180,28803.5,28815.5,28799.5,28799.5,382
2026-07-19 19:17:07.392,28799.5,28811.5,28795.25,28795.5,157
2026-07-19 19:17:24.192,28795.5,28807.5,28791,28791.5,475
2026-07-19 19:21:18.096,28791.5,28805.25,28787.5,28787.5,2839
2026-07-19 19:21:57.540,28787.5,28799.5,28783.5,28783.5,432
2026-07-19 19:23:39.396,28783.5,28811.5,28777.25,28811.5,2135
2026-07-19 19:23:41.204,28811.5,28815.5,28799.5,28815.5,316
2026-07-19 19:25:02.032,28815.5,28819.5,28803.5,28819.5,1309
2026-07-19 19:25:15.208,28819.5,28823.5,28807.5,28823.5,305
2026-07-19 19:26:48.656,28823.5,28824.75,28795.5,28795.5,1755
2026-07-19 19:26:59.396,28795.5,28807.5,28786.5,28791.5,632
2026-07-19 19:33:12.308,28791.5,28819.5,28788.75,28819.5,5419
2026-07-19 19:35:01.460,28819.5,28823.5,28800.25,28823.5,1694
2026-07-19 19:35:16.980,28823.5,28827.5,28811.5,28827.5,359
2026-07-19 19:35:24.480,28827.5,28831.75,28815.5,28831.5,353
2026-07-19 19:35:25.520,28831.5,28836.75,28819.5,28835.5,129
2026-07-19 19:42:25.908,28835.5,28839.5,28809.75,28839.5,6648
2026-07-19 19:42:32.740,28839.5,28843.5,28827.5,28843.5,194
2026-07-19 19:42:47.972,28843.5,28847.5,28831.5,28847.5,422
2026-07-19 19:42:58.628,28847.5,28851.5,28835.5,28851.5,288
2026-07-19 19:43:03.380,28851.5,28855.5,28839.5,28855.5,398
2026-07-19 19:43:11.164,28855.5,28859.5,28843.5,28859.5,474
2026-07-19 19:43:29.172,28859.5,28863.5,28847.5,28863.5,749
2026-07-19 19:45:25.156,28863.5,28867.25,28835.5,28835.5,3016
2026-07-19 19:45:30.996,28835.5,28847.5,28831.5,28831.5,235
2026-07-19 19:45:32.116,28831.5,28843.5,28827.5,28827.5,109
2026-07-19 19:45:33.116,28827.5,28839.5,28816.75,28819.5,313
2026-07-19 19:48:44.088,28819.5,28847.5,28816,28847.5,4445
2026-07-19 19:48:45.112,28847.5,28852.5,28835.5,28851.5,82
2026-07-19 19:51:33.672,28851.5,28855.5,28825,28855.5,3651
2026-07-19 19:52:12.116,28855.5,28859.5,28843.5,28859.5,694
2026-07-19 19:58:02.512,28859.5,28863.5,28835.25,28863.5,4982
2026-07-19 19:58:13.868,28863.5,28867.5,28851.5,28867.5,319
2026-07-19 19:58:46.356,28867.5,28871.5,28855.5,28871.5,922
2026-07-19 19:58:47.384,28871.5,28877,28859.5,28875.5,261
2026-07-19 20:00:05.648,28875.5,28877,28847.5,28847.5,2664
2026-07-19 20:00:10.012,28847.5,28859.5,28843.5,28843.5,284
2026-07-19 20:00:26.468,28843.5,28855.5,28839.5,28839.5,923
2026-07-19 20:00:41.412,28839.5,28851.5,28835.5,28835.5,555
2026-07-19 20:00:42.856,28835.5,28847.5,28827.25,28831.5,394
2026-07-19 20:01:05.080,28831.5,28843.5,28827.5,28827.5,863
2026-07-19 20:01:12.232,28827.5,28839.5,28823.5,28823.5,422
2026-07-19 20:01:50.996,28823.5,28835.5,28819.5,28819.5,1379
2026-07-19 20:01:52.988,28819.5,28831.5,28815.5,28815.5,191
2026-07-19 20:01:57.464,28815.5,28827.5,28811.5,28811.5,292
2026-07-19 20:01:58.508,28811.5,28823.5,28807.5,28807.5,164
2026-07-19 20:02:41.132,28807.5,28835.5,28804.25,28835.5,2236
2026-07-19 20:02:44.388,28835.5,28839.5,28823.5,28839.5,173
2026-07-19 20:02:45.500,28839.5,28846.5,28827.5,28843.5,185
2026-07-19 20:03:09.660,28843.5,28847.5,28831.5,28847.5,1027
2026-07-19 20:03:21.740,28847.5,28851.5,28835.5,28851.5,452
2026-07-19 20:04:00.636,28851.5,28855.5,28839,28855.5,860
2026-07-19 20:04:03.012,28855.5,28859.5,28843.5,28859.5,210
2026-07-19 20:04:20.256,28859.5,28863.5,28847.5,28863.5,745
2026-07-19 20:04:22.320,28863.5,28867.5,28851.5,28867.5,155
2026-07-19 20:04:47.948,28867.5,28871.5,28855.5,28871.5,1166
2026-07-19 20:05:19.068,28871.5,28875.5,28859.5,28875.5,1293
2026-07-19 20:05:25.508,28875.5,28879.5,28863.5,28879.5,377
2026-07-19 20:05:26.560,28879.5,28883.5,28867.5,28883.5,203
2026-07-19 20:05:27.660,28883.5,28888,28871.5,28887.5,232
2026-07-19 20:05:30.084,28887.5,28891.75,28875.5,28891.5,326
2026-07-19 20:05:47.348,28891.5,28895.5,28879.5,28895.5,1093
2026-07-19 20:05:48.712,28895.5,28899.5,28883.5,28899.5,138
2026-07-19 20:06:05.016,28899.5,28903.5,28887.5,28903.5,1176
2026-07-19 20:06:09.580,28903.5,28907.5,28891.5,28907.5,403
2026-07-19 20:07:22.716,28907.5,28911.5,28888.25,28911.5,3360
2026-07-19 20:07:28.152,28911.5,28915.5,28899.5,28915.5,465
2026-07-19 20:08:29.588,28915.5,28919.5,28897,28919.5,2428
2026-07-19 20:08:40.996,28919.5,28923.5,28907.5,28923.5,559
2026-07-19 20:08:52.608,28923.5,28927.5,28911.5,28927.5,484
2026-07-19 20:09:23.604,28927.5,28931.5,28915.5,28931.5,1194
2026-07-19 20:09:35.056,28931.5,28935.5,28919.5,28935.5,358
2026-07-19 20:11:32.724,28935.5,28939.5,28917.25,28939.5,3567
2026-07-19 20:11:40.624,28939.5,28943.5,28927.5,28943.5,381
2026-07-19 20:11:46.160,28943.5,28947.5,28931.5,28947.5,347
2026-07-19 20:14:09.748,28947.5,28951.5,28927,28951.5,3997
2026-07-19 20:14:39.408,28951.5,28955.5,28939.5,28955.5,981
2026-07-19 20:16:21.784,28955.5,28959.5,28936,28959.5,3248
2026-07-19 20:16:32.548,28959.5,28963.5,28947.5,28963.5,444
2026-07-19 20:25:51.852,28963.5,28964,28935.5,28935.5,12421
2026-07-19 20:25:52.872,28935.5,28947.5,28931.5,28931.5,189
2026-07-19 20:29:21.372,28931.5,28948,28927.5,28927.5,4777
2026-07-19 20:30:24.512,28927.5,28940.25,28923.5,28923.5,1776
2026-07-19 20:30:25.644,28923.5,28935.5,28919.5,28919.5,247
2026-07-19 20:30:49.112,28919.5,28931.5,28915.5,28915.5,948
2026-07-19 20:30:51.868,28915.5,28927.5,28911.5,28911.5,184
2026-07-19 20:31:33.888,28911.5,28923.5,28907.5,28907.5,1390
2026-07-19 20:31:38.748,28907.5,28919.5,28903.5,28903.5,385
2026-07-19 20:32:04.968,28903.5,28915.5,28899.5,28899.5,1090
2026-07-19 20:32:15.264,28899.5,28911.5,28895.5,28895.5,506
2026-07-19 20:33:14.472,28895.5,28907.5,28891.5,28891.5,1532
2026-07-19 20:33:37.472,28891.5,28903.5,28887.5,28887.5,650
2026-07-19 20:33:47.148,28887.5,28899.5,28883.5,28883.5,491
2026-07-19 20:34:56.800,28883.5,28897.75,28879.5,28879.5,2167
2026-07-19 20:35:00.016,28879.5,28891.5,28875.5,28875.5,203
2026-07-19 20:36:36.604,28875.5,28903.5,28875,28903.5,2915
2026-07-19 20:36:39.564,28903.5,28907.5,28891.5,28907.5,228
2026-07-19 20:36:44.776,28907.5,28911.5,28895.5,28911.5,321
2026-07-19 20:36:48.636,28911.5,28915.5,28899.5,28915.5,256
2026-07-19 20:37:32.904,28915.5,28919.5,28903.5,28919.5,1198
2026-07-19 20:38:59.236,28919.5,28923.5,28907.5,28923.5,1681
2026-07-19 20:40:01.332,28923.5,28925,28895.5,28895.5,2018
2026-07-19 20:40:03.232,28895.5,28907.5,28891.5,28891.5,122
2026-07-19 20:40:04.480,28891.5,28903.5,28887.5,28887.5,130
2026-07-19 20:41:53.168,28887.5,28915.5,28885.5,28915.5,2867
2026-07-19 20:41:54.196,28915.5,28919.5,28903.5,28919.5,72
2026-07-19 20:41:56.872,28919.5,28923.5,28907.5,28923.5,224
2026-07-19 20:42:03.764,28923.5,28927.5,28911.5,28927.5,527
2026-07-19 20:42:18.792,28927.5,28931.5,28915.5,28931.5,575
2026-07-19 20:43:29.764,28931.5,28935.75,28903.5,28903.5,2150
2026-07-19 20:43:53.560,28903.5,28915.5,28899.5,28899.5,508
2026-07-19 20:44:02.544,28899.5,28911.5,28895.5,28895.5,183
2026-07-19 20:44:05.332,28895.5,28907.5,28891.5,28891.5,115
2026-07-19 20:44:29.556,28891.5,28903.5,28887.5,28887.5,609
2026-07-19 20:45:02.732,28887.5,28899.5,28883.5,28883.5,731
2026-07-19 20:45:11.016,28883.5,28895.5,28879.5,28879.5,363
2026-07-19 20:45:12.032,28879.5,28891.5,28870,28875.5,361
2026-07-19 20:45:13.040,28875.5,28887.5,28867.5,28871.5,268
2026-07-19 20:45:19.572,28871.5,28883.5,28866.5,28867.5,380
2026-07-19 20:45:22.092,28867.5,28879.5,28863.5,28863.5,204
2026-07-19 20:45:52.336,28863.5,28875.5,28859.5,28859.5,1173
2026-07-19 20:46:50.740,28859.5,28887.5,28858.5,28887.5,1889
2026-07-19 20:47:01.820,28887.5,28891.5,28875.5,28891.5,542
2026-07-19 20:47:04.928,28891.5,28895.5,28879.5,28895.5,186
2026-07-19 20:47:09.164,28895.5,28899.5,28883.5,28899.5,205
2026-07-19 20:52:30.400,28899.5,28902,28871.5,28871.5,6345
2026-07-19 20:52:47.496,28871.5,28883.5,28867.5,28867.5,486
2026-07-19 20:52:48.652,28867.5,28879.5,28863.5,28863.5,97
2026-07-19 20:57:09.376,28863.5,28890,28859.5,28859.5,4889
2026-07-19 20:57:25.348,28859.5,28871.5,28855.5,28855.5,588
2026-07-19 20:58:20.352,28855.5,28867.5,28851.5,28851.5,1488
2026-07-19 21:00:17.048,28851.5,28879.5,28850,28879.5,2513
2026-07-19 21:01:07.236,28879.5,28883.5,28864.25,28883.5,1630
2026-07-19 21:01:18.404,28883.5,28887.5,28871.5,28887.5,414
2026-07-19 21:02:35.184,28887.5,28888.75,28859.5,28859.5,1792
2026-07-19 21:02:36.216,28859.5,28871.5,28851,28855.5,239
2026-07-19 21:02:40.276,28855.5,28867.5,28851.5,28851.5,268
2026-07-19 21:04:37.296,28851.5,28868.5,28847.5,28847.5,2077
2026-07-19 21:05:30.836,28847.5,28875.5,28844.5,28875.5,1728
2026-07-19 21:05:38.956,28875.5,28879.5,28863.5,28879.5,281
2026-07-19 21:05:53.880,28879.5,28883.5,28867.5,28883.5,508
2026-07-19 21:06:00.884,28883.5,28887.5,28871.5,28887.5,252
2026-07-19 21:06:02.920,28887.5,28891.5,28875.5,28891.5,230
2026-07-19 21:06:46.856,28891.5,28895.5,28879.5,28895.5,1256
2026-07-19 21:06:48.260,28895.5,28899.5,28883.5,28899.5,121
2026-07-19 21:07:02.520,28899.5,28903.5,28887.5,28903.5,546
2026-07-19 21:07:14.512,28903.5,28907.5,28891.5,28907.5,471
2026-07-19 21:10:24.432,28907.5,28911.5,28888,28911.5,3614
2026-07-19 21:10:30.760,28911.5,28915.5,28899.5,28915.5,264
2026-07-19 21:11:27.792,28915.5,28918.5,28887.5,28887.5,1777
2026-07-19 21:11:39.472,28887.5,28899.5,28883.5,28883.5,457
2026-07-19 21:11:43.652,28883.5,28895.5,28879.5,28879.5,180
2026-07-19 21:11:44.956,28879.5,28891.5,28875.5,28875.5,123
2026-07-19 21:11:47.188,28875.5,28887.5,28871.5,28871.5,264
2026-07-19 21:12:27.252,28871.5,28883.5,28867.5,28867.5,1427
2026-07-19 21:12:28.252,28867.5,28879.5,28862.5,28863.5,115
2026-07-19 21:13:05.540,28863.5,28879.5,28859.5,28859.5,1118
2026-07-19 21:14:27.332,28859.5,28871.5,28855.5,28855.5,1517
2026-07-19 21:14:38.496,28855.5,28867.5,28851.5,28851.5,232
2026-07-19 21:14:44.996,28851.5,28863.5,28847.5,28847.5,270
2026-07-19 21:16:41.284,28847.5,28866.75,28843.5,28843.5,2763
2026-07-19 21:18:48.920,28843.5,28870,28836.75,28839.5,4180
2026-07-19 21:19:37.820,28839.5,28857.5,28835.5,28835.5,1216
2026-07-19 21:19:48.648,28835.5,28847.5,28831.5,28831.5,624
2026-07-19 21:20:17.856,28831.5,28843.5,28827.5,28827.5,1183
2026-07-19 21:20:21.252,28827.5,28839.5,28820.5,28823.5,412
2026-07-19 21:22:05.456,28823.5,28851.5,28821.5,28851.5,3023
2026-07-19 21:22:14.508,28851.5,28855.5,28839.5,28855.5,344
2026-07-19 21:22:26.164,28855.5,28859.5,28843.5,28859.5,355
2026-07-19 21:22:32.392,28859.5,28863.5,28847.5,28863.5,157
2026-07-19 21:23:41.804,28863.5,28867.5,28848,28867.5,1433
2026-07-19 21:23:45.204,28867.5,28871.5,28855.5,28871.5,186
2026-07-19 21:24:34.280,28871.5,28875.5,28859.5,28875.5,1104
2026-07-19 21:26:01.480,28875.5,28879.5,28858.25,28879.5,2089
2026-07-19 21:26:55.196,28879.5,28883.5,28863.25,28883.5,1143
2026-07-19 21:27:39.376,28883.5,28885.25,28855.5,28855.5,1186
2026-07-19 21:28:03.864,28855.5,28867.5,28851.5,28851.5,647
2026-07-19 21:28:16.144,28851.5,28863.5,28847.5,28847.5,367
2026-07-19 21:28:17.652,28847.5,28859.5,28843.5,28843.5,113
2026-07-19 21:28:32.616,28843.5,28855.5,28839.5,28839.5,409
2026-07-19 21:28:33.788,28839.5,28851.5,28835.5,28835.5,67
2026-07-19 21:28:54.712,28835.5,28847.5,28831.5,28831.5,598
2026-07-19 21:28:57.900,28831.5,28843.5,28827.5,28827.5,140
2026-07-19 21:29:07.088,28827.5,28839.5,28823.5,28823.5,458
2026-07-19 21:29:26.452,28823.5,28835.5,28819.5,28819.5,575
2026-07-19 21:29:28.796,28819.5,28831.5,28815.5,28815.5,184
2026-07-19 21:29:46.276,28815.5,28827.5,28811.5,28811.5,635
2026-07-19 21:34:07.220,28811.5,28830,28807.5,28807.5,5421
2026-07-19 21:34:11.936,28807.5,28819.5,28803.5,28803.5,391
2026-07-19 21:38:18.760,28803.5,28831.5,28801.25,28831.5,5157
2026-07-19 21:42:02.452,28831.5,28835,28803.5,28803.5,4094
2026-07-19 21:42:19.948,28803.5,28815.5,28799.5,28799.5,819
2026-07-19 21:42:27.704,28799.5,28811.5,28795.5,28795.5,400
2026-07-19 21:42:35.720,28795.5,28807.5,28791.5,28791.5,502
2026-07-19 21:43:01.204,28791.5,28803.5,28787.5,28787.5,997
2026-07-19 21:43:03.728,28787.5,28799.5,28783.5,28783.5,185
2026-07-19 21:43:15.300,28783.5,28795.5,28779.5,28779.5,590
2026-07-19 21:45:10.068,28779.5,28807.5,28776,28807.5,3103
2026-07-19 21:49:28.428,28807.5,28811.5,28785,28811.5,4249
2026-07-19 21:49:29.448,28811.5,28815.5,28799.5,28815.5,111
2026-07-19 21:49:45.852,28815.5,28819.5,28803.5,28819.5,455
2026-07-19 21:51:51.168,28819.5,28821,28791.5,28791.5,2286
2026-07-19 21:51:55.180,28791.5,28803.5,28787.5,28787.5,185
2026-07-19 21:51:58.452,28787.5,28799.5,28783.5,28783.5,171
2026-07-19 21:52:45.912,28783.5,28795.5,28779.5,28779.5,975
2026-07-19 21:53:57.368,28779.5,28791.5,28775.5,28775.5,1081
2026-07-19 21:53:58.640,28775.5,28787.5,28771.5,28771.5,191
2026-07-19 21:54:32.416,28771.5,28783.5,28767.5,28767.5,1031
2026-07-19 21:56:06.196,28767.5,28779.5,28763.5,28763.5,1899
2026-07-19 21:57:50.312,28763.5,28791.5,28762.75,28791.5,1884
2026-07-19 21:57:52.548,28791.5,28795.5,28779.5,28795.5,156
2026-07-19 21:57:53.668,28795.5,28799.5,28783.5,28799.5,131
2026-07-19 21:59:29.212,28799.5,28803.5,28787.5,28803.5,2019
2026-07-19 22:00:06.668,28803.5,28807.5,28791.5,28807.5,1022
2026-07-19 22:00:25.176,28807.5,28811.5,28795.5,28811.5,468
2026-07-19 22:00:26.420,28811.5,28815.5,28799.5,28815.5,200
2026-07-19 22:00:27.420,28815.5,28822.75,28803.5,28819.5,259
2026-07-19 22:00:29.252,28819.5,28823.5,28807.5,28823.5,123
2026-07-19 22:00:45.248,28823.5,28827.5,28811.5,28827.5,602
2026-07-19 22:00:48.044,28827.5,28832,28815.5,28831.5,252
2026-07-19 22:00:51.140,28831.5,28835.5,28819.5,28835.5,153
2026-07-19 22:01:09.024,28835.5,28839.5,28823.5,28839.5,680
2026-07-19 22:01:11.700,28839.5,28843.5,28827.5,28843.5,368
2026-07-19 22:01:12.704,28843.5,28850.5,28831.5,28847.5,306
2026-07-19 22:01:13.724,28847.5,28854,28835.5,28851.5,174
2026-07-19 22:01:14.728,28851.5,28858,28839.5,28855.5,209
2026-07-19 22:01:15.732,28855.5,28862.75,28843.5,28859.5,303
2026-07-19 22:01:16.732,28859.5,28863.5,28847.5,28863.5,166
2026-07-19 22:02:50.940,28863.5,28867.5,28850.5,28867.5,2655
2026-07-19 22:02:52.008,28867.5,28872.75,28855.5,28871.5,174
2026-07-19 22:02:53.020,28871.5,28878.25,28859.5,28875.5,202
2026-07-19 22:05:32.444,28875.5,28879.5,28848.75,28879.5,3831
2026-07-19 22:06:05.240,28879.5,28883.5,28867.5,28883.5,881
2026-07-19 22:06:20.664,28883.5,28887.5,28871.5,28887.5,442
2026-07-19 22:10:30.472,28887.5,28888.25,28859.5,28859.5,4524
2026-07-19 22:11:02.336,28859.5,28871.5,28855.5,28855.5,537
2026-07-19 22:11:14.796,28855.5,28867.5,28851.5,28851.5,231
2026-07-19 22:11:18.564,28851.5,28863.5,28847.5,28847.5,256
2026-07-19 22:13:33.384,28847.5,28867,28843.5,28843.5,2199
2026-07-19 22:14:05.536,28843.5,28855.5,28839.5,28839.5,519
2026-07-19 22:14:14.332,28839.5,28851.5,28835.5,28835.5,215
2026-07-19 22:15:11.560,28835.5,28847.5,28831.5,28831.5,1090
2026-07-19 22:15:37.392,28831.5,28843.5,28827.5,28827.5,468
2026-07-19 22:15:39.332,28827.5,28839.5,28823.5,28823.5,124
2026-07-19 22:16:09.660,28823.5,28835.5,28819.5,28819.5,793
2026-07-19 22:18:15.560,28819.5,28847.25,28815.5,28815.5,3011
2026-07-19 22:19:01.100,28815.5,28827.5,28811.5,28811.5,882
2026-07-19 22:20:19.172,28811.5,28823.5,28807.5,28807.5,1339
2026-07-19 22:20:49.476,28807.5,28819.5,28803.5,28803.5,691
2026-07-19 22:21:04.976,28803.5,28815.5,28799.5,28799.5,411
2026-07-19 22:21:33.660,28799.5,28811.5,28795.5,28795.5,859
2026-07-19 22:29:18.136,28795.5,28823.5,28792.75,28823.5,7964
2026-07-19 22:30:33.720,28823.5,28827.5,28808.5,28827.5,1061
2026-07-19 22:30:35.172,28827.5,28831.5,28815.5,28831.5,115
2026-07-19 22:30:37.532,28831.5,28835.5,28819.5,28835.5,205
2026-07-19 22:30:48.216,28835.5,28839.5,28823.5,28839.5,366
2026-07-19 22:30:51.608,28839.5,28843.5,28827.5,28843.5,182
2026-07-19 22:31:03.488,28843.5,28847.5,28831.5,28847.5,419
2026-07-19 22:31:05.344,28847.5,28851.5,28835.5,28851.5,188
2026-07-19 22:32:25.000,28851.5,28855.5,28839.5,28855.5,1816
2026-07-19 22:32:29.536,28855.5,28859.5,28843.5,28859.5,177
2026-07-19 22:32:33.220,28859.5,28863.5,28847.5,28863.5,249
2026-07-19 22:32:45.468,28863.5,28867.5,28851.5,28867.5,398
2026-07-19 22:33:02.336,28867.5,28871.5,28855.5,28871.5,364
2026-07-19 22:33:03.772,28871.5,28875.5,28859.5,28875.5,149
2026-07-19 22:36:15.068,28875.5,28879.5,28852.5,28879.5,4099
2026-07-19 22:36:21.756,28879.5,28886,28867.5,28883.5,350
2026-07-19 22:36:25.768,28883.5,28887.5,28871.5,28887.5,128
2026-07-19 22:39:58.892,28887.5,28889,28859.5,28859.5,3148
2026-07-19 22:41:48.748,28859.5,28887.5,28856.5,28887.5,2262
2026-07-19 22:42:26.004,28887.5,28891.5,28875.5,28891.5,726
2026-07-19 22:42:30.992,28891.5,28895.5,28879.5,28895.5,250
2026-07-19 22:42:36.212,28895.5,28899.5,28883.5,28899.5,273
2026-07-19 22:42:44.840,28899.5,28903.5,28887.5,28903.5,495
2026-07-19 22:43:48.472,28903.5,28909.75,28891.5,28907.5,1493
2026-07-19 22:43:49.512,28907.5,28912.5,28895.5,28911.5,274
2026-07-19 22:43:55.412,28911.5,28915.5,28899.5,28915.5,205
2026-07-19 22:48:43.204,28915.5,28919.5,28893.5,28919.5,5296
2026-07-19 22:49:45.336,28919.5,28923.5,28906.5,28923.5,1731
2026-07-19 22:49:46.552,28923.5,28927.5,28911.5,28927.5,266
2026-07-19 22:49:57.596,28927.5,28931.5,28915.5,28931.5,666
2026-07-19 22:50:03.064,28931.5,28935.5,28919.5,28935.5,328
2026-07-19 22:50:06.244,28935.5,28939.5,28923.5,28939.5,319
2026-07-19 22:51:47.160,28939.5,28939.75,28911.5,28911.5,2273
2026-07-19 22:51:58.068,28911.5,28923.5,28907.5,28907.5,204
2026-07-19 22:52:42.772,28907.5,28919.5,28903.5,28903.5,612
2026-07-19 22:55:30.124,28903.5,28917,28899.5,28899.5,1903
2026-07-19 22:55:41.004,28899.5,28911.5,28895.5,28895.5,360
2026-07-19 22:56:01.336,28895.5,28907.5,28891.5,28891.5,634
2026-07-19 22:57:29.312,28891.5,28911.25,28887.5,28887.5,2044
2026-07-19 22:57:40.872,28887.5,28899.5,28883.5,28883.5,305
2026-07-19 23:01:15.692,28883.5,28911.5,28883.5,28911.5,2695
2026-07-19 23:04:28.108,28911.5,28913.75,28883.5,28883.5,2654
2026-07-19 23:05:18.540,28883.5,28895.5,28879.5,28879.5,581
2026-07-19 23:05:26.980,28879.5,28891.5,28875.5,28875.5,192
2026-07-19 23:05:42.732,28875.5,28887.5,28871.5,28871.5,371
2026-07-19 23:05:52.096,28871.5,28883.5,28867.5,28867.5,230
2026-07-19 23:06:36.020,28867.5,28879.5,28863.5,28863.5,730
2026-07-19 23:07:11.124,28863.5,28875.5,28859.5,28859.5,670
2026-07-19 23:14:07.632,28859.5,28887.5,28856,28887.5,5248
2026-07-19 23:14:09.036,28887.5,28891.5,28875.5,28891.5,167
2026-07-19 23:15:49.696,28891.5,28895.5,28868,28895.5,1648
2026-07-19 23:15:53.660,28895.5,28899.5,28883.5,28899.5,142
2026-07-19 23:15:55.468,28899.5,28903.5,28887.5,28903.5,222
2026-07-19 23:15:56.688,28903.5,28907.75,28891.5,28907.5,112
2026-07-19 23:16:58.016,28907.5,28911.5,28895.5,28911.5,1085
2026-07-19 23:20:52.012,28911.5,28914.75,28883.5,28883.5,2763
2026-07-19 23:22:28.260,28883.5,28897.25,28879.5,28879.5,1008
2026-07-19 23:23:14.404,28879.5,28891.5,28875.5,28875.5,657
2026-07-19 23:23:16.848,28875.5,28887.5,28871.5,28871.5,120
2026-07-19 23:23:19.024,28871.5,28883.5,28867.5,28867.5,119
2026-07-19 23:23:20.192,28867.5,28879.5,28862,28863.5,198
2026-07-19 23:24:28.748,28863.5,28891.5,28863,28891.5,1169
2026-07-19 23:24:34.964,28891.5,28895.5,28879.5,28895.5,101
2026-07-19 23:30:11.092,28895.5,28898,28867.5,28867.5,3214
2026-07-19 23:31:13.008,28867.5,28895.5,28867,28895.5,784
2026-07-19 23:31:14.624,28895.5,28899.5,28883.5,28899.5,67
2026-07-19 23:31:16.456,28899.5,28903.5,28887.5,28903.5,138
2026-07-19 23:32:54.392,28903.5,28904,28875.5,28875.5,1114
2026-07-19 23:33:02.960,28875.5,28887.5,28871.5,28871.5,160
2026-07-19 23:34:07.252,28871.5,28885.5,28867.5,28867.5,780
2026-07-19 23:34:25.832,28867.5,28879.5,28863.5,28863.5,301
2026-07-19 23:35:09.520,28863.5,28875.5,28859.5,28859.5,417
2026-07-19 23:35:32.772,28859.5,28871.5,28855.5,28855.5,467
2026-07-19 23:35:49.816,28855.5,28867.5,28851.5,28851.5,284
2026-07-19 23:37:30.448,28851.5,28879.5,28849.75,28879.5,1712
2026-07-19 23:37:44.520,28879.5,28883.5,28867.5,28883.5,295
2026-07-19 23:37:47.588,28883.5,28887.5,28871.5,28887.5,99
2026-07-19 23:40:31.188,28887.5,28891.5,28874.5,28891.5,1795
2026-07-19 23:42:38.316,28891.5,28895.5,28868.25,28895.5,2166
2026-07-19 23:42:56.700,28895.5,28899.5,28883.5,28899.5,207
2026-07-19 23:48:38.456,28899.5,28903.5,28884.25,28903.5,3714
2026-07-19 23:50:29.752,28903.5,28907.5,28891.5,28907.5,1136
2026-07-19 23:50:35.512,28907.5,28911.5,28895.5,28911.5,161
2026-07-19 23:50:54.908,28911.5,28915.5,28899.5,28915.5,340
2026-07-19 23:50:56.012,28915.5,28921,28903.5,28919.5,219
2026-07-19 23:51:47.784,28919.5,28923.5,28907.5,28923.5,739
2026-07-19 23:52:31.216,28923.5,28927.5,28911.5,28927.5,628
2026-07-19 23:52:38.084,28927.5,28931.5,28915.5,28931.5,193
2026-07-19 23:53:26.616,28931.5,28935.5,28919.5,28935.5,817
2026-07-19 23:56:09.108,28935.5,28937.5,28907.5,28907.5,2585
2026-07-19 23:56:35.544,28907.5,28919.5,28903.5,28903.5,443
2026-07-19 23:57:03.868,28903.5,28915.5,28899.5,28899.5,383
2026-07-19 23:57:59.764,28899.5,28911.5,28895.5,28895.5,732
2026-07-19 23:58:03.656,28895.5,28907.5,28891.5,28891.5,86
2026-07-19 23:58:09.384,28891.5,28903.5,28887.5,28887.5,174
2026-07-19 23:58:23.516,28887.5,28899.5,28883.5,28883.5,297
2026-07-20 00:01:14.268,28883.5,28911.5,28880.75,28911.5,2484
2026-07-20 00:01:15.368,28911.5,28915.5,28899.5,28915.5,103
2026-07-20 00:05:29.020,28915.5,28919.25,28887.5,28887.5,2883
2026-07-20 00:06:33.924,28887.5,28899.5,28883.5,28883.5,689
2026-07-20 00:06:59.920,28883.5,28895.5,28879.5,28879.5,320
2026-07-20 00:07:12.992,28879.5,28891.5,28875.5,28875.5,245
2026-07-20 00:07:14.316,28875.5,28887.5,28871.5,28871.5,60
2026-07-20 00:14:33.276,28871.5,28887.25,28867.5,28867.5,4626
2026-07-20 00:14:39.372,28867.5,28879.5,28863.5,28863.5,195
2026-07-20 00:15:20.988,28863.5,28875.5,28859.5,28859.5,497
2026-07-20 00:17:12.824,28859.5,28871.5,28855.5,28855.5,985
2026-07-20 00:17:42.988,28855.5,28867.5,28851.5,28851.5,392
2026-07-20 00:17:44.056,28851.5,28863.5,28844,28847.5,339
2026-07-20 00:22:27.040,28847.5,28864.5,28843.5,28843.5,3612
2026-07-20 00:25:14.772,28843.5,28871.5,28842.5,28871.5,1660
2026-07-20 00:26:19.268,28871.5,28875.5,28859.5,28875.5,811
2026-07-20 00:26:42.548,28875.5,28879.5,28863.5,28879.5,254
2026-07-20 00:26:50.776,28879.5,28883.5,28867.5,28883.5,183
2026-07-20 00:26:57.920,28883.5,28887.5,28871.5,28887.5,164
2026-07-20 00:27:08.664,28887.5,28891.5,28875.5,28891.5,324
2026-07-20 00:27:41.424,28891.5,28895.5,28879.5,28895.5,528
2026-07-20 00:28:33.168,28895.5,28899.5,28883.5,28899.5,678
2026-07-20 00:29:44.472,28899.5,28903.5,28887.5,28903.5,941
2026-07-20 00:32:09.364,28903.5,28907.5,28888.25,28907.5,1444
2026-07-20 00:32:12.840,28907.5,28911.5,28895.5,28911.5,113
2026-07-20 00:32:18.172,28911.5,28915.5,28899.5,28915.5,152
2026-07-20 00:32:48.788,28915.5,28919.5,28903.5,28919.5,496
2026-07-20 00:33:01.508,28919.5,28923.5,28907.5,28923.5,338
2026-07-20 00:33:02.836,28923.5,28927.75,28911.5,28927.5,110
2026-07-20 00:33:27.064,28927.5,28931.5,28915.5,28931.5,505
2026-07-20 00:33:58.916,28931.5,28935.75,28903.5,28903.5,996
2026-07-20 00:36:55.952,28903.5,28920.25,28899.5,28899.5,2032
2026-07-20 00:39:01.372,28899.5,28927.5,28897.5,28927.5,1423
2026-07-20 00:39:08.800,28927.5,28931.5,28915.5,28931.5,138
2026-07-20 00:39:25.364,28931.5,28935.5,28919.5,28935.5,347
2026-07-20 00:41:46.312,28935.5,28936,28907.5,28907.5,2136
2026-07-20 00:44:13.228,28907.5,28935.5,28906.75,28935.5,1616
2026-07-20 00:44:18.456,28935.5,28939.5,28923.5,28939.5,262
2026-07-20 00:55:37.932,28939.5,28942.75,28911.5,28911.5,6671
2026-07-20 00:55:40.064,28911.5,28923.5,28907.5,28907.5,76
2026-07-20 00:56:06.580,28907.5,28919.5,28903.5,28903.5,390
2026-07-20 00:56:07.640,28903.5,28915.5,28899,28899.5,210
2026-07-20 00:58:47.636,28899.5,28911.5,28895.5,28895.5,1087
2026-07-20 01:00:20.012,28895.5,28907.5,28891.5,28891.5,988
2026-07-20 01:00:43.148,28891.5,28903.5,28887.5,28887.5,402
2026-07-20 01:03:00.248,28887.5,28901,28883.5,28883.5,1565
2026-07-20 01:03:02.256,28883.5,28895.5,28879.5,28879.5,171
2026-07-20 01:03:09.116,28879.5,28891.5,28875.5,28875.5,212
2026-07-20 01:05:15.012,28875.5,28887.5,28871.5,28871.5,1395
2026-07-20 01:05:26.548,28871.5,28883.5,28867.5,28867.5,256
2026-07-20 01:06:00.204,28867.5,28879.5,28863.5,28863.5,401
2026-07-20 01:06:02.764,28863.5,28875.5,28859.5,28859.5,242
2026-07-20 01:09:10.864,28859.5,28871.5,28855.5,28855.5,2252
2026-07-20 01:09:30.620,28855.5,28867.5,28851.5,28851.5,292
2026-07-20 01:09:31.716,28851.5,28863.5,28847.5,28847.5,136
2026-07-20 01:09:33.508,28847.5,28859.5,28843.5,28843.5,199
2026-07-20 01:10:55.164,28843.5,28855.5,28839.5,28839.5,1314
2026-07-20 01:10:56.192,28839.5,28851.5,28835.25,28835.5,132
2026-07-20 01:11:03.524,28835.5,28847.5,28831.5,28831.5,443
2026-07-20 01:11:28.036,28831.5,28843.5,28827.5,28827.5,660
2026-07-20 01:11:56.592,28827.5,28839.5,28823.5,28823.5,873
2026-07-20 01:12:05.400,28823.5,28835.5,28819.5,28819.5,423
2026-07-20 01:12:16.336,28819.5,28831.5,28815.5,28815.5,403
2026-07-20 01:13:41.784,28815.5,28843.5,28812,28843.5,2109
2026-07-20 01:13:55.744,28843.5,28847.5,28831.5,28847.5,421
2026-07-20 01:13:57.212,28847.5,28851.5,28835.5,28851.5,68
2026-07-20 01:13:58.224,28851.5,28858.5,28839.5,28855.5,232
2026-07-20 01:14:11.748,28855.5,28859.5,28843.5,28859.5,402
2026-07-20 01:14:19.576,28859.5,28863.5,28847.5,28863.5,270
2026-07-20 01:14:27.956,28863.5,28867.5,28851.5,28867.5,267
2026-07-20 01:17:58.268,28867.5,28869.75,28839.5,28839.5,3180
2026-07-20 01:20:26.372,28839.5,28856.75,28835.5,28835.5,1864
2026-07-20 01:23:39.392,28835.5,28852,28831.5,28831.5,2046
2026-07-20 01:23:46.676,28831.5,28843.5,28827.5,28827.5,280
2026-07-20 01:30:04.900,28827.5,28851.25,28823.5,28823.5,4879
2026-07-20 01:34:41.064,28823.5,28839.25,28819.5,28819.5,2832
2026-07-20 01:39:15.676,28819.5,28836,28815.5,28815.5,2529
2026-07-20 01:42:02.948,28815.5,28832.5,28811.5,28811.5,2337
2026-07-20 01:46:02.600,28811.5,28826.5,28807.5,28807.5,2419
2026-07-20 01:52:28.224,28807.5,28832,28803.5,28803.5,4170
2026-07-20 01:54:27.064,28803.5,28815.5,28799.5,28799.5,1155
2026-07-20 01:54:43.856,28799.5,28811.5,28795.5,28795.5,343
2026-07-20 01:54:48.752,28795.5,28807.5,28791.5,28791.5,162
2026-07-20 01:57:56.072,28791.5,28819.5,28788,28819.5,2752
2026-07-20 01:58:09.876,28819.5,28823.75,28807.5,28823.5,456
2026-07-20 01:59:24.052,28823.5,28823.5,28795.5,28795.5,919
2026-07-20 02:00:00.732,28795.5,28823.5,28795.5,28823.5,526
2026-07-20 02:05:39.360,28823.5,28824.75,28795.5,28795.5,4890
2026-07-20 02:10:35.432,28795.5,28820,28791.5,28791.5,3389
2026-07-20 02:10:36.432,28791.5,28803.5,28783,28787.5,316
2026-07-20 02:11:46.472,28787.5,28799.5,28783.5,28783.5,1114
2026-07-20 02:15:13.552,28783.5,28797.25,28779.5,28779.5,1949
2026-07-20 02:16:38.116,28779.5,28807.5,28778,28807.5,1291
2026-07-20 02:19:03.768,28807.5,28808,28779.5,28779.5,1992
2026-07-20 02:20:06.656,28779.5,28807.5,28777.75,28807.5,1118
2026-07-20 02:20:28.016,28807.5,28811.5,28795.5,28811.5,376
2026-07-20 02:20:41.836,28811.5,28815.5,28799.5,28815.5,208
2026-07-20 02:22:00.336,28815.5,28816,28787.5,28787.5,957
2026-07-20 02:24:26.240,28787.5,28799.5,28783.5,28783.5,1499
2026-07-20 02:24:37.912,28783.5,28795.5,28779.5,28779.5,156
2026-07-20 02:24:42.048,28779.5,28791.5,28775.5,28775.5,184
2026-07-20 02:24:49.616,28775.5,28787.5,28771.5,28771.5,277
2026-07-20 02:35:43.500,28771.5,28797,28767.5,28767.5,7063
2026-07-20 02:41:22.128,28767.5,28795.5,28765.5,28795.5,3786
2026-07-20 02:41:23.144,28795.5,28808.5,28783.5,28803.5,660
2026-07-20 02:41:35.692,28803.5,28807.5,28791.5,28807.5,283
2026-07-20 02:41:52.504,28807.5,28811.5,28795.5,28811.5,603
2026-07-20 02:47:51.620,28811.5,28814,28783.5,28783.5,5117
2026-07-20 02:48:04.340,28783.5,28795.5,28779.5,28779.5,308
2026-07-20 02:52:07.704,28779.5,28807.5,28778.5,28807.5,2230
2026-07-20 03:00:00.844,28807.5,28811.5,28780.75,28811.5,4352
2026-07-20 03:00:03.168,28811.5,28815.5,28799.5,28815.5,337
2026-07-20 03:00:11.380,28815.5,28819.5,28803.5,28819.5,314
2026-07-20 03:00:17.620,28819.5,28823.5,28807.5,28823.5,369
2026-07-20 03:01:36.628,28823.5,28827.5,28811.5,28827.5,1814
2026-07-20 03:01:47.792,28827.5,28831.5,28815.5,28831.5,318
2026-07-20 03:17:44.560,28831.5,28834.5,28803.5,28803.5,10663
2026-07-20 03:17:58.804,28803.5,28815.5,28799.5,28799.5,397
2026-07-20 03:22:22.700,28799.5,28827.5,28797.75,28827.5,3743
2026-07-20 03:22:28.184,28827.5,28831.5,28815.5,28831.5,264
2026-07-20 03:22:29.204,28831.5,28838.5,28819.5,28835.5,217
2026-07-20 03:22:43.852,28835.5,28839.5,28823.5,28839.5,671
2026-07-20 03:22:46.856,28839.5,28843.5,28827.5,28843.5,281
2026-07-20 03:22:59.020,28843.5,28847.5,28831.5,28847.5,362
2026-07-20 03:26:13.616,28847.5,28852.25,28834.25,28851.5,3564
2026-07-20 03:26:25.236,28851.5,28855.5,28839.5,28855.5,282
2026-07-20 03:26:30.096,28855.5,28859.5,28843.5,28859.5,132
2026-07-20 03:26:46.524,28859.5,28863.5,28847.5,28863.5,343
2026-07-20 03:27:00.112,28863.5,28867.5,28851.5,28867.5,283
2026-07-20 03:27:07.660,28867.5,28871.5,28855.5,28871.5,338
2026-07-20 03:27:24.892,28871.5,28875.5,28859.5,28875.5,442
2026-07-20 03:29:20.608,28875.5,28879.5,28861.25,28879.5,1966
2026-07-20 03:29:32.316,28879.5,28883.5,28867.5,28883.5,357
2026-07-20 03:30:08.104,28883.5,28887.5,28871.5,28887.5,980
2026-07-20 03:30:11.904,28887.5,28891.5,28875.5,28891.5,177
2026-07-20 03:30:13.064,28891.5,28895.5,28879.5,28895.5,91
2026-07-20 03:30:18.848,28895.5,28899.5,28883.5,28899.5,250
2026-07-20 03:30:20.692,28899.5,28903.5,28887.5,28903.5,248
2026-07-20 03:30:24.236,28903.5,28907.5,28891.5,28907.5,263
2026-07-20 03:34:29.572,28907.5,28911.5,28883.25,28911.5,3917
2026-07-20 03:34:34.324,28911.5,28915.5,28899.5,28915.5,273
2026-07-20 03:34:35.592,28915.5,28919.5,28903.5,28919.5,145
2026-07-20 03:41:18.792,28919.5,28923.5,28897,28923.5,7475
2026-07-20 03:42:00.112,28923.5,28926.25,28895.5,28895.5,1054
2026-07-20 03:42:06.316,28895.5,28907.5,28891.5,28891.5,296
2026-07-20 03:47:40.024,28891.5,28918,28887.5,28887.5,4821
2026-07-20 03:48:41.952,28887.5,28899.5,28883.5,28883.5,1054
2026-07-20 03:51:01.860,28883.5,28895.5,28879.5,28879.5,1336
2026-07-20 03:56:15.748,28879.5,28907.5,28879.25,28907.5,3068
2026-07-20 03:56:17.380,28907.5,28911.5,28895.5,28911.5,150
2026-07-20 03:56:41.260,28911.5,28915.5,28899.5,28915.5,541
2026-07-20 03:56:59.396,28915.5,28919.5,28903.5,28919.5,252
2026-07-20 04:00:09.656,28919.5,28923.5,28903,28923.5,2956
2026-07-20 04:00:10.676,28923.5,28928,28911.5,28927.5,99
2026-07-20 04:00:23.960,28927.5,28931.5,28915.5,28931.5,774
2026-07-20 04:07:06.460,28931.5,28934.5,28903.5,28903.5,6328
2026-07-20 04:07:39.264,28903.5,28915.5,28899.5,28899.5,526
2026-07-20 04:08:04.528,28899.5,28911.5,28895.5,28895.5,466
2026-07-20 04:08:25.048,28895.5,28907.5,28891.5,28891.5,227
2026-07-20 04:12:37.212,28891.5,28919.5,28889.75,28919.5,3129
2026-07-20 04:12:40.884,28919.5,28923.5,28907.5,28923.5,134
2026-07-20 04:12:43.996,28923.5,28927.5,28911.5,28927.5,176
2026-07-20 04:15:04.248,28927.5,28931.5,28915.5,28931.5,1402
2026-07-20 04:15:06.864,28931.5,28935.5,28919.5,28935.5,171
2026-07-20 04:16:27.648,28935.5,28939.5,28923.5,28939.5,998
2026-07-20 04:20:27.360,28939.5,28939.75,28911.5,28911.5,2740
2026-07-20 04:20:31.020,28911.5,28923.5,28907,28907.5,183
2026-07-20 04:20:41.348,28907.5,28919.5,28903.5,28903.5,196
2026-07-20 04:26:01.600,28903.5,28915.5,28899.5,28899.5,2576
2026-07-20 04:26:44.040,28899.5,28911.5,28895.5,28895.5,433
2026-07-20 04:30:30.352,28895.5,28909.75,28891.5,28891.5,1925
2026-07-20 04:30:41.480,28891.5,28903.5,28887.5,28887.5,286
2026-07-20 04:30:50.024,28887.5,28899.5,28883.5,28883.5,176
2026-07-20 04:30:54.052,28883.5,28895.5,28879.5,28879.5,188
2026-07-20 04:33:13.168,28879.5,28891.5,28875.5,28875.5,1669
2026-07-20 04:33:14.184,28875.5,28887.5,28871.5,28871.5,144
2026-07-20 04:37:37.232,28871.5,28885,28867.5,28867.5,2596
2026-07-20 04:37:42.272,28867.5,28879.5,28863.5,28863.5,108
2026-07-20 05:07:38.880,28863.5,28890.75,28859.5,28859.5,15810
2026-07-20 05:15:17.684,28859.5,28887.5,28854.75,28887.5,3914
2026-07-20 05:15:32.884,28887.5,28891.5,28875.5,28891.5,176
2026-07-20 05:16:32.700,28891.5,28895.5,28879.5,28895.5,582
2026-07-20 05:17:20.460,28895.5,28899.5,28883.5,28899.5,533
2026-07-20 05:21:29.484,28899.5,28903.5,28880.25,28903.5,1993
2026-07-20 05:21:50.304,28903.5,28907.5,28891.5,28907.5,356
2026-07-20 05:23:13.948,28907.5,28911.5,28895.5,28911.5,670
2026-07-20 05:23:40.060,28911.5,28915.5,28899.5,28915.5,262
2026-07-20 05:36:22.852,28915.5,28919.5,28897.75,28919.5,5120
2026-07-20 05:39:57.772,28919.5,28923.5,28907.5,28923.5,1461
2026-07-20 05:40:54.508,28923.5,28927.5,28911.5,28927.5,445
2026-07-20 05:41:38.176,28927.5,28931.5,28915.5,28931.5,395
2026-07-20 05:41:47.340,28931.5,28935.5,28919.5,28935.5,268
2026-07-20 05:43:36.588,28935.5,28939.5,28923.5,28939.5,1121
2026-07-20 05:45:07.352,28939.5,28943.5,28927.5,28943.5,1011
2026-07-20 05:45:16.420,28943.5,28947.5,28931.5,28947.5,266
2026-07-20 05:45:18.248,28947.5,28951.5,28935.5,28951.5,197
2026-07-20 05:46:52.964,28951.5,28955.5,28939.5,28955.5,996
2026-07-20 05:48:08.504,28955.5,28959.5,28943.5,28959.5,672
2026-07-20 05:48:09.532,28959.5,28966,28947.5,28963.5,378
2026-07-20 05:49:49.216,28963.5,28967.5,28951.5,28967.5,1269
2026-07-20 05:51:02.532,28967.5,28971.5,28955.5,28971.5,648
2026-07-20 05:52:29.028,28971.5,28975.5,28959.5,28975.5,770
2026-07-20 05:52:41.852,28975.5,28983.25,28963.5,28979.5,657
2026-07-20 05:52:42.868,28979.5,28993,28967.5,28991.5,644
2026-07-20 05:52:44.912,28991.5,28996.25,28979.5,28995.5,235
2026-07-20 05:55:02.240,28995.5,28997.75,28967.5,28967.5,2620
2026-07-20 05:55:15.192,28967.5,28979.5,28963.5,28963.5,281
2026-07-20 05:55:34.420,28963.5,28975.5,28959.5,28959.5,356
2026-07-20 05:55:40.584,28959.5,28971.5,28955.5,28955.5,140
2026-07-20 05:57:13.832,28955.5,28967.5,28951.5,28951.5,1232
2026-07-20 06:00:40.836,28951.5,28967,28947.5,28947.5,2542
2026-07-20 06:00:53.640,28947.5,28959.5,28943.5,28943.5,245
2026-07-20 06:01:11.528,28943.5,28955.5,28939.5,28939.5,412
2026-07-20 06:06:29.568,28939.5,28951.5,28935.5,28935.5,2348
2026-07-20 06:06:40.376,28935.5,28947.5,28931.5,28931.5,256
2026-07-20 06:07:08.824,28931.5,28943.5,28927.5,28927.5,402
2026-07-20 06:15:10.144,28927.5,28944.5,28923.5,28923.5,3327
2026-07-20 06:21:07.936,28923.5,28951.5,28921,28951.5,3455
2026-07-20 06:28:53.340,28951.5,28955.5,28933,28955.5,3693
2026-07-20 06:28:59.304,28955.5,28959.5,28943.5,28959.5,129
2026-07-20 06:30:31.592,28959.5,28963.5,28947.5,28963.5,1078
2026-07-20 06:30:32.616,28963.5,28976,28951.5,28971.5,588
2026-07-20 06:46:37.356,28971.5,28975.5,28946,28975.5,7715
2026-07-20 06:46:38.492,28975.5,28979.5,28963.5,28979.5,114
2026-07-20 07:00:04.020,28979.5,28983.5,28960.75,28983.5,5831
2026-07-20 07:01:22.140,28983.5,28987.5,28963.5,28987.5,1569
2026-07-20 07:04:35.668,28987.5,28991.5,28967.25,28991.5,2309
2026-07-20 07:05:07.592,28991.5,28995.5,28979.5,28995.5,640
2026-07-20 07:05:14.184,28995.5,28999.5,28983.5,28999.5,297
2026-07-20 07:08:50.188,28999.5,29003.5,28987.5,29003.5,2632
2026-07-20 07:11:35.192,29003.5,29007.5,28991.5,29007.5,1676
2026-07-20 07:13:04.076,29007.5,29011.5,28995.5,29011.5,1122
2026-07-20 07:13:22.840,29011.5,29015.5,28999.5,29015.5,300
2026-07-20 07:13:34.220,29015.5,29019.5,29003.5,29019.5,330
2026-07-20 07:13:35.780,29019.5,29023.5,29007.5,29023.5,233
2026-07-20 07:21:35.180,29023.5,29025.75,28995.5,28995.5,5110
2026-07-20 07:22:14.344,28995.5,29007.5,28991.5,28991.5,439
2026-07-20 07:30:11.336,28991.5,29019.5,28988.25,29019.5,3968
2026-07-20 07:30:12.344,29019.5,29033.25,29007.5,29031.5,986
2026-07-20 07:30:14.580,29031.5,29035.5,29010.75,29035.5,736
2026-07-20 07:30:15.584,29035.5,29046,29023.5,29039.5,584
2026-07-20 07:30:28.452,29039.5,29048,29027,29043.5,1773
2026-07-20 07:30:29.880,29043.5,29048.25,29031.5,29047.5,151
2026-07-20 07:30:31.476,29047.5,29051.5,29035.5,29051.5,213
2026-07-20 07:30:32.712,29051.5,29056.75,29039.5,29055.5,358
2026-07-20 07:30:33.740,29055.5,29067.5,29043.5,29059.5,286
2026-07-20 07:31:24.160,29059.5,29063.5,29033.75,29063.5,2740
2026-07-20 07:31:28.692,29063.5,29067.5,29051.5,29067.5,529
2026-07-20 07:31:34.108,29067.5,29071.5,29055.5,29071.5,562
2026-07-20 07:31:35.900,29071.5,29075.5,29059.5,29075.5,231
2026-07-20 07:32:19.072,29075.5,29079.5,29062.5,29079.5,2207
2026-07-20 07:32:21.244,29079.5,29083.5,29067.5,29083.5,191
2026-07-20 07:32:27.316,29083.5,29087.5,29071.5,29087.5,413
2026-07-20 07:32:28.364,29087.5,29091.5,29075.5,29091.5,168
2026-07-20 07:32:29.364,29091.5,29097.5,29079.5,29095.5,175
2026-07-20 07:33:11.352,29095.5,29099.5,29075.25,29099.5,2933
2026-07-20 07:33:15.632,29099.5,29103.5,29087.5,29103.5,650
2026-07-20 07:35:23.056,29103.5,29107.5,29078.5,29107.5,5281
2026-07-20 07:40:21.876,29107.5,29110.5,29079.5,29079.5,6376
2026-07-20 07:41:13.928,29079.5,29107.5,29075.5,29107.5,1941
2026-07-20 07:47:29.624,29107.5,29108.5,29079.5,29079.5,6254
2026-07-20 07:47:43.468,29079.5,29091.5,29075.5,29075.5,461
2026-07-20 07:47:44.472,29075.5,29087.5,29070.75,29071.5,303
2026-07-20 07:47:48.136,29071.5,29083.5,29067.5,29067.5,471
2026-07-20 07:47:49.736,29067.5,29079.5,29062.5,29063.5,195
2026-07-20 07:50:04.364,29063.5,29075.5,29059.5,29059.5,3142
2026-07-20 07:50:07.340,29059.5,29071.5,29054,29055.5,437
2026-07-20 07:50:12.616,29055.5,29067.5,29051.5,29051.5,265
2026-07-20 07:52:53.768,29051.5,29079.5,29048.25,29079.5,3896
2026-07-20 07:54:35.132,29079.5,29083.5,29067.5,29083.5,1335
2026-07-20 08:00:48.976,29083.5,29086,29055.5,29055.5,4031
2026-07-20 08:00:50.104,29055.5,29067.5,29051,29051.5,267
2026-07-20 08:00:52.248,29051.5,29063.5,29045.75,29047.5,562
2026-07-20 08:01:56.244,29047.5,29059.5,29043.5,29043.5,1291
2026-07-20 08:02:04.840,29043.5,29055.5,29039.5,29039.5,524
2026-07-20 08:02:10.668,29039.5,29051.5,29035.5,29035.5,450
2026-07-20 08:02:25.708,29035.5,29047.75,29031.5,29031.5,1159
2026-07-20 08:02:28.508,29031.5,29043.5,29027.5,29027.5,342
2026-07-20 08:02:29.528,29027.5,29039.5,29019,29023.5,459
2026-07-20 08:02:30.540,29023.5,29035.5,29013.5,29015.5,284
2026-07-20 08:02:31.968,29015.5,29027.5,29011.5,29011.5,287
2026-07-20 08:02:32.976,29011.5,29023.5,28995,28999.5,1122
2026-07-20 08:02:34.428,28999.5,29011.5,28995.5,28995.5,395
2026-07-20 08:02:52.472,28995.5,29011.75,28991.5,28991.5,1413
2026-07-20 08:02:54.728,28991.5,29003.5,28987.5,28987.5,227
2026-07-20 08:02:55.988,28987.5,28999.5,28983.5,28983.5,177
2026-07-20 08:04:16.628,28983.5,29011.5,28981.5,29011.5,5271
2026-07-20 08:04:18.088,29011.5,29016.25,28999.5,29015.5,125
2026-07-20 08:06:25.296,29015.5,29019.5,28996.25,29019.5,3555
2026-07-20 08:06:28.928,29019.5,29023.5,29007.5,29023.5,203
2026-07-20 08:12:25.964,29023.5,29026,28995.5,28995.5,7012
2026-07-20 08:13:30.748,28995.5,29007.5,28991.5,28991.5,1168
2026-07-20 08:18:14.512,28991.5,29019.5,28990,29019.5,3986
2026-07-20 08:27:24.520,29019.5,29023.5,28998.75,29023.5,5548
2026-07-20 08:27:46.876,29023.5,29027.5,29011.5,29027.5,316
2026-07-20 08:28:01.408,29027.5,29031.5,29015.5,29031.5,436
2026-07-20 08:28:16.208,29031.5,29035.5,29019.5,29035.5,573
2026-07-20 08:30:00.344,29035.5,29039.5,29023.5,29039.5,1353
2026-07-20 08:35:35.348,29039.5,29044.25,29017,29043.5,5572
2026-07-20 08:43:22.992,29043.5,29046.75,29015.5,29015.5,5954
2026-07-20 08:44:13.668,29015.5,29027.5,29011.5,29011.5,844
2026-07-20 08:44:20.820,29011.5,29023.5,29007.5,29007.5,204
2026-07-20 08:44:42.684,29007.5,29019.5,29003.5,29003.5,459
2026-07-20 08:47:55.520,29003.5,29031.5,29000.75,29031.5,2934
2026-07-20 08:48:01.836,29031.5,29035.5,29019.5,29035.5,268
2026-07-20 08:48:06.512,29035.5,29039.5,29023.5,29039.5,251
2026-07-20 08:48:17.064,29039.5,29043.5,29027.5,29043.5,268
2026-07-20 08:54:51.324,29043.5,29044,29015.5,29015.5,5601
2026-07-20 08:55:03.952,29015.5,29027.5,29011.5,29011.5,376
2026-07-20 08:55:28.356,29011.5,29023.5,29007.5,29007.5,573
2026-07-20 08:55:33.184,29007.5,29019.5,29003.5,29003.5,190
2026-07-20 09:00:00.704,29003.5,29031.5,29003.5,29031.5,3826
2026-07-20 09:00:01.732,29031.5,29040.5,29019.5,29035.5,412
2026-07-20 09:00:02.732,29035.5,29050,29023.5,29047.5,500
2026-07-20 09:00:03.844,29047.5,29051.5,29035.5,29051.5,150
2026-07-20 09:03:07.324,29051.5,29055.5,29031.75,29055.5,4854
2026-07-20 09:13:36.724,29055.5,29058,29027.5,29027.5,10130
2026-07-20 09:14:53.428,29027.5,29039.5,29023.5,29023.5,1142
2026-07-20 09:26:16.388,29023.5,29051.5,29021,29051.5,10464
2026-07-20 09:26:30.076,29051.5,29055.5,29039.5,29055.5,416
2026-07-20 09:26:31.544,29055.5,29059.5,29043.5,29059.5,366
2026-07-20 09:28:01.688,29059.5,29059.75,29031.5,29031.5,3002
2026-07-20 09:28:34.192,29031.5,29043.5,29027.5,29027.5,997
2026-07-20 09:29:09.336,29027.5,29039.5,29023.5,29023.5,694
2026-07-20 09:30:00.288,29023.5,29051.5,29021.25,29051.5,1887
2026-07-20 09:30:03.884,29051.5,29055.5,29025.75,29055.5,1622
2026-07-20 09:30:04.896,29055.5,29063,29043.5,29059.5,462
2026-07-20 09:30:06.712,29059.5,29064.75,29047.5,29063.5,577
2026-07-20 09:30:49.524,29063.5,29067.5,29038,29067.5,5542
2026-07-20 09:31:01.808,29067.5,29071.5,29055.5,29071.5,1592
2026-07-20 09:31:03.136,29071.5,29080,29059.5,29075.5,767
2026-07-20 09:31:04.136,29075.5,29081,29063.5,29079.5,236
2026-07-20 09:31:08.548,29079.5,29083.5,29067.5,29083.5,1035
2026-07-20 09:31:44.952,29083.5,29084.25,29055.5,29055.5,6260
2026-07-20 09:31:45.956,29055.5,29067.5,29047.75,29051.5,696
2026-07-20 09:32:04.980,29051.5,29079.5,29047.75,29079.5,3528
2026-07-20 09:32:06.228,29079.5,29086.75,29067.5,29083.5,618
2026-07-20 09:32:08.808,29083.5,29087.5,29071.5,29087.5,721
2026-07-20 09:32:10.412,29087.5,29091.5,29075.5,29091.5,421
2026-07-20 09:32:11.812,29091.5,29095.5,29079.5,29095.5,461
2026-07-20 09:32:12.848,29095.5,29099.5,29083.5,29099.5,404
2026-07-20 09:32:16.500,29099.5,29103.5,29087.5,29103.5,1134
2026-07-20 09:32:17.736,29103.5,29107.5,29091.5,29107.5,490
2026-07-20 09:32:25.236,29107.5,29111.5,29095.5,29111.5,1854
2026-07-20 09:33:24.340,29111.5,29115.5,29096.5,29115.5,9572
2026-07-20 09:33:48.556,29115.5,29119.5,29103.5,29119.5,3262
2026-07-20 09:33:57.248,29119.5,29123.5,29107.5,29123.5,1435
2026-07-20 09:34:33.740,29123.5,29127.5,29111.5,29127.5,5602
2026-07-20 09:34:36.484,29127.5,29131.5,29115.5,29131.5,676
2026-07-20 09:34:40.748,29131.5,29135.5,29119.5,29135.5,722
2026-07-20 09:35:00.980,29135.5,29139.5,29123.5,29139.5,3080
2026-07-20 09:35:09.184,29139.5,29143.5,29127.5,29143.5,2325
2026-07-20 09:35:35.260,29143.5,29147.5,29129.25,29147.5,3978
2026-07-20 09:37:01.104,29147.5,29151.5,29126,29151.5,11620
2026-07-20 09:37:12.676,29151.5,29155.5,29139.5,29155.5,1818
2026-07-20 09:37:52.952,29155.5,29159.5,29143.5,29159.5,4275
2026-07-20 09:37:55.064,29159.5,29163.5,29147.5,29163.5,638
2026-07-20 09:39:13.660,29163.5,29167.5,29135.5,29135.5,11143
2026-07-20 09:39:18.056,29135.5,29147.5,29131.5,29131.5,947
2026-07-20 09:39:24.864,29131.5,29143.5,29127.5,29127.5,1032
2026-07-20 09:39:26.240,29127.5,29139.5,29123.5,29123.5,379
2026-07-20 09:39:32.896,29123.5,29135.5,29119.5,29119.5,1695
2026-07-20 09:41:20.068,29119.5,29147.5,29119,29147.5,13081
2026-07-20 09:41:24.512,29147.5,29151.5,29135.5,29151.5,946
2026-07-20 09:41:32.780,29151.5,29155.5,29139.5,29155.5,1010
2026-07-20 09:42:23.724,29155.5,29159.5,29138.5,29159.5,5853
2026-07-20 09:43:02.200,29159.5,29163.5,29147.5,29163.5,3941
2026-07-20 09:43:25.176,29163.5,29167.5,29151.5,29167.5,2464
2026-07-20 09:43:27.908,29167.5,29173,29155.5,29171.5,1202
2026-07-20 09:43:29.680,29171.5,29175.5,29159.5,29175.5,449
2026-07-20 09:43:36.104,29175.5,29179.5,29163.5,29179.5,1681
2026-07-20 09:45:02.228,29179.5,29183.5,29166,29183.5,9153
2026-07-20 09:45:03.256,29183.5,29188.5,29171.5,29187.5,815
2026-07-20 09:45:20.132,29187.5,29191.5,29175.5,29191.5,3454
2026-07-20 09:46:15.972,29191.5,29192.5,29163.5,29163.5,8209
2026-07-20 09:46:33.192,29163.5,29175.5,29159.5,29159.5,2245
2026-07-20 09:46:34.200,29159.5,29171.5,29155.5,29155.5,310
2026-07-20 09:46:46.564,29155.5,29167.5,29151.5,29151.5,1791
2026-07-20 09:47:15.696,29151.5,29163.5,29147.5,29147.5,3701
2026-07-20 09:47:20.036,29147.5,29159.5,29143.5,29143.5,848
2026-07-20 09:48:17.908,29143.5,29160,29139.5,29139.5,6211
2026-07-20 09:48:46.816,29139.5,29151.5,29135.5,29135.5,2808
2026-07-20 09:49:24.092,29135.5,29147.5,29131.5,29131.5,3652
2026-07-20 09:49:27.212,29131.5,29143.5,29127.5,29127.5,599
2026-07-20 09:49:42.016,29127.5,29139.5,29123.5,29123.5,2094
2026-07-20 09:49:43.604,29123.5,29135.5,29119.5,29119.5,603
2026-07-20 09:49:53.788,29119.5,29131.5,29115.5,29115.5,2208
2026-07-20 09:50:34.320,29115.5,29131.25,29111.5,29111.5,5385
2026-07-20 09:50:36.760,29111.5,29123.5,29107.5,29107.5,903
2026-07-20 09:50:41.060,29107.5,29119.5,29103.5,29103.5,1233
2026-07-20 09:50:44.712,29103.5,29115.5,29099.5,29099.5,1119
2026-07-20 09:51:20.052,29099.5,29111.5,29095.5,29095.5,4904
2026-07-20 09:51:28.788,29095.5,29107.5,29091,29091.5,1999
2026-07-20 09:51:38.348,29091.5,29103.5,29087.5,29087.5,1570
2026-07-20 09:51:39.348,29087.5,29099.5,29081.25,29083.5,573
2026-07-20 09:51:40.388,29083.5,29095.5,29078,29079.5,486
2026-07-20 09:51:44.572,29079.5,29091.5,29075.5,29075.5,1238
2026-07-20 09:51:50.700,29075.5,29087.5,29071.25,29071.5,1478
2026-07-20 09:52:18.524,29071.5,29083.5,29067.5,29067.5,5336
2026-07-20 09:52:19.524,29067.5,29079.5,29045.5,29051.5,2295
2026-07-20 09:52:20.524,29051.5,29063.5,29038,29043.5,710
2026-07-20 09:52:21.536,29043.5,29055.5,29035.25,29039.5,610
2026-07-20 09:52:22.552,29039.5,29051.5,29032.5,29035.5,559
2026-07-20 09:52:23.784,29035.5,29047.5,29031.5,29031.5,405
2026-07-20 09:52:47.136,29031.5,29059.5,29031.25,29059.5,4724
2026-07-20 09:53:15.256,29059.5,29062.5,29031.5,29031.5,4349
2026-07-20 09:53:36.120,29031.5,29043.5,29027.5,29027.5,3637
2026-07-20 09:53:57.160,29027.5,29055.5,29027.25,29055.5,3535
2026-07-20 09:54:01.844,29055.5,29059.5,29043.5,29059.5,824
2026-07-20 09:54:38.376,29059.5,29063.5,29045,29063.5,4674
2026-07-20 09:54:39.376,29063.5,29071,29051.5,29067.5,503
2026-07-20 09:54:55.700,29067.5,29072,29055.5,29071.5,2198
2026-07-20 09:55:42.436,29071.5,29072.5,29043.5,29043.5,6288
2026-07-20 09:56:02.608,29043.5,29061.5,29039.5,29039.5,2971
2026-07-20 09:56:04.888,29039.5,29051.5,29035.5,29035.5,700
2026-07-20 09:56:12.244,29035.5,29047.5,29031.5,29031.5,1162
2026-07-20 09:56:15.972,29031.5,29043.5,29027.5,29027.5,776
2026-07-20 09:56:33.476,29027.5,29039.5,29023.5,29023.5,3406
2026-07-20 09:56:34.588,29023.5,29035.5,29018.5,29019.5,806
2026-07-20 09:57:20.164,29019.5,29041.5,29015.5,29015.5,6677
2026-07-20 09:57:21.168,29015.5,29027.5,29007.5,29011.5,681
2026-07-20 09:57:22.180,29011.5,29023.5,29005.5,29007.5,484
2026-07-20 09:57:23.828,29007.5,29019.5,29003.5,29003.5,491
2026-07-20 09:57:29.668,29003.5,29015.5,28999.5,28999.5,1387
2026-07-20 09:58:45.692,28999.5,29016.5,28995.5,28995.5,10019
2026-07-20 09:58:50.224,28995.5,29007.5,28991.5,28991.5,601
2026-07-20 09:58:52.004,28991.5,29003.5,28987.5,28987.5,650
2026-07-20 09:58:57.912,28987.5,28999.5,28983.5,28983.5,926
2026-07-20 10:00:09.916,28983.5,29006.75,28979.5,28979.5,11241
2026-07-20 10:01:20.660,28979.5,29005.75,28975.5,28975.5,12856
2026-07-20 10:01:26.340,28975.5,28987.5,28971.5,28971.5,1447
2026-07-20 10:01:29.876,28971.5,28983.5,28967.5,28967.5,914
2026-07-20 10:01:31.808,28967.5,28979.5,28963.5,28963.5,900
2026-07-20 10:02:01.160,28963.5,28991.5,28961,28991.5,5340
2026-07-20 10:02:03.872,28991.5,28995.5,28979.5,28995.5,656
2026-07-20 10:02:06.656,28995.5,28999.5,28983.5,28999.5,701
2026-07-20 10:02:10.176,28999.5,29003.5,28987.5,29003.5,952
2026-07-20 10:02:14.740,29003.5,29009,28991.5,29007.5,1550
2026-07-20 10:02:22.800,29007.5,29011.5,28995.5,29011.5,1398
2026-07-20 10:02:25.288,29011.5,29015.5,28999.5,29015.5,643
2026-07-20 10:02:26.372,29015.5,29019.5,29003.5,29019.5,416
2026-07-20 10:03:01.168,29019.5,29023.5,29000.75,29023.5,6013
2026-07-20 10:03:11.544,29023.5,29027.5,29011.5,29027.5,2013
2026-07-20 10:03:13.228,29027.5,29031.5,29015.5,29031.5,692
2026-07-20 10:03:59.780,29031.5,29035.5,29019.5,29035.5,5934
2026-07-20 10:04:02.252,29035.5,29039.5,29023.5,29039.5,692
2026-07-20 10:04:05.180,29039.5,29043.5,29027.5,29043.5,885
2026-07-20 10:04:09.728,29043.5,29047.5,29031.5,29047.5,1084
2026-07-20 10:04:46.180,29047.5,29048.5,29019.5,29019.5,5187
2026-07-20 10:04:47.884,29019.5,29031.5,29015.5,29015.5,416
2026-07-20 10:05:02.188,29015.5,29027.5,29011.5,29011.5,1999
2026-07-20 10:05:59.488,29011.5,29028.75,29007.5,29007.5,7204
2026-07-20 10:06:12.584,29007.5,29019.5,29003.5,29003.5,2195
2026-07-20 10:06:28.704,29003.5,29018,28999.5,28999.5,2641
2026-07-20 10:06:32.068,28999.5,29011.5,28995.5,28995.5,715
2026-07-20 10:06:36.272,28995.5,29007.5,28991.5,28991.5,937
2026-07-20 10:07:09.672,28991.5,29011.25,28987.5,28987.5,4053
2026-07-20 10:07:11.680,28987.5,28999.5,28983.5,28983.5,740
2026-07-20 10:07:43.600,28983.5,29011.5,28981.75,29011.5,4475
2026-07-20 10:07:49.464,29011.5,29015.5,28999.5,29015.5,990
2026-07-20 10:07:51.580,29015.5,29020,29003.5,29019.5,564
2026-07-20 10:08:52.420,29019.5,29023.25,28991.5,28991.5,8149
2026-07-20 10:10:11.368,28991.5,29014.25,28987.5,28987.5,8527
2026-07-20 10:10:17.768,28987.5,28999.5,28983.5,28983.5,1161
2026-07-20 10:10:18.812,28983.5,28995.5,28976.25,28979.5,793
2026-07-20 10:10:31.060,28979.5,28991.5,28975.5,28975.5,1681
2026-07-20 10:10:32.060,28975.5,28987.5,28969.5,28971.5,525
2026-07-20 10:10:41.932,28971.5,28983.5,28967.5,28967.5,1329
2026-07-20 10:10:43.116,28967.5,28979.5,28963.5,28963.5,353
2026-07-20 10:10:45.828,28963.5,28975.5,28959.5,28959.5,794
2026-07-20 10:11:43.116,28959.5,28980.5,28955.25,28955.5,9499
2026-07-20 10:11:46.044,28955.5,28967.5,28951.25,28951.5,1026
2026-07-20 10:11:47.244,28951.5,28963.5,28947.5,28947.5,737
2026-07-20 10:11:48.848,28947.5,28959.5,28943.5,28943.5,664
2026-07-20 10:12:42.664,28943.5,28963.5,28939.5,28939.5,7890
2026-07-20 10:13:58.600,28939.5,28967.5,28938.25,28967.5,9520
2026-07-20 10:14:00.344,28967.5,28971.5,28955.5,28971.5,488
2026-07-20 10:14:02.080,28971.5,28976,28959.5,28975.5,661
2026-07-20 10:14:11.164,28975.5,28979.5,28963.5,28979.5,1425
2026-07-20 10:14:12.172,28979.5,28988.75,28967.5,28987.5,625
2026-07-20 10:14:14.148,28987.5,28991.5,28975.5,28991.5,615
2026-07-20 10:14:30.164,28991.5,28992,28963.5,28963.5,2863
2026-07-20 10:15:03.996,28963.5,28975.5,28959.5,28959.5,4035
2026-07-20 10:15:16.460,28959.5,28987.5,28955,28987.5,3184
2026-07-20 10:15:17.624,28987.5,28991.5,28975.5,28991.5,315
2026-07-20 10:15:43.112,28991.5,28995.5,28974.5,28995.5,3854
2026-07-20 10:16:00.992,28995.5,28999.5,28983.5,28999.5,2314
2026-07-20 10:16:02.000,28999.5,29004,28987.5,29003.5,387
2026-07-20 10:16:41.232,29003.5,29005.5,28975.5,28975.5,5688
2026-07-20 10:16:42.304,28975.5,28987.5,28971.5,28971.5,296
2026-07-20 10:16:46.032,28971.5,28983.5,28967.5,28967.5,671
2026-07-20 10:16:52.496,28967.5,28979.5,28963.5,28963.5,895
2026-07-20 10:16:53.568,28963.5,28975.5,28959.5,28959.5,241
2026-07-20 10:17:06.504,28959.5,28971.5,28955.5,28955.5,1602
2026-07-20 10:17:07.612,28955.5,28967.5,28951.5,28951.5,442
2026-07-20 10:18:01.988,28951.5,28967,28947.5,28947.5,6137
2026-07-20 10:18:04.452,28947.5,28959.5,28943.5,28943.5,541
2026-07-20 10:18:10.460,28943.5,28955.5,28939.5,28939.5,1211
2026-07-20 10:19:01.044,28939.5,28967.5,28939.25,28967.5,6113
2026-07-20 10:19:02.568,28967.5,28971.5,28955.5,28971.5,335
2026-07-20 10:19:03.584,28971.5,28978,28959.5,28975.5,502
2026-07-20 10:19:26.960,28975.5,28977.25,28947.5,28947.5,2654
2026-07-20 10:19:27.988,28947.5,28959.5,28942.75,28943.5,360
2026-07-20 10:20:27.588,28943.5,28965,28939.5,28939.5,6140
2026-07-20 10:20:28.684,28939.5,28951.5,28933,28935.5,839
2026-07-20 10:20:29.688,28935.5,28947.5,28929.25,28931.5,624
2026-07-20 10:20:30.688,28931.5,28943.5,28924.25,28927.5,615
2026-07-20 10:21:05.324,28927.5,28945.25,28923.5,28923.5,4554
2026-07-20 10:21:10.568,28923.5,28935.5,28918.75,28919.5,1613
2026-07-20 10:21:14.160,28919.5,28931.5,28915.5,28915.5,820
2026-07-20 10:21:38.344,28915.5,28927.5,28911.5,28911.5,3498
2026-07-20 10:22:20.632,28911.5,28935.5,28907.5,28907.5,6583
2026-07-20 10:22:42.224,28907.5,28935.5,28907.5,28935.5,2989
2026-07-20 10:22:46.984,28935.5,28939.5,28923.5,28939.5,734
2026-07-20 10:22:59.688,28939.5,28944.25,28927.5,28943.5,1693
2026-07-20 10:23:01.032,28943.5,28947.5,28931.5,28947.5,421
2026-07-20 10:23:02.656,28947.5,28951.5,28935.5,28951.5,416
2026-07-20 10:23:24.180,28951.5,28955.5,28936.25,28955.5,2951
2026-07-20 10:23:26.544,28955.5,28959.5,28943.5,28959.5,630
2026-07-20 10:23:30.792,28959.5,28963.5,28947.5,28963.5,855
2026-07-20 10:23:34.664,28963.5,28969.5,28951.5,28967.5,897
2026-07-20 10:23:41.992,28967.5,28971.5,28955.5,28971.5,1027
2026-07-20 10:23:50.172,28971.5,28975.5,28959.5,28975.5,913
2026-07-20 10:24:04.368,28975.5,28979.5,28963.5,28979.5,1700
2026-07-20 10:24:20.320,28979.5,28983.5,28967.5,28983.5,2228
2026-07-20 10:25:09.816,28983.5,28987.5,28962.5,28987.5,5876
2026-07-20 10:25:11.012,28987.5,28991.5,28975.5,28991.5,412
2026-07-20 10:25:12.608,28991.5,28995.5,28979.5,28995.5,651
2026-07-20 10:25:53.980,28995.5,28999.5,28979.25,28999.5,5061
2026-07-20 10:26:39.368,28999.5,29003.5,28980.75,29003.5,5644
2026-07-20 10:26:40.552,29003.5,29007.5,28991.5,29007.5,430
2026-07-20 10:26:41.860,29007.5,29012.5,28995.5,29011.5,777
2026-07-20 10:28:15.700,29011.5,29014.25,28983.5,28983.5,10162
2026-07-20 10:28:36.060,28983.5,28995.5,28979.5,28979.5,2252
2026-07-20 10:29:02.196,28979.5,29007.5,28975.75,29007.5,3427
2026-07-20 10:29:26.108,29007.5,29011.5,28995.5,29011.5,2277
2026-07-20 10:29:27.124,29011.5,29017.5,28999.5,29015.5,559
2026-07-20 10:29:31.028,29015.5,29019.5,29003.5,29019.5,949
2026-07-20 10:29:34.088,29019.5,29023.5,29007.5,29023.5,602
2026-07-20 10:29:37.880,29023.5,29027.5,29011.5,29027.5,1007
2026-07-20 10:29:58.288,29027.5,29031.5,29015.5,29031.5,2647
2026-07-20 10:30:12.704,29031.5,29035.5,29019.5,29035.5,2639
2026-07-20 10:30:41.352,29035.5,29039.5,29023.5,29039.5,3653
2026-07-20 10:30:42.352,29039.5,29043.75,29027.5,29043.5,380
2026-07-20 10:30:51.472,29043.5,29047.5,29031.5,29047.5,1395
2026-07-20 10:31:20.532,29047.5,29050,29019.5,29019.5,5060
2026-07-20 10:31:23.832,29019.5,29031.5,29015.5,29015.5,732
2026-07-20 10:32:18.132,29015.5,29033.5,29011.5,29011.5,6232
2026-07-20 10:32:26.572,29011.5,29023.5,29007.5,29007.5,1102
2026-07-20 10:32:29.276,29007.5,29019.5,29003.5,29003.5,689
2026-07-20 10:32:32.108,29003.5,29015.5,28999.5,28999.5,888
2026-07-20 10:32:36.420,28999.5,29011.5,28995.5,28995.5,942
2026-07-20 10:32:37.428,28995.5,29007.5,28990,28991.5,478
2026-07-20 10:34:04.056,28991.5,29015.25,28987.5,28987.5,9410
2026-07-20 10:34:08.472,28987.5,28999.5,28983.5,28983.5,991
2026-07-20 10:35:36.116,28983.5,29011.5,28980.25,29011.5,9582
2026-07-20 10:35:39.592,29011.5,29015.5,28999.5,29015.5,594
2026-07-20 10:35:55.536,29015.5,29019.5,29001.75,29019.5,2035
2026-07-20 10:35:56.544,29019.5,29026,29007.5,29023.5,402
2026-07-20 10:36:46.672,29023.5,29025.5,28995.5,28995.5,5350
2026-07-20 10:36:58.312,28995.5,29007.5,28991.5,28991.5,1075
2026-07-20 10:37:05.176,28991.5,29003.5,28987.5,28987.5,1079
2026-07-20 10:37:06.440,28987.5,28999.5,28983,28983.5,414
2026-07-20 10:37:08.108,28983.5,28995.5,28979.5,28979.5,429
2026-07-20 10:38:20.124,28979.5,29002.25,28975.5,28975.5,7775
2026-07-20 10:40:12.492,28975.5,29003.5,28972.25,29003.5,11442
2026-07-20 10:40:16.060,29003.5,29007.5,28991.5,29007.5,493
2026-07-20 10:40:27.356,29007.5,29011.5,28995.5,29011.5,1412
2026-07-20 10:40:40.224,29011.5,29015.5,28999.5,29015.5,1388
2026-07-20 10:41:37.076,29015.5,29016.75,28987.5,28987.5,5326
2026-07-20 10:41:45.928,28987.5,28999.5,28983.5,28983.5,888
2026-07-20 10:41:51.980,28983.5,28995.5,28979.5,28979.5,709
2026-07-20 10:41:53.100,28979.5,28991.5,28975.5,28975.5,274
2026-07-20 10:42:33.888,28975.5,28997.25,28971.5,28971.5,4306
2026-07-20 10:43:35.260,28971.5,28990.75,28967.5,28967.5,5092
2026-07-20 10:43:38.756,28967.5,28979.5,28963.5,28963.5,830
2026-07-20 10:43:39.760,28963.5,28975.5,28959,28959.5,534
2026-07-20 10:43:44.284,28959.5,28971.5,28955.5,28955.5,859
2026-07-20 10:45:02.224,28955.5,28977,28951.5,28951.5,8429
2026-07-20 10:45:03.228,28951.5,28963.5,28945,28947.5,745
2026-07-20 10:45:04.228,28947.5,28959.5,28940.25,28943.5,458
2026-07-20 10:45:05.228,28943.5,28955.5,28937.75,28939.5,474
2026-07-20 10:45:06.228,28939.5,28951.5,28933.25,28935.5,610
2026-07-20 10:45:47.136,28935.5,28963.5,28931.5,28963.5,5967
2026-07-20 10:45:49.524,28963.5,28967.5,28951.5,28967.5,683
2026-07-20 10:45:51.328,28967.5,28971.5,28955.5,28971.5,548
2026-07-20 10:45:56.212,28971.5,28975.5,28959.5,28975.5,995
2026-07-20 10:45:58.404,28975.5,28979.5,28963.5,28979.5,623
2026-07-20 10:46:10.048,28979.5,28983.5,28967.5,28983.5,2070
2026-07-20 10:46:15.848,28983.5,28987.5,28971.5,28987.5,806
2026-07-20 10:46:16.852,28987.5,28997.5,28975.5,28991.5,618
2026-07-20 10:46:17.856,28991.5,28997.5,28979.5,28995.5,320
2026-07-20 10:46:19.552,28995.5,28999.5,28983.5,28999.5,414
2026-07-20 10:47:26.628,28999.5,29004.5,28971.5,28971.5,8511
2026-07-20 10:47:28.340,28971.5,28983.5,28967.5,28967.5,341
2026-07-20 10:47:36.360,28967.5,28979.5,28963.5,28963.5,806
2026-07-20 10:47:58.012,28963.5,28975.5,28959.5,28959.5,2057
2026-07-20 10:47:59.016,28959.5,28971.5,28953.25,28955.5,294
2026-07-20 10:48:00.748,28955.5,28967.5,28951.5,28951.5,292
2026-07-20 10:48:19.116,28951.5,28963.5,28947.5,28947.5,2507
2026-07-20 10:48:20.160,28947.5,28959.5,28943.5,28943.5,198
2026-07-20 10:48:21.552,28943.5,28955.5,28939.5,28939.5,453
2026-07-20 10:48:22.732,28939.5,28951.5,28935,28935.5,446
2026-07-20 10:48:23.900,28935.5,28947.5,28931.5,28931.5,296
2026-07-20 10:48:29.640,28931.5,28943.5,28927.5,28927.5,907
2026-07-20 10:50:00.596,28927.5,28950.5,28923.5,28923.5,9112
2026-07-20 10:50:05.268,28923.5,28935.5,28919.25,28919.5,905
2026-07-20 10:52:49.684,28919.5,28946.75,28915.5,28915.5,16624
2026-07-20 10:52:50.896,28915.5,28927.5,28911.5,28911.5,377
2026-07-20 10:53:01.788,28911.5,28923.5,28907.5,28907.5,1572
2026-07-20 10:53:02.852,28907.5,28919.5,28902.25,28903.5,985
2026-07-20 10:53:44.592,28903.5,28916.75,28899.5,28899.5,5282
2026-07-20 10:56:11.592,28899.5,28927.5,28895.75,28927.5,16032
2026-07-20 10:56:24.228,28927.5,28928,28899.5,28899.5,1878
2026-07-20 10:56:31.584,28899.5,28911.5,28895.5,28895.5,1175
2026-07-20 10:56:46.676,28895.5,28907.5,28891.5,28891.5,2038
2026-07-20 10:56:48.928,28891.5,28903.5,28887.5,28887.5,663
2026-07-20 10:57:18.472,28887.5,28899.5,28883.5,28883.5,3796
2026-07-20 10:58:35.860,28883.5,28910,28879.5,28879.5,10579
2026-07-20 10:59:18.588,28879.5,28891.5,28875.5,28875.5,4347
2026-07-20 11:00:38.776,28875.5,28903.5,28873.25,28903.5,9492
2026-07-20 11:00:45.008,28903.5,28907.5,28891.5,28907.5,771
2026-07-20 11:00:56.696,28907.5,28911.5,28895.5,28911.5,1412
2026-07-20 11:01:01.484,28911.5,28915.5,28899.5,28915.5,837
2026-07-20 11:01:02.784,28915.5,28919.5,28903.5,28919.5,460
2026-07-20 11:02:01.096,28919.5,28923.5,28904.75,28923.5,6157
2026-07-20 11:02:03.572,28923.5,28928,28911.5,28927.5,526
2026-07-20 11:02:04.580,28927.5,28934.5,28915.5,28931.5,646
2026-07-20 11:02:49.868,28931.5,28935.5,28917.25,28935.5,4346
2026-07-20 11:02:50.880,28935.5,28939.5,28923.5,28939.5,310
2026-07-20 11:03:00.132,28939.5,28943.5,28927.5,28943.5,1083
2026-07-20 11:03:01.260,28943.5,28947.5,28931.5,28947.5,427
2026-07-20 11:03:02.664,28947.5,28951.5,28935.5,28951.5,591
2026-07-20 11:03:11.204,28951.5,28955.5,28939.5,28955.5,1254
2026-07-20 11:03:52.720,28955.5,28957,28927.5,28927.5,4814
2026-07-20 11:04:21.680,28927.5,28939.5,28923.5,28923.5,2622
2026-07-20 11:04:23.704,28923.5,28935.5,28919.5,28919.5,348
2026-07-20 11:04:24.932,28919.5,28931.5,28915.5,28915.5,346
2026-07-20 11:05:17.876,28915.5,28939.25,28911.5,28911.5,6443
2026-07-20 11:05:32.296,28911.5,28923.5,28907.5,28907.5,1575
2026-07-20 11:05:36.712,28907.5,28919.5,28903.5,28903.5,612
2026-07-20 11:05:37.784,28903.5,28915.5,28899.5,28899.5,326
2026-07-20 11:05:52.100,28899.5,28911.5,28895.5,28895.5,1629
2026-07-20 11:05:53.112,28895.5,28907.5,28887.5,28891.5,429
2026-07-20 11:05:54.120,28891.5,28903.5,28884.25,28887.5,399
2026-07-20 11:06:16.464,28887.5,28915.5,28884,28915.5,3074
2026-07-20 11:07:05.460,28915.5,28919.5,28903.25,28919.5,3523
2026-07-20 11:07:09.584,28919.5,28923.5,28907.5,28923.5,450
2026-07-20 11:07:11.564,28923.5,28927.5,28911.5,28927.5,369
2026-07-20 11:07:12.564,28927.5,28933.5,28915.5,28931.5,331
2026-07-20 11:07:19.436,28931.5,28935.5,28919.5,28935.5,836
2026-07-20 11:07:47.768,28935.5,28939.5,28923.5,28939.5,2107
2026-07-20 11:07:53.116,28939.5,28943.5,28927.5,28943.5,556
2026-07-20 11:07:57.140,28943.5,28947.5,28931.5,28947.5,514
2026-07-20 11:08:11.772,28947.5,28951.5,28935.5,28951.5,1437
2026-07-20 11:08:54.036,28951.5,28955.5,28939.5,28955.5,3282
2026-07-20 11:08:55.040,28955.5,28972.25,28943.5,28967.5,2021
2026-07-20 11:08:56.044,28967.5,28983.75,28955.5,28975.5,1177
2026-07-20 11:09:05.620,28975.5,28980,28963,28979.5,2491
2026-07-20 11:09:47.032,28979.5,28983.5,28957.5,28983.5,4351
2026-07-20 11:09:49.212,28983.5,28987.5,28971.5,28987.5,540
2026-07-20 11:10:38.360,28987.5,28990.25,28959.5,28959.5,4777
2026-07-20 11:10:45.492,28959.5,28971.5,28955.5,28955.5,502
2026-07-20 11:11:08.408,28955.5,28967.5,28951.5,28951.5,1845
2026-07-20 11:11:09.572,28951.5,28963.5,28947.5,28947.5,281
2026-07-20 11:11:10.584,28947.5,28959.5,28941.25,28943.5,427
2026-07-20 11:11:11.980,28943.5,28955.5,28939.5,28939.5,324
2026-07-20 11:14:39.168,28939.5,28965,28935.5,28935.5,15318
2026-07-20 11:15:21.604,28935.5,28955.25,28931.5,28931.5,3276
2026-07-20 11:15:46.396,28931.5,28959.5,28928.75,28959.5,2547
2026-07-20 11:15:49.140,28959.5,28963.5,28947.5,28963.5,380
2026-07-20 11:16:14.016,28963.5,28967.5,28951.5,28967.5,1988
2026-07-20 11:16:41.220,28967.5,28971.5,28955.5,28971.5,1879
2026-07-20 11:16:50.712,28971.5,28975.5,28959.5,28975.5,756
2026-07-20 11:17:00.276,28975.5,28979.5,28963.5,28979.5,679
2026-07-20 11:17:02.008,28979.5,28983.5,28967.5,28983.5,255
2026-07-20 11:17:38.224,28983.5,28987.5,28971.5,28987.5,2290
2026-07-20 11:17:44.532,28987.5,28991.5,28975.5,28991.5,600
2026-07-20 11:17:47.456,28991.5,28995.5,28979.5,28995.5,652
2026-07-20 11:19:26.904,28995.5,28998,28967.5,28967.5,6599
2026-07-20 11:20:02.808,28967.5,28980.5,28963.5,28963.5,2636
2026-07-20 11:20:05.124,28963.5,28975.5,28959.5,28959.5,452
2026-07-20 11:21:01.136,28959.5,28987.5,28958,28987.5,4257
2026-07-20 11:21:06.372,28987.5,28991.5,28975.5,28991.5,473
2026-07-20 11:21:21.828,28991.5,28995.5,28979.5,28995.5,1342
2026-07-20 11:21:38.268,28995.5,28999.5,28983.5,28999.5,1212
2026-07-20 11:21:50.684,28999.5,29003.5,28987.5,29003.5,1228
2026-07-20 11:23:02.840,29003.5,29007.5,28991.5,29007.5,4515
2026-07-20 11:23:04.940,29007.5,29011.5,28995.5,29011.5,451
2026-07-20 11:23:17.916,29011.5,29015.5,28999.5,29015.5,1139
2026-07-20 11:23:21.012,29015.5,29019.5,29003.5,29019.5,411
2026-07-20 11:23:25.296,29019.5,29023.5,29007.5,29023.5,721
2026-07-20 11:25:07.456,29023.5,29025.5,28995.5,28995.5,6655
2026-07-20 11:28:00.372,28995.5,29020.25,28991.5,28991.5,9548
2026-07-20 11:28:02.256,28991.5,29003.5,28987.5,28987.5,490
2026-07-20 11:28:12.792,28987.5,28999.5,28983.5,28983.5,1044
2026-07-20 11:28:36.156,28983.5,28995.5,28979.5,28979.5,1685
2026-07-20 11:28:41.932,28979.5,28991.5,28975.5,28975.5,559
2026-07-20 11:28:42.992,28975.5,28987.5,28971,28971.5,296
2026-07-20 11:29:38.600,28971.5,28999.5,28969,28999.5,4886
2026-07-20 11:29:40.856,28999.5,29003.5,28987.5,29003.5,251
2026-07-20 11:29:48.276,29003.5,29007.5,28991.5,29007.5,648
2026-07-20 11:29:49.700,29007.5,29011.5,28995.5,29011.5,205
2026-07-20 11:29:51.544,29011.5,29015.5,28999.5,29015.5,314
2026-07-20 11:30:01.616,29015.5,29019.5,29003.5,29019.5,1191
2026-07-20 11:30:03.992,29019.5,29023.5,29007.5,29023.5,504
2026-07-20 11:30:57.960,29023.5,29027.5,29011.5,29027.5,3747
2026-07-20 11:31:13.280,29027.5,29031.5,29015.5,29031.5,1495
2026-07-20 11:38:12.768,29031.5,29031.75,29003.5,29003.5,19690
2026-07-20 11:39:22.016,29003.5,29021.25,28999.5,28999.5,4276
2026-07-20 11:40:02.880,28999.5,29011.5,28995.5,28995.5,2024
2026-07-20 11:40:04.040,28995.5,29007.5,28991,28991.5,387
2026-07-20 11:40:12.564,28991.5,29003.5,28987.5,28987.5,812
2026-07-20 11:42:13.552,28987.5,29015.5,28986,29015.5,7929
2026-07-20 11:42:16.560,29015.5,29019.5,29003.5,29019.5,297
2026-07-20 11:42:17.800,29019.5,29023.5,29007.5,29023.5,360
2026-07-20 11:42:19.560,29023.5,29027.5,29011.5,29027.5,319
2026-07-20 11:43:21.260,29027.5,29031.5,29012.75,29031.5,4434
2026-07-20 11:47:38.396,29031.5,29034.5,29003.5,29003.5,15041
2026-07-20 11:47:41.992,29003.5,29015.5,28999.5,28999.5,492
2026-07-20 11:47:46.056,28999.5,29011.5,28995.5,28995.5,469
2026-07-20 11:47:48.000,28995.5,29007.5,28991.5,28991.5,353
2026-07-20 11:48:09.300,28991.5,29005.25,28987.5,28987.5,1810
2026-07-20 11:48:40.400,28987.5,28999.5,28983.5,28983.5,1984
2026-07-20 11:49:14.472,28983.5,28995.5,28979.5,28979.5,2666
2026-07-20 11:50:34.292,28979.5,28997,28975.5,28975.5,5404
2026-07-20 11:51:04.564,28975.5,29003.5,28974.5,29003.5,2908
2026-07-20 11:51:08.844,29003.5,29007.5,28991.5,29007.5,648
2026-07-20 11:51:13.432,29007.5,29011.5,28995.5,29011.5,481
2026-07-20 11:51:35.568,29011.5,29015.5,28999.5,29015.5,1782
2026-07-20 11:51:36.616,29015.5,29019.5,29003.5,29019.5,281
2026-07-20 11:52:53.432,29019.5,29023.5,29007.5,29023.5,4390
2026-07-20 11:53:25.216,29023.5,29027.5,29011.5,29027.5,1474
2026-07-20 11:53:26.256,29027.5,29032,29015.5,29031.5,238
2026-07-20 11:53:28.132,29031.5,29035.5,29019.5,29035.5,357
2026-07-20 11:53:43.488,29035.5,29039.5,29023.5,29039.5,1653
2026-07-20 11:54:05.084,29039.5,29043.5,29027.5,29043.5,1863
2026-07-20 11:54:11.468,29043.5,29047.5,29031.5,29047.5,732
2026-07-20 11:54:14.184,29047.5,29051.5,29035.5,29051.5,669
2026-07-20 11:55:34.372,29051.5,29056.25,29039.5,29055.5,5127
2026-07-20 11:56:08.592,29055.5,29059.5,29043.5,29059.5,2122
2026-07-20 11:56:50.636,29059.5,29063.5,29047.5,29063.5,2357
2026-07-20 12:00:19.136,29063.5,29067.5,29042.5,29067.5,11316
2026-07-20 12:02:04.288,29067.5,29069.25,29039.5,29039.5,6081
2026-07-20 12:02:13.816,29039.5,29051.5,29035.5,29035.5,1581
2026-07-20 12:02:49.080,29035.5,29047.5,29031.5,29031.5,2400
2026-07-20 12:03:51.888,29031.5,29059.5,29029,29059.5,4735
2026-07-20 12:04:08.440,29059.5,29063.5,29047.5,29063.5,1099
2026-07-20 12:05:08.212,29063.5,29067.5,29051.5,29067.5,2782
2026-07-20 12:05:16.096,29067.5,29071.5,29055.5,29071.5,621
2026-07-20 12:05:26.360,29071.5,29075.5,29059.5,29075.5,854
2026-07-20 12:05:34.248,29075.5,29079.5,29063.5,29079.5,804
2026-07-20 12:05:40.008,29079.5,29083.5,29067.5,29083.5,576
2026-07-20 12:05:41.016,29083.5,29091.5,29071.5,29087.5,824
2026-07-20 12:05:42.016,29087.5,29094.5,29075.5,29091.5,369
2026-07-20 12:06:44.572,29091.5,29095.5,29079.5,29095.5,4195
2026-07-20 12:06:59.680,29095.5,29099.5,29083.5,29099.5,952
2026-07-20 12:07:21.448,29099.5,29103.5,29087.5,29103.5,1757
2026-07-20 12:10:14.612,29103.5,29107.5,29091.5,29107.5,7784
2026-07-20 12:10:19.184,29107.5,29111.5,29095.5,29111.5,682
2026-07-20 12:11:25.168,29111.5,29115.5,29099.5,29115.5,3815
2026-07-20 12:16:01.012,29115.5,29118.5,29087.5,29087.5,12355
2026-07-20 12:25:47.436,29087.5,29113,29083.5,29083.5,23417
2026-07-20 12:25:49.532,29083.5,29095.5,29079.5,29079.5,467
2026-07-20 12:26:02.376,29079.5,29091.5,29075.5,29075.5,1152
2026-07-20 12:26:04.880,29075.5,29087.5,29071.5,29071.5,445
2026-07-20 12:30:14.060,29071.5,29099.5,29069.25,29099.5,10537
2026-07-20 12:32:26.384,29099.5,29101,29071.5,29071.5,5618
2026-07-20 12:32:40.040,29071.5,29083.5,29067.5,29067.5,937
2026-07-20 12:33:17.128,29067.5,29079.5,29063.5,29063.5,2119
2026-07-20 12:33:24.932,29063.5,29075.5,29059.5,29059.5,519
2026-07-20 12:33:33.816,29059.5,29071.5,29055.5,29055.5,799
2026-07-20 12:33:46.124,29055.5,29067.5,29051.5,29051.5,1007
2026-07-20 12:33:59.876,29051.5,29063.5,29047.5,29047.5,862
2026-07-20 12:34:18.528,29047.5,29059.5,29043.5,29043.5,1230
2026-07-20 12:39:44.100,29043.5,29071.5,29041.5,29071.5,13853
2026-07-20 12:39:58.036,29071.5,29075.5,29059.5,29075.5,714
2026-07-20 12:40:08.008,29075.5,29079.5,29063.5,29079.5,850
2026-07-20 12:41:23.260,29079.5,29083.5,29051.5,29051.5,4137
2026-07-20 12:41:24.260,29051.5,29063.5,28995.25,28999.5,2615
2026-07-20 12:41:25.812,28999.5,29012.75,28990,28995.5,1293
2026-07-20 12:41:26.816,28995.5,29007.5,28959,28979.5,1475
2026-07-20 12:41:27.836,28979.5,28991.5,28968.75,28975.5,447
2026-07-20 12:41:29.440,28975.5,28987.5,28968.25,28971.5,643
2026-07-20 12:41:33.104,28971.5,28999.5,28969.75,28999.5,1191
2026-07-20 12:41:34.124,28999.5,29008,28987.5,29003.5,521
2026-07-20 12:41:35.192,29003.5,29010,28991.5,29007.5,377
2026-07-20 12:41:36.296,29007.5,29013.25,28995.5,29011.5,222
2026-07-20 12:41:37.304,29011.5,29019.5,28999.5,29015.5,204
2026-07-20 12:41:47.168,29015.5,29019.5,28994.5,29019.5,2003
2026-07-20 12:42:01.500,29019.5,29023.5,29007.5,29023.5,2069
2026-07-20 12:42:08.244,29023.5,29029.25,29011.5,29027.5,884
2026-07-20 12:44:45.216,29027.5,29030.25,28999.5,28999.5,11217
2026-07-20 12:45:03.272,28999.5,29011.5,28995.5,28995.5,1802
2026-07-20 12:46:14.740,28995.5,29011,28991.5,28991.5,5849
2026-07-20 12:46:48.436,28991.5,29019.5,28991.5,29019.5,2380
2026-07-20 12:46:54.260,29019.5,29023.5,29007.5,29023.5,592
2026-07-20 12:47:04.180,29023.5,29027.5,29011.5,29027.5,803
2026-07-20 12:47:13.648,29027.5,29031.5,29015.5,29031.5,902
2026-07-20 12:47:14.672,29031.5,29040.25,29019.5,29039.5,444
2026-07-20 12:49:26.448,29039.5,29043.5,29027.5,29043.5,5009
2026-07-20 12:49:28.840,29043.5,29047.5,29031.5,29047.5,319
2026-07-20 12:49:35.208,29047.5,29051.5,29035.5,29051.5,565
2026-07-20 12:50:58.400,29051.5,29052.25,29023.5,29023.5,4609
2026-07-20 12:51:35.392,29023.5,29036.75,29019.5,29019.5,2801
2026-07-20 12:51:49.108,29019.5,29031.5,29015.5,29015.5,793
2026-07-20 12:51:51.796,29015.5,29027.5,29011.5,29011.5,238
2026-07-20 12:51:53.840,29011.5,29023.5,29007.5,29007.5,222
2026-07-20 12:52:36.752,29007.5,29019.5,29003.5,29003.5,3537
2026-07-20 12:52:37.752,29003.5,29015.5,28998.75,28999.5,422
2026-07-20 12:53:09.084,28999.5,29011.5,28995.5,28995.5,1803
2026-07-20 12:54:02.224,28995.5,29007.5,28991.5,28991.5,3348
2026-07-20 12:54:19.196,28991.5,29003.5,28987,28987.5,2172
2026-07-20 12:54:20.252,28987.5,28999.5,28983.5,28983.5,157
2026-07-20 12:54:40.876,28983.5,28995.5,28979.5,28979.5,1802
2026-07-20 12:54:47.576,28979.5,28991.5,28975.5,28975.5,623
2026-07-20 12:55:09.232,28975.5,28987.5,28971.5,28971.5,1599
2026-07-20 12:56:06.128,28971.5,28984.75,28967.5,28967.5,4281
2026-07-20 12:56:28.036,28967.5,28979.5,28963.5,28963.5,1549
2026-07-20 12:56:33.024,28963.5,28975.5,28959.5,28959.5,575
2026-07-20 12:57:00.468,28959.5,28971.5,28955.5,28955.5,1994
2026-07-20 12:58:34.824,28955.5,28983.5,28955.5,28983.5,6167
2026-07-20 12:59:52.436,28983.5,28987.5,28968.25,28987.5,3653
2026-07-20 13:00:15.828,28987.5,28991.5,28975.5,28991.5,1967
2026-07-20 13:00:29.624,28991.5,28995.5,28979.5,28995.5,1040
2026-07-20 13:00:31.488,28995.5,28999.5,28983.5,28999.5,253
2026-07-20 13:01:42.540,28999.5,28999.5,28971.5,28971.5,4142
2026-07-20 13:01:48.332,28971.5,28983.5,28967.5,28967.5,498
2026-07-20 13:01:53.160,28967.5,28979.5,28963.5,28963.5,582
2026-07-20 13:01:54.204,28963.5,28975.5,28959.5,28959.5,194
2026-07-20 13:02:08.596,28959.5,28971.5,28955.5,28955.5,1642
2026-07-20 13:05:38.228,28955.5,28973,28951.5,28951.5,9933
2026-07-20 13:05:44.800,28951.5,28963.5,28947.5,28947.5,642
2026-07-20 13:06:26.436,28947.5,28959.5,28943.5,28943.5,2196
2026-07-20 13:08:26.840,28943.5,28960.25,28939.5,28939.5,5459
2026-07-20 13:09:37.424,28939.5,28967.5,28937.25,28967.5,4129
2026-07-20 13:10:46.064,28967.5,28970.75,28939.5,28939.5,4645
2026-07-20 13:13:41.972,28939.5,28951.5,28935.5,28935.5,6677
2026-07-20 13:13:52.360,28935.5,28947.5,28931,28931.5,914
2026-07-20 13:14:12.440,28931.5,28943.5,28927.5,28927.5,1336
2026-07-20 13:14:15.228,28927.5,28939.5,28923.5,28923.5,523
2026-07-20 13:15:04.016,28923.5,28935.5,28919.5,28919.5,2513
2026-07-20 13:15:05.416,28919.5,28931.5,28915.5,28915.5,356
2026-07-20 13:15:10.824,28915.5,28927.5,28911.5,28911.5,693
2026-07-20 13:17:38.840,28911.5,28939.5,28910.5,28939.5,8409
2026-07-20 13:18:06.660,28939.5,28943.5,28927.5,28943.5,1789
2026-07-20 13:18:14.436,28943.5,28947.5,28931.5,28947.5,513
2026-07-20 13:18:51.684,28947.5,28951.5,28935.5,28951.5,1852
2026-07-20 13:19:00.548,28951.5,28955.5,28939.5,28955.5,424
2026-07-20 13:19:05.756,28955.5,28959.5,28943.5,28959.5,538
2026-07-20 13:21:23.648,28959.5,28963.5,28942.75,28963.5,6629
2026-07-20 13:22:05.456,28963.5,28967.5,28951.5,28967.5,1985
2026-07-20 13:22:07.308,28967.5,28971.5,28955.5,28971.5,300
2026-07-20 13:22:09.580,28971.5,28975.5,28959.5,28975.5,510
2026-07-20 13:27:53.024,28975.5,28976,28947.5,28947.5,14443
2026-07-20 13:37:01.860,28947.5,28973,28943.5,28943.5,21535
2026-07-20 13:38:14.152,28943.5,28955.5,28939.5,28939.5,2522
2026-07-20 13:40:33.944,28939.5,28957.5,28935.5,28935.5,5020
2026-07-20 13:40:42.140,28935.5,28947.5,28931.5,28931.5,661
2026-07-20 13:40:46.444,28931.5,28943.5,28927.5,28927.5,458
2026-07-20 13:41:17.156,28927.5,28939.5,28923.5,28923.5,1568
2026-07-20 13:41:22.384,28923.5,28935.5,28919.5,28919.5,428
2026-07-20 13:43:07.504,28919.5,28931.5,28915.5,28915.5,4033
2026-07-20 13:43:31.388,28915.5,28927.5,28911.5,28911.5,1281
2026-07-20 13:43:36.484,28911.5,28923.5,28907.5,28907.5,721
2026-07-20 13:43:54.444,28907.5,28919.5,28903.5,28903.5,1195
2026-07-20 13:45:45.336,28903.5,28931.5,28900.5,28931.5,6200
2026-07-20 13:45:46.604,28931.5,28935.5,28919.5,28935.5,195
2026-07-20 13:45:51.464,28935.5,28939.5,28923.5,28939.5,622
2026-07-20 13:46:13.612,28939.5,28943.5,28927.5,28943.5,1446
2026-07-20 13:46:15.120,28943.5,28947.5,28931.5,28947.5,262
2026-07-20 13:48:35.672,28947.5,28951.5,28927,28951.5,6342
2026-07-20 13:48:50.772,28951.5,28955.5,28939.5,28955.5,736
2026-07-20 13:51:51.748,28955.5,28959.5,28939,28959.5,6539
2026-07-20 13:51:54.080,28959.5,28963.5,28947.5,28963.5,323
2026-07-20 13:52:01.512,28963.5,28967.5,28951.5,28967.5,599
2026-07-20 13:52:03.108,28967.5,28971.5,28955.5,28971.5,276
2026-07-20 13:52:21.900,28971.5,28975.5,28959.5,28975.5,1147
2026-07-20 13:52:50.188,28975.5,28979.5,28963.5,28979.5,1383
2026-07-20 13:56:27.716,28979.5,28983,28951.5,28951.5,8667
2026-07-20 13:56:29.644,28951.5,28963.5,28947.5,28947.5,263
2026-07-20 13:56:39.300,28947.5,28959.5,28943.5,28943.5,760
2026-07-20 14:00:15.852,28943.5,28971.5,28940.25,28971.5,8708
2026-07-20 14:00:51.388,28971.5,28975.5,28959.5,28975.5,1525
2026-07-20 14:01:04.400,28975.5,28979.5,28963.5,28979.5,642
2026-07-20 14:01:06.680,28979.5,28983.5,28967.5,28983.5,249
2026-07-20 14:01:07.728,28983.5,28987.5,28971.5,28987.5,369
2026-07-20 14:03:01.216,28987.5,28991.5,28975.5,28991.5,5689
2026-07-20 14:04:49.780,28991.5,28992,28963.5,28963.5,4460
2026-07-20 14:08:04.220,28963.5,28979.75,28959.5,28959.5,7032
2026-07-20 14:09:50.576,28959.5,28987.5,28957,28987.5,4068
2026-07-20 14:10:25.240,28987.5,28991.5,28975.5,28991.5,1752
2026-07-20 14:12:23.520,28991.5,28995.5,28974.75,28995.5,4050
2026-07-20 14:12:36.624,28995.5,28999.5,28983.5,28999.5,993
2026-07-20 14:17:15.628,28999.5,29003.5,28978.75,29003.5,10237
2026-07-20 14:17:29.896,29003.5,29007.5,28991.5,29007.5,1164
2026-07-20 14:21:08.640,29007.5,29010.5,28979.5,28979.5,7131
2026-07-20 14:21:31.404,28979.5,28991.5,28975.5,28975.5,1067
2026-07-20 14:21:34.216,28975.5,28987.5,28959.75,28971.5,1814
2026-07-20 14:21:35.228,28971.5,28983.5,28965.5,28967.5,153
2026-07-20 14:22:12.904,28967.5,28980.75,28963.5,28963.5,2504
2026-07-20 14:22:51.312,28963.5,28975.5,28959.5,28959.5,1700
2026-07-20 14:23:01.984,28959.5,28971.5,28955.5,28955.5,651
2026-07-20 14:23:04.868,28955.5,28967.5,28951.5,28951.5,505
2026-07-20 14:23:07.988,28951.5,28963.5,28947.5,28947.5,546
2026-07-20 14:24:54.280,28947.5,28966.5,28943.5,28943.5,4793
2026-07-20 14:24:55.944,28943.5,28955.5,28939.5,28939.5,290
2026-07-20 14:25:01.592,28939.5,28951.5,28935.5,28935.5,742
2026-07-20 14:26:17.588,28935.5,28963.5,28931.75,28963.5,5288
2026-07-20 14:29:01.816,28963.5,28967.5,28948.5,28967.5,6868
2026-07-20 14:29:15.940,28967.5,28971.5,28955.5,28971.5,663
2026-07-20 14:30:03.504,28971.5,28972.25,28943.5,28943.5,2577
2026-07-20 14:30:05.404,28943.5,28955.5,28939.5,28939.5,287
2026-07-20 14:30:37.580,28939.5,28951.5,28935.5,28935.5,1776
2026-07-20 14:30:42.608,28935.5,28947.5,28931.5,28931.5,492
2026-07-20 14:30:51.508,28931.5,28943.5,28927.5,28927.5,620
2026-07-20 14:30:56.852,28927.5,28939.5,28923.5,28923.5,571
2026-07-20 14:31:18.428,28923.5,28935.5,28919.5,28919.5,1830
2026-07-20 14:33:28.632,28919.5,28933.5,28915.5,28915.5,4828
2026-07-20 14:34:25.976,28915.5,28927.5,28911.5,28911.5,2831
2026-07-20 14:34:41.740,28911.5,28923.5,28907.5,28907.5,782
2026-07-20 14:34:43.008,28907.5,28919.5,28902.25,28903.5,348
2026-07-20 14:34:44.032,28903.5,28915.5,28899.5,28899.5,460
2026-07-20 14:34:45.296,28899.5,28911.5,28895.5,28895.5,455
2026-07-20 14:35:28.332,28895.5,28923.5,28894.25,28923.5,3710
2026-07-20 14:35:36.248,28923.5,28927.5,28911.5,28927.5,572
2026-07-20 14:36:14.788,28927.5,28931.5,28915.5,28931.5,1561
2026-07-20 14:36:47.408,28931.5,28935.5,28919.5,28935.5,1373
2026-07-20 14:36:49.640,28935.5,28939.5,28923.5,28939.5,272
2026-07-20 14:36:51.732,28939.5,28943.5,28927.5,28943.5,235
2026-07-20 14:38:57.956,28943.5,28946.75,28915.5,28915.5,5870
2026-07-20 14:39:11.692,28915.5,28927.5,28911.5,28911.5,597
2026-07-20 14:39:13.216,28911.5,28923.5,28907.5,28907.5,147
2026-07-20 14:39:17.064,28907.5,28919.5,28903.5,28903.5,328
2026-07-20 14:39:26.464,28903.5,28915.5,28899.5,28899.5,503
2026-07-20 14:40:50.808,28899.5,28913.25,28895.5,28895.5,4306
2026-07-20 14:41:00.068,28895.5,28907.5,28891.5,28891.5,1176
2026-07-20 14:41:05.744,28891.5,28903.5,28887.5,28887.5,831
2026-07-20 14:41:16.128,28887.5,28899.5,28883.5,28883.5,1124
2026-07-20 14:41:34.208,28883.5,28895.5,28879.5,28879.5,1388
2026-07-20 14:43:46.532,28879.5,28891.5,28875.5,28875.5,7167
2026-07-20 14:43:47.924,28875.5,28887.5,28870.25,28871.5,723
2026-07-20 14:44:30.704,28871.5,28883.5,28867.5,28867.5,2518
2026-07-20 14:44:45.700,28867.5,28879.5,28863.5,28863.5,1140
2026-07-20 14:44:46.764,28863.5,28875.5,28859,28859.5,372
2026-07-20 14:47:07.424,28859.5,28887.5,28855.75,28887.5,10235
2026-07-20 14:53:07.208,28887.5,28891.5,28864,28891.5,15983
2026-07-20 14:54:14.936,28891.5,28895.5,28878.75,28895.5,2775
2026-07-20 14:54:35.068,28895.5,28899.5,28883.5,28899.5,1357
2026-07-20 14:54:43.588,28899.5,28903.5,28887.5,28903.5,700
2026-07-20 14:57:07.800,28903.5,28903.5,28875.5,28875.5,5522
2026-07-20 14:57:40.712,28875.5,28887.5,28871.5,28871.5,1274
2026-07-20 14:58:02.528,28871.5,28883.5,28867.5,28867.5,774
2026-07-20 14:58:30.480,28867.5,28879.5,28863.5,28863.5,1273
2026-07-20 14:58:38.044,28863.5,28875.5,28859.5,28859.5,521
2026-07-20 14:58:40.612,28859.5,28871.5,28855.5,28855.5,289
2026-07-20 15:00:33.648,28855.5,28883.5,28855.25,28883.5,5710
2026-07-20 15:00:45.652,28883.5,28887.5,28871.5,28887.5,574
2026-07-20 15:00:48.376,28887.5,28891.5,28875.5,28891.5,318
2026-07-20 15:01:00.860,28891.5,28895.5,28879.5,28895.5,925
2026-07-20 15:02:23.840,28895.5,28896,28867.5,28867.5,4086
2026-07-20 15:02:43.032,28867.5,28879.5,28863.5,28863.5,1232
2026-07-20 15:02:59.208,28863.5,28875.5,28859.5,28859.5,686
2026-07-20 15:03:05.144,28859.5,28871.5,28855.5,28855.5,492
2026-07-20 15:03:06.204,28855.5,28867.5,28851,28851.5,505
2026-07-20 15:03:07.316,28851.5,28863.5,28847.5,28847.5,507
2026-07-20 15:04:00.844,28847.5,28859.5,28843.5,28843.5,3878
2026-07-20 15:04:06.592,28843.5,28855.5,28839.5,28839.5,695
2026-07-20 15:05:45.772,28839.5,28853.25,28835.5,28835.5,5758
2026-07-20 15:10:17.424,28835.5,28863.5,28832,28863.5,14297
2026-07-20 15:10:22.808,28863.5,28867.5,28851.5,28867.5,516
2026-07-20 15:10:24.784,28867.5,28871.5,28855.5,28871.5,326
2026-07-20 15:10:26.108,28871.5,28875.5,28859.5,28875.5,233
2026-07-20 15:11:14.816,28875.5,28878.25,28847.5,28847.5,4210
2026-07-20 15:11:24.144,28847.5,28859.5,28843.5,28843.5,642
2026-07-20 15:11:28.196,28843.5,28855.5,28839.5,28839.5,406
2026-07-20 15:12:39.848,28839.5,28851.5,28835.5,28835.5,3551
2026-07-20 15:13:03.484,28835.5,28847.5,28831.5,28831.5,1143
2026-07-20 15:13:06.632,28831.5,28843.5,28827.5,28827.5,737
2026-07-20 15:13:09.004,28827.5,28839.5,28823.5,28823.5,585
2026-07-20 15:13:36.400,28823.5,28835.5,28819.5,28819.5,2083
2026-07-20 15:13:38.796,28819.5,28831.5,28815.5,28815.5,361
2026-07-20 15:14:32.268,28815.5,28827.5,28811.5,28811.5,3604
2026-07-20 15:15:00.400,28811.5,28823.5,28807.5,28807.5,1746
2026-07-20 15:15:01.404,28807.5,28819.5,28803,28803.5,463
2026-07-20 15:15:05.836,28803.5,28815.5,28799.5,28799.5,964
2026-07-20 15:17:01.936,28799.5,28827.5,28796.25,28827.5,8653
2026-07-20 15:17:27.616,28827.5,28831.5,28815.5,28831.5,1686
2026-07-20 15:17:46.420,28831.5,28834,28803.5,28803.5,1883
2026-07-20 15:23:10.424,28803.5,28828.25,28799.5,28799.5,14385
2026-07-20 15:24:13.236,28799.5,28827.5,28796.25,28827.5,3673
2026-07-20 15:24:31.204,28827.5,28831.5,28815.5,28831.5,924
2026-07-20 15:26:07.108,28831.5,28832.5,28803.5,28803.5,4079
2026-07-20 15:26:10.016,28803.5,28815.5,28799.5,28799.5,386
2026-07-20 15:29:31.216,28799.5,28827.5,28798.5,28827.5,7275
2026-07-20 15:29:32.220,28827.5,28846,28815.5,28835.5,1651
2026-07-20 15:29:33.740,28835.5,28842.5,28823.5,28839.5,437
2026-07-20 15:29:39.564,28839.5,28853,28827.5,28843.5,1867
2026-07-20 15:29:40.564,28843.5,28856.75,28831.5,28851.5,474
2026-07-20 15:29:49.008,28851.5,28861,28839.5,28855.5,1494
2026-07-20 15:29:50.412,28855.5,28859.5,28843.5,28859.5,271
2026-07-20 15:29:51.728,28859.5,28869.5,28847.5,28863.5,566
2026-07-20 15:30:01.072,28863.5,28867.5,28849.25,28867.5,1437
2026-07-20 15:30:03.644,28867.5,28871.5,28855.5,28871.5,512
2026-07-20 15:30:25.620,28871.5,28874.5,28843.5,28843.5,3572
2026-07-20 15:30:31.556,28843.5,28855.5,28839.5,28839.5,533
2026-07-20 15:31:00.644,28839.5,28851.5,28835.5,28835.5,1507
2026-07-20 15:31:53.536,28835.5,28863.5,28834,28863.5,3208
2026-07-20 15:31:57.108,28863.5,28867.5,28851.5,28867.5,418
2026-07-20 15:32:24.576,28867.5,28871.5,28855.5,28871.5,1711
2026-07-20 15:32:46.068,28871.5,28875.5,28859.5,28875.5,1369
2026-07-20 15:32:53.072,28875.5,28879.5,28863.5,28879.5,555
2026-07-20 15:35:44.720,28879.5,28883.25,28851.5,28851.5,9555
2026-07-20 15:35:56.636,28851.5,28863.5,28847.5,28847.5,659
2026-07-20 15:36:53.916,28847.5,28860.5,28843.5,28843.5,2420
2026-07-20 15:37:33.840,28843.5,28855.5,28839.5,28839.5,1559
2026-07-20 15:39:32.948,28839.5,28867.5,28837,28867.5,5720
2026-07-20 15:39:35.092,28867.5,28871.5,28855.5,28871.5,213
2026-07-20 15:40:34.072,28871.5,28875.5,28854,28875.5,2953
2026-07-20 15:40:57.756,28875.5,28879.5,28863.5,28879.5,1225
2026-07-20 15:41:09.124,28879.5,28883.5,28867.5,28883.5,1008
2026-07-20 15:41:13.624,28883.5,28887.5,28871.5,28887.5,457
2026-07-20 15:41:15.004,28887.5,28891.5,28875.5,28891.5,327
2026-07-20 15:42:56.600,28891.5,28894.5,28863.5,28863.5,5545
2026-07-20 15:43:00.952,28863.5,28875.5,28859.5,28859.5,1305
2026-07-20 15:45:52.308,28859.5,28880,28855.5,28855.5,8967
2026-07-20 15:45:53.336,28855.5,28867.5,28848.75,28851.5,366
2026-07-20 15:45:54.424,28851.5,28863.5,28847,28847.5,136
2026-07-20 15:46:20.440,28847.5,28859.5,28843.5,28843.5,2068
2026-07-20 15:50:00.208,28843.5,28871,28839.5,28839.5,9445
2026-07-20 15:50:01.208,28839.5,28851.5,28828,28831.5,810
2026-07-20 15:50:05.512,28831.5,28843.5,28827.25,28827.5,849
2026-07-20 15:50:06.524,28827.5,28839.5,28820.25,28823.5,322
2026-07-20 15:50:08.240,28823.5,28835.5,28814.5,28819.5,517
2026-07-20 15:51:43.412,28819.5,28840.25,28815.5,28815.5,5542
2026-07-20 15:51:49.012,28815.5,28827.5,28811.5,28811.5,465
2026-07-20 15:52:04.884,28811.5,28823.5,28807.5,28807.5,1304
2026-07-20 15:53:08.316,28807.5,28820.5,28803.5,28803.5,3597
2026-07-20 15:53:15.904,28803.5,28815.5,28799.5,28799.5,501
2026-07-20 15:54:00.084,28799.5,28811.5,28795.5,28795.5,1919
2026-07-20 15:55:00.368,28795.5,28808.75,28791.5,28791.5,4818
2026-07-20 15:55:01.460,28791.5,28803.5,28787,28787.5,597
2026-07-20 15:55:02.596,28787.5,28799.5,28783,28783.5,336
2026-07-20 15:55:03.816,28783.5,28795.5,28779.5,28779.5,323
2026-07-20 15:55:05.060,28779.5,28791.5,28775.5,28775.5,384
2026-07-20 15:55:06.632,28775.5,28787.5,28771.25,28771.5,360
2026-07-20 16:00:02.700,28771.5,28799.5,28767.75,28799.5,24892
2026-07-20 16:00:04.096,28799.5,28803.5,28787.5,28803.5,376
2026-07-20 16:00:09.612,28803.5,28807.5,28791.5,28807.5,1012
2026-07-20 16:00:14.816,28807.5,28811.5,28795.5,28811.5,780
2026-07-20 16:00:18.140,28811.5,28815.5,28799.5,28815.5,500
2026-07-20 16:00:19.312,28815.5,28819.5,28803.5,28819.5,217
2026-07-20 16:00:20.320,28819.5,28824.25,28807.5,28823.5,213
2026-07-20 16:00:21.328,28823.5,28832,28811.5,28827.5,326
2026-07-20 16:02:00.776,28827.5,28829.5,28799.5,28799.5,5621
2026-07-20 16:02:32.552,28799.5,28811.5,28795.5,28795.5,1116
2026-07-20 16:04:44.844,28795.5,28807.5,28791.5,28791.5,2757
2026-07-20 16:07:01.600,28791.5,28803.5,28787.5,28787.5,2857
2026-07-20 16:07:02.600,28787.5,28799.5,28780.75,28783.5,259
2026-07-20 16:07:03.608,28783.5,28795.5,28779.25,28779.5,103
2026-07-20 16:07:18.764,28779.5,28791.5,28775.5,28775.5,715
2026-07-20 16:07:21.088,28775.5,28787.5,28771.5,28771.5,209
2026-07-20 16:09:29.100,28771.5,28783.5,28767.5,28767.5,2450
2026-07-20 16:16:32.244,28767.5,28784,28763.5,28763.5,6289
2026-07-20 16:17:39.476,28763.5,28775.5,28759.5,28759.5,937
2026-07-20 16:18:27.860,28759.5,28771.5,28755.5,28755.5,727
2026-07-20 16:23:30.828,28755.5,28767.5,28751.5,28751.5,2951
2026-07-20 16:38:28.804,28751.5,28779.5,28750,28779.5,5614
2026-07-20 16:59:00.004,28779.5,28783.5,28763,28783.5,5744
2026-07-20 16:59:59.524,28783.5,28785,28773.5,28777.75,267
2026-07-20 18:00:02.924,28783.25,28799.25,28780,28799.25,295
2026-07-20 18:00:27.984,28799.25,28801.75,28771.25,28771.25,768
2026-07-20 18:00:30.532,28771.25,28783.25,28767.25,28767.25,112
2026-07-20 18:02:22.316,28767.25,28779.25,28763.25,28763.25,1145
2026-07-20 18:02:23.984,28763.25,28775.25,28759.25,28759.25,64
2026-07-20 18:02:27.864,28759.25,28771.25,28755.25,28755.25,100
2026-07-20 18:02:30.696,28755.25,28767.25,28751.25,28751.25,90
2026-07-20 18:02:44.764,28751.25,28763.25,28747.25,28747.25,338
2026-07-20 18:04:24.584,28747.25,28759.25,28743.25,28743.25,1154
2026-07-20 18:04:25.608,28743.25,28755.25,28730.75,28735.25,296
2026-07-20 18:04:47.800,28735.25,28747.25,28731.25,28731.25,454
2026-07-20 18:05:15.064,28731.25,28743.25,28727.25,28727.25,572
2026-07-20 18:05:19.032,28727.25,28739.25,28723.25,28723.25,163
2026-07-20 18:05:20.644,28723.25,28735.25,28719.25,28719.25,99
2026-07-20 18:05:31.672,28719.25,28731.25,28715.25,28715.25,349
2026-07-20 18:06:39.056,28715.25,28730,28711.25,28711.25,1271
2026-07-20 18:06:49.024,28711.25,28723.25,28707.25,28707.25,341
2026-07-20 18:08:46.892,28707.25,28735.25,28704,28735.25,2087
2026-07-20 18:34:09.624,28735.25,28736.75,28707.25,28707.25,13377
2026-07-20 18:34:19.652,28707.25,28719.25,28703.25,28703.25,575
2026-07-20 18:45:02.272,28703.25,28731.25,28700,28731.25,6713
2026-07-20 19:05:02.128,28731.25,28735.25,28705.75,28735.25,8959
2026-07-20 19:05:12.556,28735.25,28739.25,28723.25,28739.25,383
2026-07-20 19:07:00.180,28739.25,28743.25,28727.25,28743.25,1307
2026-07-20 19:07:01.296,28743.25,28747.5,28731.25,28747.25,176
2026-07-20 19:07:06.492,28747.25,28751.25,28735.25,28751.25,313
2026-07-20 19:07:07.624,28751.25,28755.25,28739.25,28755.25,221
2026-07-20 19:07:44.332,28755.25,28759.25,28743.25,28759.25,857
2026-07-20 19:08:13.784,28759.25,28763.25,28747.25,28763.25,452
2026-07-20 19:09:05.784,28763.25,28767.25,28751.25,28767.25,674
2026-07-20 19:09:41.216,28767.25,28771.25,28755.25,28771.25,624
2026-07-20 19:09:56.036,28771.25,28775.25,28759.25,28775.25,326
2026-07-20 19:18:33.020,28775.25,28779.25,28756.25,28779.25,6745
2026-07-20 19:18:45.432,28779.25,28783.25,28767.25,28783.25,437
2026-07-20 19:18:49.704,28783.25,28787.25,28771.25,28787.25,245
2026-07-20 19:19:08.956,28787.25,28791.25,28775.25,28791.25,742
2026-07-20 19:19:10.924,28791.25,28795.25,28779.25,28795.25,238
2026-07-20 19:19:16.208,28795.25,28799.25,28783.25,28799.25,366
2026-07-20 19:21:05.520,28799.25,28803.25,28787.25,28803.25,2268
2026-07-20 19:21:06.548,28803.25,28808.25,28791.25,28807.25,213
2026-07-20 19:21:07.560,28807.25,28812.5,28795.25,28811.25,340
2026-07-20 19:22:54.700,28811.25,28815.25,28799.25,28815.25,1894
2026-07-20 19:23:49.100,28815.25,28819.25,28803.25,28819.25,903
2026-07-20 19:32:40.524,28819.25,28823.25,28805.75,28823.25,5630
2026-07-20 19:45:03.344,28823.25,28827.25,28803.25,28827.25,6377
2026-07-20 19:49:46.652,28827.25,28833,28799.25,28799.25,6093
2026-07-20 19:50:03.740,28799.25,28811.25,28795.25,28795.25,539
2026-07-20 19:50:04.740,28795.25,28807.25,28789.25,28791.25,301
2026-07-20 19:50:05.820,28791.25,28803.25,28787,28787.25,287
2026-07-20 19:50:10.104,28787.25,28799.25,28783.25,28783.25,469
2026-07-20 19:51:39.516,28783.25,28795.25,28779.25,28779.25,1898
2026-07-20 19:51:44.172,28779.25,28791.25,28775.25,28775.25,166
2026-07-20 19:51:49.560,28775.25,28787.25,28771.25,28771.25,334
2026-07-20 19:51:56.044,28771.25,28783.25,28767.25,28767.25,299
2026-07-20 19:52:12.244,28767.25,28779.25,28763.25,28763.25,606
2026-07-20 19:53:32.200,28763.25,28775.25,28759.25,28759.25,1757
2026-07-20 19:55:56.800,28759.25,28787.25,28757.5,28787.25,3275
2026-07-20 19:56:04.764,28787.25,28791.25,28775.25,28791.25,277
2026-07-20 19:56:08.036,28791.25,28795.25,28779.25,28795.25,257
2026-07-20 19:56:34.244,28795.25,28799.25,28783.25,28799.25,647
2026-07-20 20:00:00.424,28799.25,28801.75,28771.25,28771.25,4029
2026-07-20 20:00:01.848,28771.25,28783.25,28767.25,28767.25,216
2026-07-20 20:00:03.076,28767.25,28779.25,28763.25,28763.25,193
2026-07-20 20:00:04.096,28763.25,28775.25,28753,28759.25,389
2026-07-20 20:00:05.112,28759.25,28771.25,28751.5,28755.25,172
2026-07-20 20:00:06.168,28755.25,28767.25,28749.5,28751.25,168
2026-07-20 20:00:07.220,28751.25,28763.25,28746.75,28747.25,164
2026-07-20 20:00:08.592,28747.25,28759.25,28743.25,28743.25,181
2026-07-20 20:01:44.124,28743.25,28764.75,28739.25,28739.25,4836
2026-07-20 20:01:45.188,28739.25,28751.25,28734.75,28735.25,177
2026-07-20 20:02:09.648,28735.25,28747.25,28731.25,28731.25,1244
2026-07-20 20:02:10.764,28731.25,28743.25,28727,28727.25,121
2026-07-20 20:02:26.784,28727.25,28739.25,28723.25,28723.25,658
2026-07-20 20:07:42.656,28723.25,28750.75,28719.25,28719.25,10428
2026-07-20 20:07:43.668,28719.25,28731.25,28715.25,28715.25,191
2026-07-20 20:07:46.860,28715.25,28727.25,28711.25,28711.25,336
2026-07-20 20:07:48.052,28711.25,28723.25,28707.25,28707.25,161
2026-07-20 20:12:55.088,28707.25,28735.25,28706.5,28735.25,9432
2026-07-20 20:12:56.104,28735.25,28739.75,28723.25,28739.25,79
2026-07-20 20:13:07.552,28739.25,28743.25,28727.25,28743.25,645
2026-07-20 20:13:17.512,28743.25,28747.25,28731.25,28747.25,408
2026-07-20 20:13:22.140,28747.25,28751.25,28735.25,28751.25,299
2026-07-20 20:13:28.728,28751.25,28755.25,28739.25,28755.25,312
2026-07-20 20:13:37.424,28755.25,28759.25,28743.25,28759.25,501
2026-07-20 20:13:42.640,28759.25,28763.75,28747.25,28763.25,434
2026-07-20 20:14:21.548,28763.25,28765.25,28735.25,28735.25,1816
2026-07-20 20:14:47.824,28735.25,28747.25,28731.25,28731.25,778
2026-07-20 20:15:12.452,28731.25,28743.25,28727.25,28727.25,875
2026-07-20 20:15:24.932,28727.25,28739.25,28723.25,28723.25,350
2026-07-20 20:15:26.836,28723.25,28735.25,28719.25,28719.25,154
2026-07-20 20:16:01.424,28719.25,28732,28715.25,28715.25,1038
2026-07-20 20:16:04.716,28715.25,28727.25,28711,28711.25,303
2026-07-20 20:16:50.560,28711.25,28739.25,28709,28739.25,1589
2026-07-20 20:17:07.104,28739.25,28743.25,28727.25,28743.25,700
2026-07-20 20:17:24.276,28743.25,28747.25,28730,28747.25,647
2026-07-20 20:17:52.116,28747.25,28751.25,28735.25,28751.25,813
2026-07-20 20:17:53.156,28751.25,28760.5,28739.25,28755.25,419
2026-07-20 20:17:54.272,28755.25,28760.25,28743.25,28759.25,60
2026-07-20 20:18:01.512,28759.25,28763.25,28747.25,28763.25,357
2026-07-20 20:18:37.352,28763.25,28767.25,28750.75,28767.25,1442
2026-07-20 20:19:02.892,28767.25,28772,28755.25,28771.25,711
2026-07-20 20:19:07.732,28771.25,28775.25,28759.25,28775.25,242
2026-07-20 20:19:17.292,28775.25,28779.25,28763.25,28779.25,581
2026-07-20 20:19:18.300,28779.25,28786.25,28767.25,28783.25,217
2026-07-20 20:19:19.472,28783.25,28787.25,28771.25,28787.25,71
2026-07-20 20:19:27.328,28787.25,28791.25,28775.25,28791.25,647
2026-07-20 20:19:39.152,28791.25,28795.25,28779.25,28795.25,539
2026-07-20 20:19:40.196,28795.25,28799.25,28783.25,28799.25,79
2026-07-20 20:19:51.052,28799.25,28803.25,28787.25,28803.25,633
2026-07-20 20:23:13.452,28803.25,28807,28775.25,28775.25,6270
2026-07-20 20:23:33.248,28775.25,28787.25,28771.25,28771.25,591
2026-07-20 20:25:00.344,28771.25,28799.25,28770.5,28799.25,2045
2026-07-20 20:25:19.024,28799.25,28803.25,28787.25,28803.25,535
2026-07-20 20:27:07.744,28803.25,28807.25,28781.75,28807.25,2441
2026-07-20 20:27:11.360,28807.25,28811.25,28795.25,28811.25,258
2026-07-20 20:27:27.252,28811.25,28815.25,28799.25,28815.25,569
2026-07-20 20:27:31.848,28815.25,28819.25,28803.25,28819.25,248
2026-07-20 20:27:37.460,28819.25,28823.25,28807.25,28823.25,324
2026-07-20 20:27:46.040,28823.25,28827.25,28811.25,28827.25,373
2026-07-20 20:28:06.780,28827.25,28831.25,28815.25,28831.25,912
2026-07-20 20:31:03.756,28831.25,28835.25,28813.75,28835.25,4517
2026-07-20 20:31:07.628,28835.25,28839.25,28823.25,28839.25,302
2026-07-20 20:32:49.008,28839.25,28843.25,28827.25,28843.25,2475
2026-07-20 20:32:57.708,28843.25,28847.25,28831.25,28847.25,307
2026-07-20 20:32:58.860,28847.25,28851.25,28835.25,28851.25,218
2026-07-20 20:32:59.960,28851.25,28855.25,28839.25,28855.25,269
2026-07-20 20:33:07.768,28855.25,28859.25,28843.25,28859.25,639
2026-07-20 20:33:11.240,28859.25,28863.25,28847.25,28863.25,255
2026-07-20 20:38:25.652,28863.25,28867.25,28841.25,28867.25,7737
2026-07-20 20:41:45.396,28867.25,28871.25,28853.75,28871.25,3733
2026-07-20 20:42:23.408,28871.25,28875.25,28859.25,28875.25,843
2026-07-20 20:42:29.312,28875.25,28879.25,28863.25,28879.25,286
2026-07-20 20:48:02.676,28879.25,28883.25,28852.75,28883.25,8673
2026-07-20 20:48:41.544,28883.25,28887.25,28871.25,28887.25,1116
2026-07-20 20:48:47.428,28887.25,28891.25,28875.25,28891.25,411
2026-07-20 20:49:12.412,28891.25,28895.25,28879.25,28895.25,1048
2026-07-20 20:55:58.016,28895.25,28897,28867.25,28867.25,9590
2026-07-20 20:57:22.900,28867.25,28879.25,28863.25,28863.25,1908
2026-07-20 20:59:15.188,28863.25,28876,28859.25,28859.25,2609
2026-07-20 21:00:29.332,28859.25,28871.25,28855.25,28855.25,2356
2026-07-20 21:00:33.056,28855.25,28867.25,28851.25,28851.25,267
2026-07-20 21:01:17.580,28851.25,28863.25,28847.25,28847.25,1357
2026-07-20 21:02:01.372,28847.25,28859.25,28843.25,28843.25,922
2026-07-20 21:02:41.160,28843.25,28855.25,28839.25,28839.25,1245
2026-07-20 21:04:47.072,28839.25,28867.25,28836.5,28867.25,3616
2026-07-20 21:04:49.160,28867.25,28871.25,28855.25,28871.25,156
2026-07-20 21:04:50.240,28871.25,28876.75,28859.25,28875.25,177
2026-07-20 21:05:00.632,28875.25,28879.25,28863.25,28879.25,487
2026-07-20 21:05:01.764,28879.25,28884,28867.25,28883.25,189
2026-07-20 21:05:02.808,28883.25,28888.5,28871.25,28887.25,129
2026-07-20 21:05:04.304,28887.25,28891.25,28875.25,28891.25,244
2026-07-20 21:06:18.592,28891.25,28895.25,28872.5,28895.25,2332
2026-07-20 21:06:20.596,28895.25,28899.25,28883.25,28899.25,255
2026-07-20 21:08:25.468,28899.25,28903.25,28877.5,28903.25,3604
2026-07-20 21:08:32.396,28903.25,28907.25,28891.25,28907.25,473
2026-07-20 21:14:45.016,28907.25,28911.25,28893,28911.25,6898
2026-07-20 21:18:04.668,28911.25,28912.5,28883.25,28883.25,3822
2026-07-20 21:18:36.368,28883.25,28895.25,28879.25,28879.25,826
2026-07-20 21:19:05.568,28879.25,28891.25,28875.25,28875.25,640
2026-07-20 21:19:37.020,28875.25,28903.25,28872,28903.25,1019
2026-07-20 21:20:04.684,28903.25,28910.5,28889.75,28907.25,1554
2026-07-20 21:33:57.376,28907.25,28911.25,28880.75,28911.25,12182
2026-07-20 21:34:30.044,28911.25,28915.25,28899.25,28915.25,798
2026-07-20 21:36:49.432,28915.25,28919.25,28903.25,28919.25,1970
2026-07-20 21:39:49.528,28919.25,28921.25,28891.25,28891.25,3923
2026-07-20 21:39:56.480,28891.25,28903.25,28887.25,28887.25,305
2026-07-20 21:40:04.100,28887.25,28899.25,28883.25,28883.25,477
2026-07-20 21:40:08.480,28883.25,28895.25,28879,28879.25,309
2026-07-20 21:42:39.412,28879.25,28898.25,28875.25,28875.25,3388
2026-07-20 21:43:24.320,28875.25,28887.25,28871.25,28871.25,595
2026-07-20 21:43:48.220,28871.25,28883.25,28867.25,28867.25,708
2026-07-20 21:47:10.484,28867.25,28895.25,28866.25,28895.25,3285
2026-07-20 21:47:33.512,28895.25,28899.25,28883.25,28899.25,550
2026-07-20 21:48:26.064,28899.25,28903.25,28887.25,28903.25,977
2026-07-20 21:48:29.740,28903.25,28907.25,28891.25,28907.25,224
2026-07-20 21:49:12.724,28907.25,28911.25,28895.25,28911.25,863
2026-07-20 21:55:36.648,28911.25,28911.25,28883.25,28883.25,5720
2026-07-20 21:56:35.460,28883.25,28895.25,28879.25,28879.25,1036
2026-07-20 21:56:50.172,28879.25,28891.25,28875.25,28875.25,468
2026-07-20 21:57:36.692,28875.25,28887.25,28871.25,28871.25,756
2026-07-20 22:03:14.316,28871.25,28899.25,28871.25,28899.25,4340
2026-07-20 22:03:17.220,28899.25,28903.75,28887.25,28903.25,643
2026-07-20 22:03:57.988,28903.25,28907.25,28891.25,28907.25,695
2026-07-20 22:04:05.004,28907.25,28911.25,28895.25,28911.25,260
2026-07-20 22:05:32.156,28911.25,28915.25,28899.25,28915.25,1890
2026-07-20 22:05:40.960,28915.25,28919.25,28903.25,28919.25,230
2026-07-20 22:05:42.180,28919.25,28923.25,28907.25,28923.25,216
2026-07-20 22:05:43.204,28923.25,28927.75,28911.25,28927.25,495
2026-07-20 22:05:47.580,28927.25,28931.25,28915.25,28931.25,496
2026-07-20 22:05:49.304,28931.25,28935.5,28919.25,28935.25,368
2026-07-20 22:06:16.300,28935.25,28939.25,28923.25,28939.25,885
2026-07-20 22:09:06.464,28939.25,28940,28911.25,28911.25,2703
2026-07-20 22:09:12.004,28911.25,28923.25,28907.25,28907.25,231
2026-07-20 22:09:17.912,28907.25,28919.25,28903.25,28903.25,190
2026-07-20 22:09:25.112,28903.25,28915.25,28899.25,28899.25,264
2026-07-20 22:09:58.984,28899.25,28911.25,28895.25,28895.25,658
2026-07-20 22:10:34.804,28895.25,28907.25,28891.25,28891.25,634
2026-07-20 22:10:45.044,28891.25,28903.25,28887.25,28887.25,295
2026-07-20 22:10:52.364,28887.25,28899.25,28883.25,28883.25,218
2026-07-20 22:15:25.732,28883.25,28895.25,28879.25,28879.25,3587
2026-07-20 22:16:03.144,28879.25,28891.25,28875.25,28875.25,732
2026-07-20 22:19:06.896,28875.25,28887.25,28871.25,28871.25,2293
2026-07-20 22:19:09.888,28871.25,28883.25,28867.25,28867.25,263
2026-07-20 22:19:14.796,28867.25,28879.25,28863.25,28863.25,351
2026-07-20 22:19:40.208,28863.25,28875.25,28859.25,28859.25,599
2026-07-20 22:22:29.684,28859.25,28887.25,28859.25,28887.25,2690
2026-07-20 22:23:02.304,28887.25,28891.25,28875.25,28891.25,425
2026-07-20 22:23:03.316,28891.25,28898.25,28879.25,28895.25,200
2026-07-20 22:23:14.680,28895.25,28899.25,28883.25,28899.25,293
2026-07-20 22:23:52.324,28899.25,28903.25,28887.25,28903.25,661
2026-07-20 22:24:04.100,28903.25,28907.25,28891.25,28907.25,309
2026-07-20 22:24:43.544,28907.25,28911.25,28895.25,28911.25,571
2026-07-20 22:25:01.824,28911.25,28915.25,28899.25,28915.25,340
2026-07-20 22:25:05.116,28915.25,28919.25,28903.25,28919.25,191
2026-07-20 22:34:13.020,28919.25,28923.25,28892,28923.25,7327
2026-07-20 22:36:05.292,28923.25,28927.25,28911.25,28927.25,1072
2026-07-20 22:36:12.204,28927.25,28931.25,28915.25,28931.25,239
2026-07-20 22:36:15.384,28931.25,28935.25,28919.25,28935.25,293
2026-07-20 22:36:34.740,28935.25,28939.25,28923.25,28939.25,550
2026-07-20 22:36:54.996,28939.25,28944.75,28927.25,28943.25,730
2026-07-20 22:37:56.472,28943.25,28947.25,28931.25,28947.25,1552
2026-07-20 22:43:23.644,28947.25,28951.25,28935.25,28951.25,4191
2026-07-20 22:43:30.768,28951.25,28955.25,28939.25,28955.25,335
2026-07-20 23:00:15.752,28955.25,28959.25,28928,28959.25,10002
2026-07-20 23:01:51.884,28959.25,28963.5,28947.25,28963.25,1422
2026-07-20 23:01:57.432,28963.25,28967.25,28951.25,28967.25,311
2026-07-20 23:02:05.352,28967.25,28971.25,28955.25,28971.25,335
2026-07-20 23:10:56.420,28971.25,28975.25,28959.25,28975.25,4297
2026-07-20 23:11:01.832,28975.25,28979.25,28963.25,28979.25,244
2026-07-20 23:17:37.452,28979.25,28983.25,28967.25,28983.25,3237
2026-07-20 23:18:28.264,28983.25,28987.25,28971.25,28987.25,878
2026-07-20 23:19:50.544,28987.25,28991.25,28975.25,28991.25,1018
2026-07-20 23:29:51.128,28991.25,28995.25,28979.25,28995.25,4813
2026-07-20 23:30:35.160,28995.25,28999.25,28983.25,28999.25,813
2026-07-20 23:31:40.176,28999.25,29003.25,28987.25,29003.25,1211
2026-07-20 23:32:45.300,29003.25,29007.25,28991.25,29007.25,930
2026-07-20 23:32:56.984,29007.25,29011.25,28995.25,29011.25,380
2026-07-20 23:33:01.444,29011.25,29015.25,28999.25,29015.25,267
2026-07-20 23:35:38.032,29015.25,29019.25,29003.25,29019.25,1893
2026-07-20 23:35:43.260,29019.25,29023.25,29007.25,29023.25,297
2026-07-20 23:35:46.476,29023.25,29027.25,29011.25,29027.25,280
2026-07-20 23:36:10.224,29027.25,29031.25,29015.25,29031.25,825
2026-07-20 23:36:11.280,29031.25,29039,29019.25,29035.25,345
2026-07-20 23:39:52.128,29035.25,29039.25,29023.25,29039.25,2817
2026-07-20 23:41:09.156,29039.25,29043.25,29027.25,29043.25,1337
2026-07-20 23:41:25.728,29043.25,29047.25,29031.25,29047.25,383
2026-07-20 23:46:05.504,29047.25,29051.25,29033,29051.25,4038
2026-07-20 23:46:26.356,29051.25,29055.25,29039.25,29055.25,603
2026-07-20 23:46:31.936,29055.25,29059.25,29043.25,29059.25,289
2026-07-20 23:46:52.176,29059.25,29063.25,29047.25,29063.25,691
2026-07-20 23:49:20.060,29063.25,29067.25,29051.25,29067.25,2063
2026-07-20 23:49:21.876,29067.25,29071.25,29055.25,29071.25,167
2026-07-20 23:53:09.580,29071.25,29075.25,29059.25,29075.25,3046
2026-07-21 00:00:04.304,29075.25,29079.25,29055.5,29079.25,5215
2026-07-21 00:06:22.344,29079.25,29083.25,29058.5,29083.25,5834
2026-07-21 00:06:24.212,29083.25,29087.25,29071.25,29087.25,330
2026-07-21 00:23:51.460,29087.25,29089.5,29059.25,29059.25,9455
2026-07-21 00:23:56.660,29059.25,29071.25,29055.25,29055.25,276
2026-07-21 00:56:20.184,29055.25,29076.75,29051.25,29051.25,15151
2026-07-21 01:10:43.044,29051.25,29064,29047.25,29047.25,5688
2026-07-21 01:10:55.368,29047.25,29059.25,29043.25,29043.25,268
2026-07-21 01:11:55.564,29043.25,29055.25,29039.25,29039.25,866
2026-07-21 01:12:07.416,29039.25,29051.25,29035.25,29035.25,234
2026-07-21 01:16:01.668,29035.25,29047.25,29031.25,29031.25,1870
2026-07-21 01:16:21.372,29031.25,29043.25,29027.25,29027.25,380
2026-07-21 01:16:53.432,29027.25,29039.25,29023.25,29023.25,349
2026-07-21 01:17:29.932,29023.25,29035.25,29019.25,29019.25,578
2026-07-21 01:24:36.200,29019.25,29047.25,29016.75,29047.25,4558
2026-07-21 01:26:33.248,29047.25,29051.25,29035.25,29051.25,1054
2026-07-21 01:26:42.524,29051.25,29055.25,29039.25,29055.25,202
2026-07-21 01:27:36.400,29055.25,29059.25,29043.25,29059.25,898
2026-07-21 01:27:53.160,29059.25,29063.25,29047.25,29063.25,482
2026-07-21 01:28:07.876,29063.25,29067.25,29051.25,29067.25,329
2026-07-21 01:34:16.320,29067.25,29071,29039.25,29039.25,4334
2026-07-21 01:35:58.272,29039.25,29067.25,29037.25,29067.25,1666
2026-07-21 01:36:16.112,29067.25,29071.25,29055.25,29071.25,388
2026-07-21 01:40:27.436,29071.25,29075.25,29055.75,29075.25,2840
2026-07-21 01:41:16.408,29075.25,29079.25,29063.25,29079.25,814
2026-07-21 01:41:52.780,29079.25,29083.25,29067.25,29083.25,510
2026-07-21 01:43:11.128,29083.25,29087.25,29071.25,29087.25,1040
2026-07-21 01:43:12.320,29087.25,29091.25,29075.25,29091.25,246
2026-07-21 01:51:03.108,29091.25,29095.25,29070.25,29095.25,5022
2026-07-21 01:51:35.464,29095.25,29099.25,29083.25,29099.25,701
2026-07-21 01:58:14.208,29099.25,29103.25,29087.25,29103.25,3875
2026-07-21 02:00:04.604,29103.25,29107.25,29091.25,29107.25,1440
2026-07-21 02:01:40.976,29107.25,29111.25,29095.25,29111.25,1470
2026-07-21 02:03:44.568,29111.25,29115.25,29099.25,29115.25,1345
2026-07-21 02:04:50.124,29115.25,29119.25,29103.25,29119.25,924
2026-07-21 02:06:33.180,29119.25,29123.25,29107.25,29123.25,1387
2026-07-21 02:12:07.828,29123.25,29127.25,29106.25,29127.25,4123
2026-07-21 02:13:33.744,29127.25,29131.25,29115.25,29131.25,1261
2026-07-21 02:13:34.756,29131.25,29137.75,29119.25,29135.25,260
2026-07-21 02:13:40.016,29135.25,29139.25,29123.25,29139.25,270
2026-07-21 02:22:58.832,29139.25,29141.5,29111.25,29111.25,6882
2026-07-21 02:35:13.256,29111.25,29139.25,29108.25,29139.25,8503
2026-07-21 02:35:31.828,29139.25,29143.25,29127.25,29143.25,435
2026-07-21 02:35:37.196,29143.25,29147.25,29131.25,29147.25,386
2026-07-21 02:35:38.596,29147.25,29151.25,29135.25,29151.25,813
2026-07-21 02:45:04.420,29151.25,29155.25,29127.75,29155.25,6169
2026-07-21 03:03:09.944,29155.25,29159.25,29130.5,29159.25,10074
2026-07-21 03:13:01.576,29159.25,29161.5,29131.25,29131.25,6333
2026-07-21 03:13:02.704,29131.25,29143.25,29127.25,29127.25,151
2026-07-21 03:13:36.052,29127.25,29139.25,29123.25,29123.25,497
2026-07-21 03:13:43.344,29123.25,29135.25,29119.25,29119.25,206
2026-07-21 03:16:39.896,29119.25,29132.5,29115.25,29115.25,2344
2026-07-21 03:21:07.044,29115.25,29127.75,29111.25,29111.25,2496
2026-07-21 03:21:20.240,29111.25,29123.25,29107.25,29107.25,323
2026-07-21 03:24:06.072,29107.25,29119.25,29103.25,29103.25,1713
2026-07-21 03:25:54.764,29103.25,29115.25,29099.25,29099.25,1431
2026-07-21 03:26:27.016,29099.25,29111.25,29095.25,29095.25,600
2026-07-21 03:30:08.732,29095.25,29111.75,29091.25,29091.25,2742
2026-07-21 03:33:41.036,29091.25,29119.25,29087.75,29119.25,2984
2026-07-21 03:35:14.416,29119.25,29123.25,29107.25,29123.25,917
2026-07-21 03:49:30.576,29123.25,29127,29095.25,29095.25,6242
2026-07-21 04:00:49.960,29095.25,29123.25,29091.75,29123.25,6699
2026-07-21 04:01:01.536,29123.25,29127.25,29111.25,29127.25,360
2026-07-21 04:01:07.016,29127.25,29131.25,29115.25,29131.25,297
2026-07-21 04:05:06.272,29131.25,29135.25,29104.25,29135.25,4915
2026-07-21 04:09:07.964,29135.25,29139.25,29123.25,29139.25,2640
2026-07-21 04:13:44.296,29139.25,29143.25,29121.75,29143.25,3177
2026-07-21 04:13:58.828,29143.25,29147.5,29131.25,29147.25,516
2026-07-21 04:14:01.484,29147.25,29151.25,29135.25,29151.25,207
2026-07-21 04:15:28.064,29151.25,29155.25,29139.25,29155.25,1387
2026-07-21 04:24:43.780,29155.25,29159.25,29140.5,29159.25,5149
2026-07-21 04:24:53.680,29159.25,29163.25,29147.25,29163.25,253
2026-07-21 04:25:16.192,29163.25,29167.25,29151.25,29167.25,586
2026-07-21 04:30:26.140,29167.25,29171.25,29152.75,29171.25,3714
2026-07-21 04:33:05.740,29171.25,29175.25,29159.25,29175.25,2404
2026-07-21 05:01:11.744,29175.25,29179.25,29149.25,29179.25,14389
2026-07-21 05:16:01.756,29179.25,29183.25,29163.25,29183.25,6275
2026-07-21 05:17:50.264,29183.25,29187.25,29171.25,29187.25,1379
2026-07-21 05:19:00.760,29187.25,29191.25,29175.25,29191.25,1161
2026-07-21 05:19:28.084,29191.25,29195.25,29179.25,29195.25,1414
2026-07-21 05:29:17.520,29195.25,29196.5,29167.25,29167.25,6791
2026-07-21 05:29:47.496,29167.25,29179.25,29163.25,29163.25,382
2026-07-21 05:30:33.836,29163.25,29175.25,29159.25,29159.25,603
2026-07-21 05:30:36.408,29159.25,29171.25,29155.25,29155.25,113
2026-07-21 05:39:09.024,29155.25,29179.25,29151.25,29151.25,4645
2026-07-21 05:46:37.392,29151.25,29179.25,29150.75,29179.25,4277
2026-07-21 05:46:41.176,29179.25,29183.25,29167.25,29183.25,137
2026-07-21 05:57:44.340,29183.25,29185.25,29155.25,29155.25,5410
2026-07-21 06:02:29.296,29155.25,29183.25,29152.75,29183.25,3829
2026-07-21 06:06:19.832,29183.25,29183.5,29155.25,29155.25,2506
2026-07-21 06:10:31.660,29155.25,29183.25,29155,29183.25,2522
2026-07-21 06:10:33.076,29183.25,29194.25,29171.25,29187.25,771
2026-07-21 06:11:22.444,29187.25,29191.25,29173,29191.25,1686
2026-07-21 06:11:40.432,29191.25,29195.25,29179.25,29195.25,522
2026-07-21 06:26:08.484,29195.25,29198.75,29167.25,29167.25,8757
2026-07-21 06:36:37.204,29167.25,29195.25,29164.75,29195.25,5991
2026-07-21 06:36:42.480,29195.25,29199.25,29183.25,29199.25,654
2026-07-21 06:36:44.508,29199.25,29203.25,29187.25,29203.25,584
2026-07-21 06:38:40.684,29203.25,29204,29175.25,29175.25,2172
2026-07-21 06:40:44.132,29175.25,29187.25,29171.25,29171.25,1497
2026-07-21 06:40:51.216,29171.25,29183.25,29167.25,29167.25,414
2026-07-21 06:46:13.928,29167.25,29179.25,29163.25,29163.25,2643
2026-07-21 06:46:15.076,29163.25,29175.25,29159.25,29159.25,258
2026-07-21 06:46:16.292,29159.25,29171.25,29155.25,29155.25,155
2026-07-21 06:49:18.352,29155.25,29183.25,29155.25,29183.25,2793
2026-07-21 07:03:19.360,29183.25,29188,29155.25,29155.25,9714
2026-07-21 07:04:22.152,29155.25,29167.25,29151.25,29151.25,919
2026-07-21 07:04:23.152,29151.25,29163.25,29145,29147.25,359
2026-07-21 07:04:34.012,29147.25,29159.25,29143.25,29143.25,498
2026-07-21 07:05:38.088,29143.25,29155.25,29139.25,29139.25,1170
2026-07-21 07:07:04.964,29139.25,29151.25,29135.25,29135.25,1366
2026-07-21 07:19:45.212,29135.25,29162.75,29131.25,29131.25,9778
2026-07-21 07:20:27.096,29131.25,29143.25,29127.25,29127.25,1231
2026-07-21 07:20:57.460,29127.25,29139.25,29123.25,29123.25,752
2026-07-21 07:26:47.980,29123.25,29142.75,29119.25,29119.25,4929
2026-07-21 07:35:44.924,29119.25,29147.25,29117,29147.25,6689
2026-07-21 07:35:59.336,29147.25,29151.25,29135.25,29151.25,249
2026-07-21 07:37:27.524,29151.25,29155.25,29139.25,29155.25,1407
2026-07-21 07:37:52.632,29155.25,29159.25,29143.25,29159.25,860
2026-07-21 07:37:54.864,29159.25,29163.25,29147.25,29163.25,195
2026-07-21 07:38:06.592,29163.25,29167.25,29151.25,29167.25,648
2026-07-21 07:39:22.056,29167.25,29171.25,29155.25,29171.25,1333
2026-07-21 07:47:43.276,29171.25,29175.25,29155.25,29175.25,6190
2026-07-21 07:49:54.312,29175.25,29179.25,29163.25,29179.25,1407
2026-07-21 07:57:12.596,29179.25,29182.75,29151.25,29151.25,5544
2026-07-21 07:57:30.768,29151.25,29163.25,29147.25,29147.25,259
2026-07-21 08:07:29.848,29147.25,29175.25,29144.5,29175.25,9228
2026-07-21 08:07:41.792,29175.25,29179.25,29163.25,29179.25,332
2026-07-21 08:08:11.748,29179.25,29183.25,29167.25,29183.25,746
2026-07-21 08:08:27.792,29183.25,29187.25,29171.25,29187.25,422
2026-07-21 08:11:35.604,29187.25,29191.25,29175.25,29191.25,3444
2026-07-21 08:13:45.328,29191.25,29195.25,29179.25,29195.25,1843
2026-07-21 08:15:37.400,29195.25,29195.5,29167.25,29167.25,2185
2026-07-21 08:15:47.836,29167.25,29179.25,29163.25,29163.25,278
2026-07-21 08:15:56.512,29163.25,29175.25,29159.25,29159.25,290
2026-07-21 08:15:57.512,29159.25,29171.25,29148.25,29151.25,439
2026-07-21 08:15:58.520,29151.25,29163.25,29143.5,29147.25,431
2026-07-21 08:16:00.328,29147.25,29159.25,29143.25,29143.25,209
2026-07-21 08:16:03.152,29143.25,29155.25,29139.25,29139.25,461
2026-07-21 08:17:23.308,29139.25,29167.25,29138,29167.25,2511
2026-07-21 08:17:24.308,29167.25,29171.25,29155.25,29171.25,134
2026-07-21 08:21:20.820,29171.25,29173.5,29143.25,29143.25,4225
2026-07-21 08:22:58.048,29143.25,29155.25,29139.25,29139.25,1392
2026-07-21 08:23:36.172,29139.25,29151.25,29135.25,29135.25,705
2026-07-21 08:32:41.956,29135.25,29155.5,29131.25,29131.25,6892
2026-07-21 08:34:05.204,29131.25,29143.25,29127.25,29127.25,1222
2026-07-21 08:35:44.816,29127.25,29139.25,29123.25,29123.25,1504
2026-07-21 08:36:06.084,29123.25,29135.25,29119.25,29119.25,458
2026-07-21 08:41:43.484,29119.25,29136.75,29115.25,29115.25,5177
2026-07-21 08:42:36.044,29115.25,29127.25,29111.25,29111.25,1313
2026-07-21 08:43:37.848,29111.25,29139.25,29111,29139.25,2101
2026-07-21 08:43:39.348,29139.25,29143.25,29127.25,29143.25,257
2026-07-21 08:43:42.372,29143.25,29143.25,29115.25,29115.25,1370
2026-07-21 08:45:15.960,29115.25,29143.25,29112.25,29143.25,3672
2026-07-21 08:45:36.092,29143.25,29147.25,29131.25,29147.25,767
2026-07-21 08:47:42.732,29147.25,29151.25,29135.25,29151.25,2823
2026-07-21 08:47:47.528,29151.25,29155.25,29139.25,29155.25,479
2026-07-21 08:48:00.664,29155.25,29159.25,29143.25,29159.25,634
2026-07-21 08:48:02.088,29159.25,29163.25,29147.25,29163.25,131
2026-07-21 08:48:03.584,29163.25,29167.25,29151.25,29167.25,217
2026-07-21 08:48:28.016,29167.25,29171.25,29155.25,29171.25,1370
2026-07-21 08:48:46.780,29171.25,29175.25,29159.25,29175.25,526
2026-07-21 08:52:47.480,29175.25,29179.25,29163.25,29179.25,5898
2026-07-21 08:54:04.740,29179.25,29183.25,29167.25,29183.25,1500
2026-07-21 08:54:11.972,29183.25,29187.25,29171.25,29187.25,376
2026-07-21 09:07:09.444,29187.25,29187.25,29159.25,29159.25,13995
2026-07-21 09:25:00.088,29159.25,29187.25,29156.25,29187.25,15695
2026-07-21 09:25:20.596,29187.25,29192.25,29175.25,29191.25,1289
2026-07-21 09:26:12.084,29191.25,29195.25,29179.25,29195.25,1373
2026-07-21 09:26:32.884,29195.25,29199.25,29183.25,29199.25,763
2026-07-21 09:27:59.052,29199.25,29203.25,29187.25,29203.25,3178
2026-07-21 09:28:00.064,29203.25,29207.25,29191.25,29207.25,567
2026-07-21 09:28:01.104,29207.25,29211.75,29195.25,29211.25,667
2026-07-21 09:29:59.292,29211.25,29215.25,29199.25,29215.25,4470
2026-07-21 09:30:00.292,29215.25,29227.25,29203.25,29227.25,1076
2026-07-21 09:30:12.268,29227.25,29231.25,29203,29231.25,5057
2026-07-21 09:30:13.332,29231.25,29238.75,29219.25,29235.25,652
2026-07-21 09:30:14.332,29235.25,29242,29223.25,29239.25,579
2026-07-21 09:30:17.032,29239.25,29243.25,29227.25,29243.25,1025
2026-07-21 09:30:24.020,29243.25,29246.75,29215.25,29215.25,2516
2026-07-21 09:30:28.208,29215.25,29227.25,29206.5,29211.25,1488
2026-07-21 09:30:31.584,29211.25,29223.25,29207.25,29207.25,736
2026-07-21 09:30:33.012,29207.25,29219.25,29203.25,29203.25,418
2026-07-21 09:30:41.540,29203.25,29215.25,29199.25,29199.25,2378
2026-07-21 09:30:47.816,29199.25,29211.25,29195.25,29195.25,1718
2026-07-21 09:30:49.104,29195.25,29207.25,29190,29191.25,555
2026-07-21 09:30:58.704,29191.25,29203.25,29187.25,29187.25,2326
2026-07-21 09:31:00.328,29187.25,29199.25,29183.25,29183.25,581
2026-07-21 09:31:23.488,29183.25,29199.25,29179.25,29179.25,5803
2026-07-21 09:31:26.308,29179.25,29191.25,29175.25,29175.25,827
2026-07-21 09:31:29.664,29175.25,29187.5,29171.25,29171.25,1761
2026-07-21 09:31:31.916,29171.25,29183.25,29167.25,29167.25,683
2026-07-21 09:31:33.292,29167.25,29179.25,29163,29163.25,691
2026-07-21 09:31:35.080,29163.25,29175.25,29159,29159.25,633
2026-07-21 09:31:45.164,29159.25,29171.25,29155.25,29155.25,2457
2026-07-21 09:33:11.516,29155.25,29183.25,29152.5,29183.25,17497
2026-07-21 09:33:35.816,29183.25,29183.25,29155.25,29155.25,4110
2026-07-21 09:33:36.824,29155.25,29167.25,29150,29151.25,545
2026-07-21 09:33:56.096,29151.25,29164.25,29147.25,29147.25,3593
2026-07-21 09:33:57.836,29147.25,29159.25,29143.25,29143.25,532
2026-07-21 09:33:58.836,29143.25,29155.25,29138.25,29139.25,517
2026-07-21 09:34:01.612,29139.25,29151.25,29135.25,29135.25,1202
2026-07-21 09:35:30.700,29135.25,29163.25,29133,29163.25,17937
2026-07-21 09:35:34.708,29163.25,29167.25,29151.25,29167.25,953
2026-07-21 09:35:47.856,29167.25,29171.25,29155.25,29171.25,1889
2026-07-21 09:35:50.120,29171.25,29176,29159.25,29175.25,662
2026-07-21 09:35:51.188,29175.25,29179.25,29163.25,29179.25,289
2026-07-21 09:35:57.160,29179.25,29183.25,29167.25,29183.25,1416
2026-07-21 09:35:58.168,29183.25,29188,29171.25,29187.25,794
2026-07-21 09:36:00.884,29187.25,29191.25,29175.25,29191.25,1099
2026-07-21 09:36:01.888,29191.25,29198,29179.25,29195.25,634
2026-07-21 09:36:03.264,29195.25,29199.25,29183.25,29199.25,653
2026-07-21 09:36:04.264,29199.25,29204.75,29187.25,29203.25,810
2026-07-21 09:36:05.264,29203.25,29211,29191.25,29207.25,895
2026-07-21 09:36:06.272,29207.25,29216.25,29195.25,29211.25,525
2026-07-21 09:36:07.272,29211.25,29217.75,29199.25,29215.25,466
2026-07-21 09:36:08.344,29215.25,29221.25,29203.25,29219.25,560
2026-07-21 09:36:12.736,29219.25,29223.25,29207.25,29223.25,1752
2026-07-21 09:37:00.224,29223.25,29225,29195.25,29195.25,8657
2026-07-21 09:37:01.240,29195.25,29207.25,29191.25,29191.25,386
2026-07-21 09:37:05.760,29191.25,29203.25,29187.25,29187.25,1264
2026-07-21 09:37:06.760,29187.25,29199.25,29179.75,29183.25,671
2026-07-21 09:37:07.760,29183.25,29195.25,29176.25,29179.25,551
2026-07-21 09:37:09.328,29179.25,29191.25,29175.25,29175.25,562
2026-07-21 09:37:10.328,29175.25,29187.25,29168.5,29171.25,603
2026-07-21 09:37:27.756,29171.25,29193,29167.25,29167.25,4342
2026-07-21 09:37:32.192,29167.25,29179.25,29163.25,29163.25,1041
2026-07-21 09:37:39.000,29163.25,29175.25,29159.25,29159.25,1282
2026-07-21 09:38:10.852,29159.25,29187.25,29156.75,29187.25,6148
2026-07-21 09:38:28.488,29187.25,29191.25,29175.25,29191.25,3162
2026-07-21 09:38:41.660,29191.25,29195.25,29179.25,29195.25,1990
2026-07-21 09:38:42.660,29195.25,29201.5,29183.25,29199.25,525
2026-07-21 09:38:43.664,29199.25,29206.25,29187.25,29203.25,394
2026-07-21 09:39:03.840,29203.25,29207.25,29191.25,29207.25,3227
2026-07-21 09:39:04.872,29207.25,29213.75,29195.25,29211.25,744
2026-07-21 09:40:02.428,29211.25,29214.75,29183.25,29183.25,9449
2026-07-21 09:40:04.816,29183.25,29195.25,29179.25,29179.25,980
2026-07-21 09:40:08.496,29179.25,29191.25,29175.25,29175.25,1110
2026-07-21 09:40:11.400,29175.25,29187.25,29171,29171.25,849
2026-07-21 09:40:20.928,29171.25,29183.25,29167.25,29167.25,1659
2026-07-21 09:40:21.928,29167.25,29179.25,29162,29163.25,282
2026-07-21 09:40:22.928,29163.25,29175.25,29154,29159.25,631
2026-07-21 09:40:24.244,29159.25,29171.25,29155.25,29155.25,441
2026-07-21 09:40:26.804,29155.25,29167.25,29151.25,29151.25,686
2026-07-21 09:41:07.156,29151.25,29175.5,29147.25,29147.25,7123
2026-07-21 09:41:54.224,29147.25,29163.75,29143.25,29143.25,6810
2026-07-21 09:41:56.392,29143.25,29155.25,29139.25,29139.25,616
2026-07-21 09:42:11.856,29139.25,29167.25,29135.5,29167.25,4187
2026-07-21 09:42:54.580,29167.25,29167.75,29139.25,29139.25,5621
2026-07-21 09:43:08.672,29139.25,29167.25,29137.25,29167.25,2993
2026-07-21 09:43:10.056,29167.25,29171.25,29155.25,29171.25,432
2026-07-21 09:43:19.520,29171.25,29175.25,29159.25,29175.25,1629
2026-07-21 09:43:26.852,29175.25,29179.25,29163.25,29179.25,1286
2026-07-21 09:43:59.336,29179.25,29180,29151.25,29151.25,4929
2026-07-21 09:44:02.240,29151.25,29163.25,29147.25,29147.25,758
2026-07-21 09:44:41.580,29147.25,29168.5,29143.25,29143.25,5778
2026-07-21 09:44:43.488,29143.25,29155.25,29139.25,29139.25,444
2026-07-21 09:44:46.360,29139.25,29151.25,29135.25,29135.25,757
2026-07-21 09:44:47.372,29135.25,29147.25,29130,29131.25,791
2026-07-21 09:45:10.876,29131.25,29150.5,29127.25,29127.25,6497
2026-07-21 09:46:13.636,29127.25,29154,29123.25,29123.25,12047
2026-07-21 09:46:15.024,29123.25,29135.25,29119,29119.25,872
2026-07-21 09:46:57.464,29119.25,29141.75,29115.25,29115.25,7861
2026-07-21 09:47:00.412,29115.25,29127.25,29111.25,29111.25,794
2026-07-21 09:47:32.328,29111.25,29128.5,29107.25,29107.25,6732
2026-07-21 09:47:33.332,29107.25,29119.25,29102,29103.25,660
2026-07-21 09:47:35.744,29103.25,29115.25,29099.25,29099.25,936
2026-07-21 09:47:39.340,29099.25,29111.25,29095.25,29095.25,1306
2026-07-21 09:48:35.972,29095.25,29123.25,29095.25,29123.25,10641
2026-07-21 09:48:37.636,29123.25,29127.25,29111.25,29127.25,482
2026-07-21 09:48:52.252,29127.25,29131.25,29115.25,29131.25,2697
2026-07-21 09:49:18.892,29131.25,29135.25,29117,29135.25,4532
2026-07-21 09:49:57.508,29135.25,29139.25,29118.75,29139.25,5873
2026-07-21 09:49:59.540,29139.25,29144.25,29127.25,29143.25,742
2026-07-21 09:50:00.960,29143.25,29148.25,29131.25,29147.25,693
2026-07-21 09:50:02.184,29147.25,29151.25,29135.25,29151.25,518
2026-07-21 09:50:03.344,29151.25,29157,29139.25,29155.25,958
2026-07-21 09:50:04.392,29155.25,29159.25,29143.25,29159.25,592
2026-07-21 09:50:16.004,29159.25,29163.25,29144.5,29163.25,3111
2026-07-21 09:50:21.232,29163.25,29167.25,29151.25,29167.25,1720
2026-07-21 09:50:45.076,29167.25,29172.25,29139.25,29139.25,5456
2026-07-21 09:51:13.968,29139.25,29167.25,29139,29167.25,4408
2026-07-21 09:51:15.304,29167.25,29171.25,29155.25,29171.25,325
2026-07-21 09:51:16.668,29171.25,29175.5,29159.25,29175.25,672
2026-07-21 09:51:56.684,29175.25,29178.5,29147.25,29147.25,6662
2026-07-21 09:51:57.700,29147.25,29159.25,29143,29143.25,436
2026-07-21 09:51:59.024,29143.25,29155.25,29139.25,29139.25,432
2026-07-21 09:52:01.044,29139.25,29151.25,29135.25,29135.25,833
2026-07-21 09:52:02.044,29135.25,29147.25,29127.75,29131.25,675
2026-07-21 09:52:03.052,29131.25,29143.25,29123.25,29127.25,701
2026-07-21 09:52:05.044,29127.25,29139.25,29123.25,29123.25,939
2026-07-21 09:52:08.100,29123.25,29135.25,29119.25,29119.25,1112
2026-07-21 09:52:16.492,29119.25,29147.25,29117.5,29147.25,2619
2026-07-21 09:52:25.896,29147.25,29151.25,29135.25,29151.25,1578
2026-07-21 09:52:26.996,29151.25,29155.5,29139.25,29155.25,349
2026-07-21 09:52:36.696,29155.25,29159.25,29143.25,29159.25,1394
2026-07-21 09:52:58.788,29159.25,29163.25,29147.25,29163.25,2630
2026-07-21 09:53:09.236,29163.25,29167.25,29151.25,29167.25,2090
2026-07-21 09:53:41.632,29167.25,29171.25,29140.5,29171.25,5630
2026-07-21 09:54:23.364,29171.25,29173,29143.25,29143.25,5460
2026-07-21 09:54:27.660,29143.25,29155.25,29139.25,29139.25,827
2026-07-21 09:54:28.660,29139.25,29151.25,29133.75,29135.25,510
2026-07-21 09:55:13.692,29135.25,29163.25,29131.5,29163.25,7351
2026-07-21 09:55:49.024,29163.25,29163.75,29135.25,29135.25,4779
2026-07-21 09:55:56.120,29135.25,29147.25,29131.25,29131.25,951
2026-07-21 09:56:05.396,29131.25,29143.25,29127.25,29127.25,1298
2026-07-21 09:56:13.812,29127.25,29139.25,29123.25,29123.25,1657
2026-07-21 09:56:23.472,29123.25,29135.25,29119.25,29119.25,1781
2026-07-21 09:56:33.776,29119.25,29131.25,29115.25,29115.25,1561
2026-07-21 09:56:36.536,29115.25,29127.25,29111,29111.25,882
2026-07-21 09:56:45.980,29111.25,29123.25,29107.25,29107.25,1303
2026-07-21 09:57:02.380,29107.25,29119.25,29103.25,29103.25,3267
2026-07-21 09:57:04.888,29103.25,29115.25,29099.25,29099.25,811
2026-07-21 09:57:05.888,29099.25,29111.25,29093.25,29095.25,713
2026-07-21 09:59:06.788,29095.25,29123.25,29092.5,29123.25,17474
2026-07-21 09:59:14.532,29123.25,29130,29111.25,29127.25,1541
2026-07-21 09:59:18.428,29127.25,29131.25,29115.25,29131.25,509
2026-07-21 09:59:24.664,29131.25,29135.25,29119.25,29135.25,1017
2026-07-21 09:59:35.884,29135.25,29139.25,29123.25,29139.25,1637
2026-07-21 09:59:36.884,29139.25,29145,29127.25,29143.25,575
2026-07-21 09:59:37.888,29143.25,29147.5,29131.25,29147.25,300
2026-07-21 09:59:48.552,29147.25,29151.25,29135.25,29151.25,1639
2026-07-21 10:00:01.092,29151.25,29155.25,29139.25,29155.25,1918
2026-07-21 10:00:14.364,29155.25,29159.25,29143.25,29159.25,2901
2026-07-21 10:00:16.896,29159.25,29163.25,29147.25,29163.25,691
2026-07-21 10:00:17.920,29163.25,29167.75,29151.25,29167.25,673
2026-07-21 10:00:21.108,29167.25,29171.25,29155.25,29171.25,1049
2026-07-21 10:00:22.112,29171.25,29178,29159.25,29175.25,584
2026-07-21 10:00:23.116,29175.25,29183.75,29163.25,29183.25,925
2026-07-21 10:00:29.060,29183.25,29187.25,29171.25,29187.25,2086
2026-07-21 10:01:51.668,29187.25,29189.75,29159.25,29159.25,12756
2026-07-21 10:01:56.632,29159.25,29171.25,29155.25,29155.25,1114
2026-07-21 10:01:57.644,29155.25,29167.25,29148.25,29151.25,598
2026-07-21 10:02:29.196,29151.25,29166.75,29147.25,29147.25,4358
2026-07-21 10:02:30.200,29147.25,29159.25,29140,29143.25,769
2026-07-21 10:02:37.960,29143.25,29155.25,29139.25,29139.25,1302
2026-07-21 10:02:41.084,29139.25,29151.25,29135.25,29135.25,732
2026-07-21 10:02:58.940,29135.25,29147.25,29131.25,29131.25,2367
2026-07-21 10:03:02.736,29131.25,29143.25,29127.25,29127.25,774
2026-07-21 10:03:03.748,29127.25,29139.25,29119.75,29123.25,632
2026-07-21 10:03:04.748,29123.25,29135.25,29113.75,29119.25,659
2026-07-21 10:03:07.384,29119.25,29131.25,29115.25,29115.25,778
2026-07-21 10:03:08.392,29115.25,29127.25,29105,29111.25,688
2026-07-21 10:03:10.016,29111.25,29123.25,29107,29107.25,413
2026-07-21 10:03:11.408,29107.25,29119.25,29103.25,29103.25,439
2026-07-21 10:03:23.712,29103.25,29117,29099.25,29099.25,3186
2026-07-21 10:03:36.952,29099.25,29111.25,29095.25,29095.25,2416
2026-07-21 10:05:21.936,29095.25,29121.5,29086.75,29091.25,17569
2026-07-21 10:05:23.400,29091.25,29103.25,29087.25,29087.25,572
2026-07-21 10:05:37.328,29087.25,29099.25,29083.25,29083.25,3166
2026-07-21 10:06:01.132,29083.25,29111.25,29081.25,29111.25,3796
2026-07-21 10:06:19.176,29111.25,29115.25,29099.25,29115.25,2754
2026-07-21 10:06:27.484,29115.25,29119.25,29103.25,29119.25,1969
2026-07-21 10:06:28.904,29119.25,29123.25,29107.25,29123.25,580
2026-07-21 10:06:34.152,29123.25,29127.25,29111.25,29127.25,1265
2026-07-21 10:06:55.856,29127.25,29131.25,29115.25,29131.25,3083
2026-07-21 10:06:56.888,29131.25,29139,29119.25,29135.25,761
2026-07-21 10:07:23.364,29135.25,29136.5,29107.25,29107.25,4371
2026-07-21 10:07:25.540,29107.25,29119.25,29103.25,29103.25,519
2026-07-21 10:07:28.448,29103.25,29115.25,29099.25,29099.25,725
2026-07-21 10:08:08.620,29099.25,29113.75,29095.25,29095.25,4786
2026-07-21 10:08:10.572,29095.25,29107.25,29090.5,29091.25,594
2026-07-21 10:08:33.028,29091.25,29103.25,29087.25,29087.25,2355
2026-07-21 10:08:41.404,29087.25,29099.25,29083.25,29083.25,1335
2026-07-21 10:09:20.660,29083.25,29107.5,29079.25,29079.25,5662
2026-07-21 10:09:39.604,29079.25,29091.25,29075.25,29075.25,3400
2026-07-21 10:10:35.616,29075.25,29093.25,29071.25,29071.25,7345
2026-07-21 10:10:38.212,29071.25,29083.25,29067.25,29067.25,1067
2026-07-21 10:11:49.176,29067.25,29095.25,29063,29095.25,9212
2026-07-21 10:12:07.080,29095.25,29099.25,29079.75,29099.25,2407
2026-07-21 10:13:06.684,29099.25,29103.25,29084.75,29103.25,5593
2026-07-21 10:13:45.420,29103.25,29107.25,29088,29107.25,3259
2026-07-21 10:13:46.420,29107.25,29112.5,29095.25,29111.25,593
2026-07-21 10:13:51.944,29111.25,29115.25,29099.25,29115.25,1121
2026-07-21 10:13:53.872,29115.25,29119.25,29103.25,29119.25,509
2026-07-21 10:14:02.288,29119.25,29123.25,29107.25,29123.25,1682
2026-07-21 10:14:09.264,29123.25,29127.25,29111.25,29127.25,1390
2026-07-21 10:14:27.312,29127.25,29131.25,29115.25,29131.25,2879
2026-07-21 10:14:32.380,29131.25,29135.25,29119.25,29135.25,1054
2026-07-21 10:15:21.020,29135.25,29137.5,29107.25,29107.25,7279
2026-07-21 10:15:22.028,29107.25,29119.25,29102.75,29103.25,357
2026-07-21 10:15:28.972,29103.25,29115.25,29099.25,29099.25,1276
2026-07-21 10:15:30.172,29099.25,29111.25,29095.25,29095.25,426
2026-07-21 10:15:31.180,29095.25,29107.25,29086.75,29091.25,741
2026-07-21 10:15:32.192,29091.25,29103.25,29080.5,29083.25,593
2026-07-21 10:15:41.192,29083.25,29095.25,29079.25,29079.25,1898
2026-07-21 10:15:52.468,29079.25,29091.25,29075.25,29075.25,1701
2026-07-21 10:16:16.900,29075.25,29089,29071.25,29071.25,3835
2026-07-21 10:17:52.676,29071.25,29099.25,29066.5,29099.25,10733
2026-07-21 10:17:53.896,29099.25,29103.25,29087.25,29103.25,430
2026-07-21 10:18:02.420,29103.25,29107.25,29091.25,29107.25,1311
2026-07-21 10:18:05.508,29107.25,29111.25,29095.25,29111.25,546
2026-07-21 10:18:06.540,29111.25,29115.75,29099.25,29115.25,384
2026-07-21 10:18:11.948,29115.25,29119.25,29103.25,29119.25,1104
2026-07-21 10:18:18.832,29119.25,29123.25,29107.25,29123.25,1062
2026-07-21 10:18:26.544,29123.25,29127.25,29111.25,29127.25,1178
2026-07-21 10:18:28.076,29127.25,29131.25,29115.25,29131.25,383
2026-07-21 10:18:31.800,29131.25,29135.25,29119.25,29135.25,796
2026-07-21 10:18:33.244,29135.25,29139.25,29123.25,29139.25,459
2026-07-21 10:18:37.880,29139.25,29143.25,29127.25,29143.25,1341
2026-07-21 10:18:39.452,29143.25,29147.25,29131.25,29147.25,446
2026-07-21 10:18:43.648,29147.25,29151.25,29135.25,29151.25,1186
2026-07-21 10:18:47.636,29151.25,29155.25,29139.25,29155.25,1314
2026-07-21 10:18:55.696,29155.25,29159.25,29143.25,29159.25,1739
2026-07-21 10:20:00.928,29159.25,29163.25,29146.75,29163.25,8780
2026-07-21 10:20:01.940,29163.25,29168.75,29151.25,29167.25,646
2026-07-21 10:20:29.436,29167.25,29171.5,29147,29171.25,4755
2026-07-21 10:20:55.868,29171.25,29173.25,29143.25,29143.25,3768
2026-07-21 10:20:58.600,29143.25,29155.25,29139.25,29139.25,762
2026-07-21 10:21:02.524,29139.25,29151.25,29135.25,29135.25,1152
2026-07-21 10:21:06.112,29135.25,29147.25,29131.25,29131.25,1010
2026-07-21 10:21:40.064,29131.25,29144.25,29127.25,29127.25,4062
2026-07-21 10:21:41.172,29127.25,29139.25,29123.25,29123.25,433
2026-07-21 10:21:44.604,29123.25,29135.25,29119.25,29119.25,982
2026-07-21 10:21:48.788,29119.25,29131.25,29115.25,29115.25,944
2026-07-21 10:22:22.724,29115.25,29143.25,29111.75,29143.25,5445
2026-07-21 10:22:37.536,29143.25,29147.25,29131.25,29147.25,1478
2026-07-21 10:22:40.380,29147.25,29151.25,29135.25,29151.25,527
2026-07-21 10:24:03.112,29151.25,29155.25,29131.25,29155.25,8143
2026-07-21 10:25:20.216,29155.25,29159.25,29137,29159.25,5870
2026-07-21 10:25:33.212,29159.25,29163.25,29147.25,29163.25,1462
2026-07-21 10:25:35.612,29163.25,29167.25,29151.25,29167.25,523
2026-07-21 10:25:37.824,29167.25,29171.25,29155.25,29171.25,573
2026-07-21 10:25:41.988,29171.25,29176.5,29159.25,29175.25,1188
2026-07-21 10:25:42.988,29175.25,29182,29163.25,29179.25,831
2026-07-21 10:26:53.500,29179.25,29183.25,29167.25,29183.25,7484
2026-07-21 10:27:07.152,29183.25,29187.25,29171.25,29187.25,1336
2026-07-21 10:27:11.240,29187.25,29191.25,29175.25,29191.25,772
2026-07-21 10:27:20.928,29191.25,29195.25,29179.25,29195.25,1756
2026-07-21 10:27:31.940,29195.25,29199.25,29183.25,29199.25,1342
2026-07-21 10:27:55.504,29199.25,29203.25,29187.25,29203.25,2391
2026-07-21 10:27:56.508,29203.25,29211.75,29191.25,29207.25,1701
2026-07-21 10:28:00.920,29207.25,29211.25,29195.25,29211.25,1054
2026-07-21 10:28:01.992,29211.25,29218,29199.25,29215.25,759
2026-07-21 10:30:14.176,29215.25,29219.25,29192.75,29219.25,14186
2026-07-21 10:31:03.676,29219.25,29223.25,29202.75,29223.25,4921
2026-07-21 10:31:53.080,29223.25,29227.25,29203.75,29227.25,4373
2026-07-21 10:35:20.556,29227.25,29231.25,29206.75,29231.25,17301
2026-07-21 10:35:30.236,29231.25,29235.25,29219.25,29235.25,1212
2026-07-21 10:38:14.548,29235.25,29235.5,29207.25,29207.25,10517
2026-07-21 10:38:15.548,29207.25,29219.25,29198,29203.25,889
2026-07-21 10:38:16.656,29203.25,29215.25,29199.25,29199.25,326
2026-07-21 10:38:22.688,29199.25,29211.25,29195.25,29195.25,1028
2026-07-21 10:38:24.352,29195.25,29207.25,29191.25,29191.25,476
2026-07-21 10:38:25.660,29191.25,29203.25,29187.25,29187.25,586
2026-07-21 10:41:14.648,29187.25,29208,29183.25,29183.25,14363
2026-07-21 10:41:21.460,29183.25,29195.25,29178.75,29179.25,1565
2026-07-21 10:41:30.900,29179.25,29191.25,29175.25,29175.25,1242
2026-07-21 10:42:04.420,29175.25,29187.25,29171.25,29171.25,3334
2026-07-21 10:42:05.472,29171.25,29183.25,29166.75,29167.25,534
2026-07-21 10:42:08.072,29167.25,29179.25,29163.25,29163.25,626
2026-07-21 10:43:01.544,29163.25,29191.25,29162.5,29191.25,5516
2026-07-21 10:43:02.544,29191.25,29195.75,29179.25,29195.25,293
2026-07-21 10:43:05.384,29195.25,29199.25,29183.25,29199.25,600
2026-07-21 10:43:07.240,29199.25,29204,29187.25,29203.25,651
2026-07-21 10:43:21.780,29203.25,29207.25,29191.25,29207.25,2052
2026-07-21 10:43:26.572,29207.25,29211.25,29195.25,29211.25,847
2026-07-21 10:43:32.572,29211.25,29215.25,29199.25,29215.25,690
2026-07-21 10:43:37.456,29215.25,29219.25,29203.25,29219.25,817
2026-07-21 10:44:22.152,29219.25,29223.25,29207.25,29223.25,3915
2026-07-21 10:45:00.196,29223.25,29227.25,29211.25,29227.25,2236
2026-07-21 10:45:01.996,29227.25,29231.25,29215.25,29231.25,500
2026-07-21 10:45:06.780,29231.25,29235.25,29219.25,29235.25,911
2026-07-21 10:45:08.196,29235.25,29239.75,29223.25,29239.25,980
2026-07-21 10:45:17.408,29239.25,29243.25,29227.25,29243.25,1690
2026-07-21 10:45:20.644,29243.25,29247.25,29231.25,29247.25,884
2026-07-21 10:45:21.644,29247.25,29253.25,29235.25,29251.25,1441
2026-07-21 10:47:18.620,29251.25,29254,29223.25,29223.25,11657
2026-07-21 10:47:33.092,29223.25,29235.25,29219.25,29219.25,1459
2026-07-21 10:47:34.468,29219.25,29231.25,29215.25,29215.25,297
2026-07-21 10:48:05.648,29215.25,29243.25,29211.75,29243.25,5583
2026-07-21 10:48:07.404,29243.25,29247.25,29231.25,29247.25,773
2026-07-21 10:48:08.568,29247.25,29251.25,29235.25,29251.25,612
2026-07-21 10:48:10.156,29251.25,29257.75,29239.25,29255.25,1219
2026-07-21 10:49:42.244,29255.25,29257,29227.25,29227.25,8330
2026-07-21 10:50:05.308,29227.25,29239.25,29223.25,29223.25,2003
2026-07-21 10:50:06.392,29223.25,29235.25,29219,29219.25,376
2026-07-21 10:50:12.092,29219.25,29231.25,29215.25,29215.25,996
2026-07-21 10:51:32.408,29215.25,29233,29211.25,29211.25,6044
2026-07-21 10:58:55.540,29211.25,29239.25,29206.25,29239.25,27427
2026-07-21 11:00:02.420,29239.25,29243.25,29227.25,29243.25,4246
2026-07-21 11:02:30.508,29243.25,29245.5,29215.25,29215.25,11600
2026-07-21 11:02:56.192,29215.25,29227.25,29211.25,29211.25,2234
2026-07-21 11:02:57.192,29211.25,29223.25,29198.5,29203.25,1224
2026-07-21 11:02:58.252,29203.25,29215.25,29195.5,29199.25,608
2026-07-21 11:03:05.840,29199.25,29211.25,29195.25,29195.25,1872
2026-07-21 11:05:04.376,29195.25,29207.25,29191.25,29191.25,8562
2026-07-21 11:05:17.728,29191.25,29203.25,29187.25,29187.25,1161
2026-07-21 11:05:24.824,29187.25,29199.25,29183.25,29183.25,1061
2026-07-21 11:06:02.364,29183.25,29211.25,29181.5,29211.25,4429
2026-07-21 11:06:03.384,29211.25,29217.25,29199.25,29215.25,490
2026-07-21 11:06:25.612,29215.25,29219.25,29203.25,29219.25,1819
2026-07-21 11:06:28.012,29219.25,29223.25,29207.25,29223.25,394
2026-07-21 11:06:39.168,29223.25,29227.25,29211.25,29227.25,1240
2026-07-21 11:06:43.852,29227.25,29231.25,29215.25,29231.25,712
2026-07-21 11:06:46.160,29231.25,29235.25,29219.25,29235.25,434
2026-07-21 11:07:14.276,29235.25,29239.25,29223.25,29239.25,2151
2026-07-21 11:07:16.220,29239.25,29243.25,29227.25,29243.25,359
2026-07-21 11:07:21.648,29243.25,29247.25,29231.25,29247.25,666
2026-07-21 11:07:26.068,29247.25,29251.25,29235.25,29251.25,938
2026-07-21 11:07:49.064,29251.25,29255.25,29239.25,29255.25,2099
2026-07-21 11:07:50.316,29255.25,29259.25,29243.25,29259.25,369
2026-07-21 11:08:12.108,29259.25,29263.25,29247.25,29263.25,2928
2026-07-21 11:09:05.244,29263.25,29267.25,29251.25,29267.25,3772
2026-07-21 11:09:14.848,29267.25,29271.25,29255.25,29271.25,1283
2026-07-21 11:09:40.112,29271.25,29275.25,29259.25,29275.25,2644
2026-07-21 11:09:47.112,29275.25,29279.25,29263.25,29279.25,1111
2026-07-21 11:10:17.796,29279.25,29283.25,29267.25,29283.25,3073
2026-07-21 11:12:33.136,29283.25,29287.25,29269.25,29287.25,7624
2026-07-21 11:12:54.080,29287.25,29291.25,29275.25,29291.25,1609
2026-07-21 11:13:06.120,29291.25,29295.25,29279.25,29295.25,1139
2026-07-21 11:21:34.124,29295.25,29299.25,29272,29299.25,28892
2026-07-21 11:21:49.220,29299.25,29303.25,29287.25,29303.25,2727
2026-07-21 11:21:50.744,29303.25,29307.25,29291.25,29307.25,547
2026-07-21 11:26:02.188,29307.25,29311.25,29283.75,29311.25,15063
2026-07-21 11:26:45.244,29311.25,29315.25,29299.25,29315.25,2880
2026-07-21 11:27:01.580,29315.25,29319.25,29303.25,29319.25,1815
2026-07-21 11:31:35.704,29319.25,29319.75,29291.25,29291.25,14580
2026-07-21 11:32:16.416,29291.25,29303.25,29287.25,29287.25,2064
2026-07-21 11:33:09.340,29287.25,29299.25,29283.25,29283.25,2076
2026-07-21 11:33:21.128,29283.25,29295.25,29279.25,29279.25,1091
2026-07-21 11:33:26.360,29279.25,29291.25,29275.25,29275.25,1610
2026-07-21 11:33:27.388,29275.25,29287.25,29270,29271.25,606
2026-07-21 11:33:30.552,29271.25,29283.25,29267.25,29267.25,686
2026-07-21 11:34:36.408,29267.25,29295.25,29266,29295.25,4568
2026-07-21 11:34:47.532,29295.25,29299.25,29283.25,29299.25,774
2026-07-21 11:35:08.972,29299.25,29303.25,29287.25,29303.25,1488
2026-07-21 11:38:37.108,29303.25,29306.25,29275.25,29275.25,11658
2026-07-21 11:40:16.048,29275.25,29287.25,29271.25,29271.25,4147
2026-07-21 11:40:29.296,29271.25,29283.25,29267.25,29267.25,951
2026-07-21 11:44:29.272,29267.25,29283.75,29263.25,29263.25,9482
2026-07-21 11:44:35.652,29263.25,29275.25,29259.25,29259.25,1617
2026-07-21 11:48:23.716,29259.25,29287.25,29258.25,29287.25,10953
2026-07-21 11:49:53.152,29287.25,29291.25,29275.25,29291.25,4157
2026-07-21 11:50:18.196,29291.25,29295.25,29279.25,29295.25,1324
2026-07-21 11:50:23.352,29295.25,29299.25,29283.25,29299.25,611
2026-07-21 11:55:44.192,29299.25,29301.25,29271.25,29271.25,13012
2026-07-21 11:56:01.600,29271.25,29283.25,29267.25,29267.25,1289
2026-07-21 11:59:11.204,29267.25,29283.25,29263.25,29263.25,6438
2026-07-21 11:59:34.440,29263.25,29275.25,29259.25,29259.25,1518
2026-07-21 12:00:18.296,29259.25,29271.25,29255.25,29255.25,3090
2026-07-21 12:02:08.504,29255.25,29283.25,29254.25,29283.25,6010
2026-07-21 12:03:30.600,29283.25,29287.25,29271.25,29287.25,3099
2026-07-21 12:04:00.392,29287.25,29291.25,29275.25,29291.25,1014
2026-07-21 12:04:08.032,29291.25,29295.25,29279.25,29295.25,655
2026-07-21 12:04:47.568,29295.25,29299.25,29283.25,29299.25,1848
2026-07-21 12:04:57.860,29299.25,29303.25,29287.25,29303.25,914
2026-07-21 12:05:33.216,29303.25,29307.25,29291.25,29307.25,2227
2026-07-21 12:06:09.636,29307.25,29311.25,29295.25,29311.25,1887
2026-07-21 12:08:18.444,29311.25,29315.25,29299.25,29315.25,4357
2026-07-21 12:08:19.916,29315.25,29319.25,29303.25,29319.25,452
2026-07-21 12:08:20.916,29319.25,29328,29307.25,29323.25,2317
2026-07-21 12:22:31.060,29323.25,29327.25,29295.75,29327.25,31207
2026-07-21 12:23:14.276,29327.25,29331.25,29315.25,29331.25,2406
2026-07-21 12:23:26.728,29331.25,29335.25,29319.25,29335.25,1022
2026-07-21 12:27:43.376,29335.25,29337.5,29307.25,29307.25,10173
2026-07-21 12:33:03.960,29307.25,29324,29303.25,29303.25,11577
2026-07-21 12:38:56.604,29303.25,29331.25,29302.75,29331.25,9395
2026-07-21 12:51:03.428,29331.25,29335.25,29311.25,29335.25,19756
2026-07-21 12:51:14.052,29335.25,29339.75,29323.25,29339.25,1323
2026-07-21 12:51:42.340,29339.25,29343.25,29327.25,29343.25,1630
2026-07-21 12:54:49.192,29343.25,29347.25,29331.25,29347.25,5752
2026-07-21 12:55:06.244,29347.25,29351.25,29335.25,29351.25,1225
2026-07-21 13:07:19.932,29351.25,29355.25,29331,29355.25,21755
2026-07-21 13:21:24.332,29355.25,29356.5,29327.25,29327.25,27213
2026-07-21 13:28:10.660,29327.25,29339.25,29323.25,29323.25,8897
2026-07-21 13:31:55.832,29323.25,29351.25,29322.75,29351.25,8405
2026-07-21 13:49:51.868,29351.25,29355.25,29327.5,29355.25,26682
2026-07-21 13:50:05.288,29355.25,29360,29343.25,29359.25,1738
2026-07-21 13:50:17.976,29359.25,29363.25,29347.25,29363.25,1494
2026-07-21 13:58:28.352,29363.25,29363.5,29335.25,29335.25,12726
2026-07-21 14:20:23.196,29335.25,29363,29331.25,29331.25,35245
2026-07-21 14:26:40.316,29331.25,29345,29327.25,29327.25,10437
2026-07-21 14:27:26.936,29327.25,29339.25,29323.25,29323.25,2097
2026-07-21 14:31:36.860,29323.25,29335.25,29319.25,29319.25,8015
2026-07-21 14:31:55.916,29319.25,29331.25,29315.25,29315.25,774
2026-07-21 14:32:12.944,29315.25,29327.25,29311.25,29311.25,1202
2026-07-21 14:42:42.432,29311.25,29339.25,29310.5,29339.25,20288
2026-07-21 14:43:59.192,29339.25,29343.25,29327.25,29343.25,2502
2026-07-21 14:44:13.200,29343.25,29350.25,29331.25,29347.25,1666
2026-07-21 14:45:09.084,29347.25,29351.25,29335.25,29351.25,2099
2026-07-21 14:46:46.728,29351.25,29355.25,29339.25,29355.25,3501
2026-07-21 14:53:50.184,29355.25,29356,29327.25,29327.25,11047
2026-07-21 14:54:58.296,29327.25,29339.25,29323,29323.25,2130
2026-07-21 14:56:27.088,29323.25,29335.25,29319.25,29319.25,3476
2026-07-21 15:01:25.324,29319.25,29336.25,29315.25,29315.25,10382
2026-07-21 15:03:01.436,29315.25,29327.25,29311.25,29311.25,3221
2026-07-21 15:08:19.200,29311.25,29327.75,29307.25,29307.25,11291
2026-07-21 15:10:52.296,29307.25,29319.75,29303.25,29303.25,5419
2026-07-21 15:26:16.724,29303.25,29322,29299.25,29299.25,24175
2026-07-21 15:29:09.400,29299.25,29313,29295.25,29295.25,6277
2026-07-21 15:29:53.300,29295.25,29307.25,29291.25,29291.25,1904
2026-07-21 15:35:39.900,29291.25,29319.25,29290.5,29319.25,13274
2026-07-21 15:35:45.576,29319.25,29323.25,29307.25,29323.25,711
2026-07-21 15:36:12.304,29323.25,29327.25,29311.25,29327.25,1874
2026-07-21 15:37:53.732,29327.25,29331.25,29315.25,29331.25,3695
2026-07-21 15:43:42.952,29331.25,29335.25,29319.25,29335.25,10634
2026-07-21 15:44:39.412,29335.25,29339.25,29323.25,29339.25,2643
2026-07-21 15:49:30.244,29339.25,29343.25,29325.5,29343.25,9919
2026-07-21 15:50:00.720,29343.25,29344.75,29315.25,29315.25,2657
2026-07-21 15:50:20.008,29315.25,29343.25,29313.25,29343.25,2905
2026-07-21 15:54:40.008,29343.25,29347.25,29328.25,29347.25,13611
2026-07-21 15:59:49.896,29347.25,29351.25,29319.25,29319.25,21556
2026-07-21 15:59:52.012,29319.25,29331.25,29315.25,29315.25,764
2026-07-21 15:59:53.712,29315.25,29327.25,29311.25,29311.25,1111
2026-07-21 15:59:56.032,29311.25,29323.25,29307.25,29307.25,1381
2026-07-21 15:59:57.604,29307.25,29319.25,29303.25,29303.25,1173
2026-07-21 16:00:34.672,29303.25,29317,29299.25,29299.25,7016
2026-07-21 16:00:36.908,29299.25,29311.25,29295.25,29295.25,264
2026-07-21 16:02:22.812,29295.25,29307.25,29291.25,29291.25,5672
2026-07-21 16:03:11.464,29291.25,29303.25,29287.25,29287.25,1851
2026-07-21 16:18:43.188,29287.25,29309,29283.25,29283.25,15908
2026-07-21 16:49:14.648,29283.25,29302.5,29279.25,29279.25,11320
2026-07-21 16:59:59.140,29279.25,29291.5,29279.25,29290,3807
2026-07-21 18:00:29.792,29309,29311.75,29293,29293,1066
2026-07-21 18:03:34.372,29293,29305,29289,29289,2184
2026-07-21 18:06:02.464,29289,29301,29285,29285,1925
2026-07-21 18:07:01.568,29285,29297,29281,29281,765
2026-07-21 18:24:44.244,29281,29306,29277,29277,8974
2026-07-21 18:24:46.652,29277,29289,29273,29273,359
2026-07-21 18:29:22.680,29273,29285,29269,29269,3454
2026-07-21 18:30:44.428,29269,29281,29265,29265,1139
2026-07-21 18:30:49.440,29265,29277,29261,29261,205
2026-07-21 18:45:17.844,29261,29283.75,29257,29257,8515
2026-07-21 18:48:13.780,29257,29269,29253,29253,2124
2026-07-21 19:11:18.532,29253,29281,29251.75,29281,11126
2026-07-21 19:12:23.652,29281,29289.75,29269,29285,1527
2026-07-21 19:18:35.060,29285,29289,29272.5,29289,4051
2026-07-21 19:18:49.912,29289,29293,29277,29293,390
2026-07-21 19:19:52.760,29293,29297,29281,29297,1201
2026-07-21 19:19:53.768,29297,29304.75,29285,29301,418
2026-07-21 19:41:58.496,29301,29304.25,29273,29273,11779
2026-07-21 19:50:51.728,29273,29301,29271.5,29301,6137
2026-07-21 19:53:07.452,29301,29302,29273,29273,2563
2026-07-21 19:59:36.224,29273,29301,29266,29301,5153
2026-07-21 20:00:00.156,29301,29305,29289,29305,575
2026-07-21 20:01:41.232,29305,29320.5,29286.5,29309,4583
2026-07-21 20:01:55.884,29309,29313,29297,29313,525
2026-07-21 20:02:09.336,29313,29317,29301,29317,497
2026-07-21 20:03:06.972,29317,29321,29305,29321,1787
2026-07-21 20:04:42.760,29321,29325,29309,29325,2556
2026-07-21 20:06:35.844,29325,29329,29313,29329,2756
2026-07-21 20:06:37.440,29329,29333,29317,29333,200
2026-07-21 20:11:25.552,29333,29337,29308.5,29337,8309
2026-07-21 20:16:48.088,29337,29337.25,29309,29309,5281
2026-07-21 20:22:33.668,29309,29327.75,29305,29305,5882
2026-07-21 20:23:46.520,29305,29317,29301,29301,1464
2026-07-21 20:26:46.320,29301,29323,29297,29297,3323
2026-07-21 20:27:24.348,29297,29309,29292.75,29293,1185
2026-07-21 20:32:00.584,29293,29305.75,29289,29289,4613
2026-07-21 20:32:02.096,29289,29301,29283,29285,383
2026-07-21 20:32:03.124,29285,29297,29280,29281,208
2026-07-21 20:32:11.552,29281,29293,29277,29277,553
2026-07-21 20:32:25.136,29277,29289,29273,29273,734
2026-07-21 20:46:35.472,29273,29297.75,29269,29269,12853
2026-07-21 20:46:36.668,29269,29281,29265,29265,253
2026-07-21 20:48:45.120,29265,29277,29261,29261,2295
2026-07-21 20:58:57.104,29261,29289,29258.5,29289,9875
2026-07-21 21:00:01.008,29289,29293,29277,29293,1037
2026-07-21 21:00:55.556,29293,29294.25,29265,29265,1613
2026-07-21 21:00:57.652,29265,29277,29261,29261,167
2026-07-21 21:00:59.316,29261,29273,29257,29257,225
2026-07-21 21:01:00.712,29257,29269,29253,29253,304
2026-07-21 21:01:24.584,29253,29265,29240.25,29249,2145
2026-07-21 21:01:35.220,29249,29261,29245,29245,450
2026-07-21 21:01:59.532,29245,29257,29241,29241,569
2026-07-21 21:02:00.540,29241,29253,29237,29237,196
2026-07-21 21:02:36.408,29237,29249,29233,29233,1362
2026-07-21 21:13:46.560,29233,29261,29232.75,29261,8809
2026-07-21 21:16:10.972,29261,29265,29249,29265,2019
2026-07-21 21:16:13.824,29265,29269,29253,29269,217
2026-07-21 21:24:46.196,29269,29271.25,29241,29241,6493
2026-07-21 21:30:02.044,29241,29263.5,29237,29237,4174
2026-07-21 21:31:32.504,29237,29249,29233,29233,2057
2026-07-21 21:40:42.144,29233,29261,29231.75,29261,6155
2026-07-21 21:45:45.416,29261,29265,29240,29265,4611
2026-07-21 21:46:02.588,29265,29269,29253,29269,437
2026-07-21 21:46:21.688,29269,29273,29257,29273,543
2026-07-21 21:46:23.108,29273,29277,29261,29277,221
2026-07-21 21:47:59.128,29277,29281,29265,29281,1799
2026-07-21 21:48:22.256,29281,29285,29269,29285,662
2026-07-21 21:50:01.812,29285,29289,29273,29289,1595
2026-07-21 21:51:28.292,29289,29293,29277,29293,1181
2026-07-21 21:52:42.008,29293,29299,29281,29297,1389
2026-07-21 21:52:44.316,29297,29301,29285,29301,260
2026-07-21 21:52:51.396,29301,29305,29289,29305,612
2026-07-21 21:59:39.728,29305,29306.25,29277,29277,5934
2026-07-21 22:00:23.680,29277,29289,29273,29273,1101
2026-07-21 22:00:30.236,29273,29285,29269,29269,224
2026-07-21 22:00:36.316,29269,29281,29265,29265,250
2026-07-21 22:01:09.236,29265,29277,29261,29261,901
2026-07-21 22:01:22.368,29261,29273,29257,29257,466
2026-07-21 22:01:26.256,29257,29269,29253,29253,228
2026-07-21 22:01:31.700,29253,29265,29249,29249,321
2026-07-21 22:07:09.000,29249,29270,29245,29245,5658
2026-07-21 22:08:12.268,29245,29257,29241,29241,967
2026-07-21 22:15:51.300,29241,29269,29238,29269,5925
2026-07-21 22:27:52.192,29269,29273,29249.75,29273,6652
2026-07-21 22:28:26.300,29273,29277,29261,29277,605
2026-07-21 22:28:59.904,29277,29281,29265,29281,637
2026-07-21 22:29:04.792,29281,29285,29269,29285,270
2026-07-21 22:31:11.100,29285,29285,29257,29257,2500
2026-07-21 22:34:05.404,29257,29276.25,29253,29253,2577
2026-07-21 22:35:15.692,29253,29265,29249,29249,822
2026-07-21 22:37:57.124,29249,29261,29245,29245,1597
2026-07-21 22:56:08.784,29245,29265.5,29241,29241,10356
2026-07-21 22:56:13.588,29241,29253,29237,29237,265
2026-07-21 22:58:13.008,29237,29249,29233,29233,1487
2026-07-21 22:58:16.116,29233,29245,29229,29229,287
2026-07-21 23:09:08.592,29229,29244.5,29225,29225,7539
2026-07-21 23:09:41.944,29225,29237,29221,29221,660
2026-07-21 23:09:52.796,29221,29233,29217,29217,477
2026-07-21 23:11:44.804,29217,29229,29213,29213,1615
2026-07-21 23:23:48.336,29213,29241,29210,29241,7757
2026-07-21 23:23:49.464,29241,29245,29229,29245,301
2026-07-21 23:23:53.404,29245,29249,29233,29249,446
2026-07-21 23:25:43.120,29249,29253,29237,29253,1606
2026-07-21 23:26:05.692,29253,29257,29241,29257,378
2026-07-21 23:29:38.392,29257,29261,29245,29261,2095
2026-07-21 23:30:11.316,29261,29265,29249,29265,467
2026-07-21 23:32:32.912,29265,29267.75,29237,29237,2616
2026-07-21 23:32:51.124,29237,29249,29233,29233,344
2026-07-21 23:32:55.316,29233,29245,29229,29229,164
2026-07-21 23:33:09.952,29229,29241,29225,29225,468
2026-07-21 23:34:05.696,29225,29237,29221,29221,1305
2026-07-21 23:51:30.660,29221,29242.5,29217,29217,10147
2026-07-21 23:51:42.452,29217,29229,29213,29213,513
2026-07-21 23:51:47.460,29213,29225,29209,29209,274
2026-07-21 23:52:02.888,29209,29221,29205,29205,686
2026-07-21 23:53:14.196,29205,29217,29201,29201,1287
2026-07-21 23:54:19.004,29201,29213,29197,29197,1418
2026-07-21 23:54:28.340,29197,29209,29193,29193,284
2026-07-22 00:01:45.976,29193,29211,29189,29189,6116
2026-07-22 00:05:48.728,29189,29217,29188,29217,2846
2026-07-22 00:06:35.208,29217,29221,29205,29221,704
2026-07-22 00:15:33.260,29221,29225,29209,29225,4003
2026-07-22 00:20:28.624,29225,29229,29213,29229,1937
2026-07-22 00:22:44.896,29229,29233,29217,29233,860
2026-07-22 00:29:07.544,29233,29237,29221,29237,2780
2026-07-22 00:40:15.164,29237,29239,29209,29209,5172
2026-07-22 00:50:58.012,29209,29224,29205,29205,4191
2026-07-22 00:55:02.468,29205,29217,29201,29201,1096
2026-07-22 00:56:12.176,29201,29213,29197,29197,652
2026-07-22 01:00:04.848,29197,29225,29193.5,29225,2567
2026-07-22 01:05:21.968,29225,29226.5,29197,29197,2628
2026-07-22 01:06:53.904,29197,29209,29193,29193,821
2026-07-22 01:08:42.544,29193,29205,29189,29189,1028
2026-07-22 01:09:14.620,29189,29201,29185,29185,649
2026-07-22 01:12:22.072,29185,29197,29181,29181,2099
2026-07-22 01:17:02.084,29181,29193,29177,29177,3004
2026-07-22 01:20:46.280,29177,29196.75,29173,29173,2796
2026-07-22 01:23:58.960,29173,29185,29169,29169,2052
2026-07-22 01:30:04.432,29169,29186.75,29165,29165,4247
2026-07-22 01:36:44.584,29165,29185.75,29161,29161,5283
2026-07-22 01:37:02.332,29161,29173,29157,29157,382
2026-07-22 01:37:08.932,29157,29169,29153,29153,499
2026-07-22 01:42:27.136,29153,29172,29149,29149,3718
2026-07-22 01:46:01.884,29149,29161,29145,29145,2413
2026-07-22 01:46:30.412,29145,29157,29141,29141,431
2026-07-22 01:51:03.804,29141,29169,29140.25,29169,3655
2026-07-22 01:51:27.100,29169,29173,29157,29173,572
2026-07-22 01:52:28.476,29173,29177,29161,29177,825
2026-07-22 02:05:05.056,29177,29178.25,29149,29149,8633
2026-07-22 02:05:11.152,29149,29161,29145,29145,145
2026-07-22 02:05:13.912,29145,29157,29141,29141,180
2026-07-22 02:05:15.216,29141,29153,29135.75,29137,366
2026-07-22 02:06:16.144,29137,29149,29133,29133,1310
2026-07-22 02:06:20.604,29133,29145,29129,29129,269
2026-07-22 02:13:51.272,29129,29144,29125,29125,5280
2026-07-22 02:15:41.776,29125,29137,29121,29121,1163
2026-07-22 02:16:19.892,29121,29133,29117,29117,692
2026-07-22 02:16:53.788,29117,29129,29113,29113,744
2026-07-22 02:17:56.468,29113,29125,29109,29109,848
2026-07-22 02:18:12.112,29109,29121,29105,29105,321
2026-07-22 02:18:13.384,29105,29117,29101,29101,163
2026-07-22 02:18:20.956,29101,29113,29097,29097,484
2026-07-22 02:20:19.816,29097,29109,29093,29093,2023
2026-07-22 02:20:23.232,29093,29105,29089,29089,232
2026-07-22 02:20:41.120,29089,29101,29085,29085,617
2026-07-22 02:20:48.536,29085,29097,29081,29081,301
2026-07-22 02:22:04.356,29081,29093,29077,29077,1781
2026-07-22 02:22:10.604,29077,29089,29073,29073,358
2026-07-22 02:22:52.288,29073,29085,29069,29069,999
2026-07-22 02:24:02.156,29069,29081,29065,29065,1528
2026-07-22 02:24:05.336,29065,29077,29061,29061,327
2026-07-22 02:33:30.200,29061,29089,29060,29089,9625
2026-07-22 02:34:23.728,29089,29093,29077,29093,969
2026-07-22 02:35:02.008,29093,29097,29081,29097,722
2026-07-22 02:35:33.388,29097,29101,29085,29101,881
2026-07-22 02:36:21.020,29101,29105,29089,29105,858
2026-07-22 02:36:28.576,29105,29109,29093,29109,383
2026-07-22 02:37:03.012,29109,29113,29097,29113,731
2026-07-22 02:45:40.140,29113,29116,29085,29085,6178
2026-07-22 02:46:11.368,29085,29097,29081,29081,691
2026-07-22 02:46:20.132,29081,29093,29077,29077,253
2026-07-22 02:47:13.628,29077,29089,29073,29073,932
2026-07-22 02:49:31.412,29073,29085,29069,29069,1908
2026-07-22 02:50:13.824,29069,29081,29065,29065,729
2026-07-22 02:51:38.344,29065,29093,29062.75,29093,2328
2026-07-22 02:52:12.644,29093,29097,29081,29097,787
2026-07-22 02:54:27.112,29097,29101,29085,29101,1222
2026-07-22 03:02:48.140,29101,29103,29073,29073,7717
2026-07-22 03:06:35.476,29073,29092.75,29069,29069,3291
2026-07-22 03:06:39.000,29069,29081,29064.75,29065,290
2026-07-22 03:06:41.292,29065,29077,29061,29061,210
2026-07-22 03:06:42.460,29061,29073,29056.75,29057,420
2026-07-22 03:06:44.060,29057,29069,29053,29053,289
2026-07-22 03:11:32.560,29053,29081,29050.5,29081,4669
2026-07-22 03:12:14.124,29081,29085,29069,29085,715
2026-07-22 03:13:05.976,29085,29089,29073,29089,882
2026-07-22 03:13:07.624,29089,29093,29077,29093,94
2026-07-22 03:13:13.196,29093,29097,29081,29097,318
2026-07-22 03:18:00.172,29097,29101,29085,29101,3298
2026-07-22 03:18:08.744,29101,29105,29089,29105,240
2026-07-22 03:18:53.212,29105,29109,29093,29109,551
2026-07-22 03:18:56.880,29109,29113,29097,29113,163
2026-07-22 03:25:40.872,29113,29115,29085,29085,4596
2026-07-22 03:27:04.332,29085,29113,29084,29113,1433
2026-07-22 03:27:12.056,29113,29117,29101,29117,247
2026-07-22 03:27:43.012,29117,29121,29105,29121,896
2026-07-22 03:30:44.376,29121,29124.5,29093,29093,3689
2026-07-22 03:30:58.224,29093,29105,29089,29089,534
2026-07-22 03:31:03.628,29089,29101,29085,29085,170
2026-07-22 03:31:06.336,29085,29097,29081,29081,213
2026-07-22 03:31:08.288,29081,29093,29077,29077,115
2026-07-22 03:33:43.780,29077,29091.75,29073,29073,2400
2026-07-22 03:35:25.504,29073,29085,29069,29069,1342
2026-07-22 03:36:38.872,29069,29081,29065,29065,1099
2026-07-22 03:37:03.264,29065,29077,29061,29061,340
2026-07-22 03:37:15.600,29061,29073,29057,29057,252
2026-07-22 03:39:42.928,29057,29074,29053,29053,2938
2026-07-22 03:39:59.388,29053,29065,29049,29049,482
2026-07-22 03:40:16.248,29049,29061,29045,29045,756
2026-07-22 03:41:40.740,29045,29057,29041,29041,1548
2026-07-22 03:41:41.992,29041,29053,29037,29037,175
2026-07-22 03:41:44.888,29037,29049,29033,29033,294
2026-07-22 03:41:45.916,29033,29045,29026,29029,271
2026-07-22 03:44:00.280,29029,29057,29026.25,29057,2717
2026-07-22 03:44:06.432,29057,29061,29045,29061,228
2026-07-22 03:44:36.964,29061,29065,29049,29065,578
2026-07-22 03:45:03.688,29065,29069,29053,29069,642
2026-07-22 03:48:45.972,29069,29073,29048.5,29073,3640
2026-07-22 03:49:55.148,29073,29077.75,29045,29045,1855
2026-07-22 03:50:15.136,29045,29057,29041,29041,245
2026-07-22 04:00:52.088,29041,29069,29038.75,29069,8209
2026-07-22 04:01:53.404,29069,29073,29049.25,29073,1749
2026-07-22 04:04:34.528,29073,29077,29053.5,29077,2939
2026-07-22 04:04:51.324,29077,29081,29065,29081,517
2026-07-22 04:04:55.848,29081,29085,29069,29085,182
2026-07-22 04:05:24.356,29085,29089,29073,29089,836
2026-07-22 04:08:18.580,29089,29093,29067.5,29093,3147
2026-07-22 04:08:21.700,29093,29097,29081,29097,115
2026-07-22 04:08:30.848,29097,29101,29085,29101,278
2026-07-22 04:08:34.520,29101,29105,29089,29105,148
2026-07-22 04:11:03.696,29105,29107.5,29077,29077,2646
2026-07-22 04:12:04.768,29077,29089,29073,29073,1049
2026-07-22 04:12:18.136,29073,29085,29069,29069,421
2026-07-22 04:12:23.052,29069,29081,29065,29065,167
2026-07-22 04:22:14.076,29065,29093,29061.5,29093,6898
2026-07-22 04:23:07.512,29093,29097,29081,29097,666
2026-07-22 04:23:11.644,29097,29101,29085,29101,148
2026-07-22 04:25:42.136,29101,29105,29087.75,29105,1912
2026-07-22 04:30:33.632,29105,29109,29087,29109,4771
2026-07-22 04:30:43.036,29109,29113,29097,29113,392
2026-07-22 04:41:50.884,29113,29116.5,29085,29085,6613
2026-07-22 04:44:41.448,29085,29099.75,29081,29081,1771
2026-07-22 04:57:07.092,29081,29109,29079.5,29109,6430
2026-07-22 04:57:35.100,29109,29113,29097,29113,287
2026-07-22 04:58:42.304,29113,29117,29101,29117,838
2026-07-22 05:02:24.268,29117,29121,29105,29121,1822
2026-07-22 05:03:37.644,29121,29125,29109,29125,820
2026-07-22 05:03:38.648,29125,29131,29113,29129,381
2026-07-22 05:03:42.056,29129,29133,29117,29133,268
2026-07-22 05:03:43.068,29133,29139.75,29121,29137,340
2026-07-22 05:07:35.292,29137,29141,29124.5,29141,3123
2026-07-22 05:07:39.080,29141,29145,29129,29145,182
2026-07-22 05:07:44.136,29145,29149,29133,29149,249
2026-07-22 05:30:39.332,29149,29149.75,29121,29121,11633
2026-07-22 05:30:42.328,29121,29133,29117,29117,130
2026-07-22 05:31:50.420,29117,29129,29113,29113,856
2026-07-22 05:33:05.536,29113,29125,29109,29109,769
2026-07-22 05:33:07.244,29109,29121,29105,29105,109
2026-07-22 05:34:30.636,29105,29117,29101,29101,934
2026-07-22 05:34:34.204,29101,29113,29097,29097,219
2026-07-22 05:53:10.820,29097,29124,29093,29093,9561
2026-07-22 05:53:21.724,29093,29105,29089,29089,415
2026-07-22 05:56:14.624,29089,29117,29089,29117,1993
2026-07-22 05:56:57.112,29117,29121,29105,29121,567
2026-07-22 05:57:12.412,29121,29125,29109,29125,221
2026-07-22 06:00:00.160,29125,29129,29113,29129,1421
2026-07-22 06:00:04.312,29129,29133,29117,29133,235
2026-07-22 06:00:35.608,29133,29137,29121,29137,456
2026-07-22 06:01:55.264,29137,29141,29125,29141,776
2026-07-22 06:02:13.948,29141,29145,29129,29145,254
2026-07-22 06:02:56.648,29145,29149,29133,29149,513
2026-07-22 06:03:04.148,29149,29153,29137,29153,440
2026-07-22 06:03:05.508,29153,29157,29141,29157,217
2026-07-22 06:11:37.628,29157,29159.75,29129,29129,4845
2026-07-22 06:11:46.096,29129,29141,29125,29125,256
2026-07-22 06:12:57.984,29125,29137,29121,29121,793
2026-07-22 06:16:29.728,29121,29133,29117,29117,1999
2026-07-22 06:20:15.720,29117,29145,29113.5,29145,2405
2026-07-22 06:20:22.520,29145,29149,29133,29149,293
2026-07-22 06:20:24.276,29149,29154.5,29137,29153,230
2026-07-22 06:20:26.748,29153,29157,29141,29157,98
2026-07-22 06:20:33.840,29157,29161,29145,29161,386
2026-07-22 06:20:34.852,29161,29165,29149,29165,219
2026-07-22 06:30:48.848,29165,29169,29147.75,29169,8683
2026-07-22 06:39:14.164,29169,29170,29141,29141,5129
2026-07-22 06:39:32.264,29141,29153,29137,29137,261
2026-07-22 06:45:01.856,29137,29149,29133,29133,2171
2026-07-22 06:49:22.956,29133,29161,29133,29161,3061
2026-07-22 06:49:43.196,29161,29165,29149,29165,299
2026-07-22 06:49:52.136,29165,29169,29153,29169,124
2026-07-22 06:50:00.492,29169,29173,29157,29173,261
2026-07-22 07:00:09.516,29173,29173.5,29145,29145,4812
2026-07-22 07:00:10.928,29145,29157,29141,29141,106
2026-07-22 07:04:55.532,29141,29166,29137,29137,4591
2026-07-22 07:05:02.008,29137,29149,29133,29133,240
2026-07-22 07:10:15.780,29133,29146.75,29129,29129,3494
2026-07-22 07:14:09.652,29129,29141,29125,29125,2177
2026-07-22 07:15:13.428,29125,29137,29121,29121,737
2026-07-22 07:15:14.476,29121,29133,29116.5,29117,277
2026-07-22 07:19:09.272,29117,29129,29113,29113,2560
2026-07-22 07:26:21.408,29113,29135.75,29109,29109,5268
2026-07-22 07:26:41.396,29109,29121,29105,29105,414
2026-07-22 07:27:50.772,29105,29117,29101,29101,1668
2026-07-22 07:30:15.304,29101,29113,29097,29097,1953
2026-07-22 07:37:26.280,29097,29114,29093,29093,4996
2026-07-22 07:37:33.240,29093,29105,29089,29089,319
2026-07-22 07:40:20.320,29089,29101,29085,29085,2513
2026-07-22 07:40:54.272,29085,29097,29081,29081,705
2026-07-22 07:40:55.284,29081,29093,29057,29065,1415
2026-07-22 07:40:56.740,29065,29077,29061,29061,255
2026-07-22 07:41:06.532,29061,29073,29056.25,29057,1008
2026-07-22 07:41:13.704,29057,29069,29053,29053,645
2026-07-22 07:42:47.068,29053,29070.5,29049,29049,5140
2026-07-22 07:42:48.100,29049,29061,29040,29041,555
2026-07-22 07:43:05.732,29041,29053,29036.75,29037,2056
2026-07-22 07:43:07.468,29037,29049,29033,29033,346
2026-07-22 07:43:30.844,29033,29045,29029,29029,2218
2026-07-22 07:43:34.964,29029,29041,29025,29025,355
2026-07-22 07:43:35.972,29025,29037,29018,29021,702
2026-07-22 07:44:47.676,29021,29049,29017.25,29049,4470
2026-07-22 07:47:10.156,29049,29053,29035.75,29053,3208
2026-07-22 07:47:15.768,29053,29057,29041,29057,169
2026-07-22 07:47:21.604,29057,29061,29045,29061,247
2026-07-22 07:47:23.280,29061,29065,29049,29065,150
2026-07-22 07:47:28.128,29065,29069,29053,29069,431
2026-07-22 07:47:55.568,29069,29073,29057,29073,935
2026-07-22 07:48:36.288,29073,29077,29061,29077,1243
2026-07-22 07:56:08.672,29077,29079.25,29049,29049,6898
2026-07-22 07:56:17.664,29049,29061,29045,29045,238
2026-07-22 08:03:07.724,29045,29072,29041,29041,7254
2026-07-22 08:03:11.224,29041,29053,29037,29037,302
2026-07-22 08:03:12.316,29037,29049,29033,29033,119
2026-07-22 08:04:28.028,29033,29045,29029,29029,1791
2026-07-22 08:17:30.688,29029,29056.5,29025,29025,13913
2026-07-22 08:18:46.172,29025,29037,29021,29021,1704
2026-07-22 08:21:22.216,29021,29033,29017,29017,2541
2026-07-22 08:21:23.220,29017,29029,29010,29013,586
2026-07-22 08:21:24.272,29013,29025,29008.5,29009,155
2026-07-22 08:21:42.580,29009,29021,29005,29005,726
2026-07-22 08:23:55.748,29005,29017.25,29001,29001,2875
2026-07-22 08:25:00.644,29001,29013,28997,28997,1687
2026-07-22 08:28:48.796,28997,29025,28995,29025,4758
2026-07-22 08:30:00.404,29025,29029,29013,29029,1209
2026-07-22 08:30:01.404,29029,29037.25,29017,29033,465
2026-07-22 08:30:02.404,29033,29057,29021,29053,775
2026-07-22 08:30:03.404,29053,29060,29041,29057,215
2026-07-22 08:34:08.176,29057,29061,29035.75,29061,11993
2026-07-22 08:34:11.148,29061,29065,29049,29065,192
2026-07-22 08:45:42.288,29065,29068.5,29037,29037,13852
2026-07-22 08:45:47.648,29037,29049,29033,29033,424
2026-07-22 08:47:50.984,29033,29047.5,29029,29029,3461
2026-07-22 08:48:01.148,29029,29041,29025,29025,446
2026-07-22 08:48:07.680,29025,29037,29021,29021,465
2026-07-22 08:48:09.048,29021,29033,29017,29017,197
2026-07-22 08:48:45.756,29017,29029,29013,29013,1539
2026-07-22 08:52:35.232,29013,29041,29010.75,29041,4952
2026-07-22 08:53:19.780,29041,29045,29029,29045,661
2026-07-22 08:56:52.576,29045,29048.75,29017,29017,4129
2026-07-22 08:56:53.576,29017,29029,28984.25,28989,1686
2026-07-22 08:56:54.584,28989,29001,28964.5,28973,966
2026-07-22 08:56:55.644,28973,28994.25,28966,28969,451
2026-07-22 08:56:58.776,28969,28997,28961.25,28997,924
2026-07-22 08:57:12.708,28997,29001,28974.25,29001,2153
2026-07-22 08:57:13.712,29001,29007,28989,29005,278
2026-07-22 08:57:17.228,29005,29013.25,28992.25,29009,970
2026-07-22 08:57:19.716,29009,29013,28997,29013,362
2026-07-22 08:57:46.412,29013,29018.75,29000.75,29017,1334
2026-07-22 08:59:06.004,29017,29021,29005,29021,2216
2026-07-22 08:59:07.008,29021,29025,29009,29025,63
2026-07-22 08:59:10.080,29025,29029,29013,29029,173
2026-07-22 09:00:16.200,29029,29033,29013,29033,2424
2026-07-22 09:00:55.368,29033,29037,29021,29037,808
2026-07-22 09:04:02.720,29037,29041,29022.75,29041,3071
2026-07-22 09:04:36.572,29041,29045,29029,29045,545
2026-07-22 09:09:02.572,29045,29049,29033,29049,3569
2026-07-22 09:09:03.580,29049,29055,29037,29053,253
2026-07-22 09:09:04.660,29053,29057,29041,29057,108
2026-07-22 09:09:30.500,29057,29061,29045,29061,764
2026-07-22 09:16:41.712,29061,29065,29049,29065,5479
2026-07-22 09:16:59.268,29065,29069,29053,29069,578
2026-07-22 09:17:00.860,29069,29073,29057,29073,372
2026-07-22 09:19:26.052,29073,29077,29061,29077,3608
2026-07-22 09:19:57.332,29077,29081,29065,29081,1016
2026-07-22 09:24:00.464,29081,29085,29069,29085,3622
2026-07-22 09:24:53.100,29085,29089,29073,29089,1230
2026-07-22 09:25:00.068,29089,29093,29077,29093,484
2026-07-22 09:25:01.076,29093,29098,29081,29097,421
2026-07-22 09:30:00.696,29097,29101,29073,29101,8643
2026-07-22 09:30:01.696,29101,29112.75,29089,29109,927
2026-07-22 09:30:02.700,29109,29120.25,29097,29117,814
2026-07-22 09:30:07.228,29117,29121,29105,29121,1642
2026-07-22 09:31:00.808,29121,29125,29098,29125,8720
2026-07-22 09:31:02.384,29125,29129,29113,29129,537
2026-07-22 09:31:52.580,29129,29133,29101.5,29133,10033
2026-07-22 09:32:31.868,29133,29137,29111.5,29137,5979
2026-07-22 09:32:35.364,29137,29141,29125,29141,817
2026-07-22 09:32:42.060,29141,29145,29129,29145,1352
2026-07-22 09:32:45.508,29145,29149,29133,29149,760
2026-07-22 09:33:00.992,29149,29153,29137,29153,2656
2026-07-22 09:33:13.208,29153,29157,29141,29157,1887
2026-07-22 09:33:16.284,29157,29161,29145,29161,674
2026-07-22 09:34:12.216,29161,29162.25,29133,29133,7758
2026-07-22 09:36:14.900,29133,29156,29129,29129,17035
2026-07-22 09:36:16.476,29129,29141,29124,29125,1078
2026-07-22 09:37:34.944,29125,29153,29121.5,29153,10988
2026-07-22 09:37:37.604,29153,29157,29141,29157,856
2026-07-22 09:37:41.396,29157,29161,29145,29161,914
2026-07-22 09:38:21.552,29161,29165.5,29133,29133,7154
2026-07-22 09:38:29.908,29133,29145,29129,29129,1176
2026-07-22 09:38:33.064,29129,29141,29124,29125,809
2026-07-22 09:38:53.220,29125,29138,29121,29121,2911
2026-07-22 09:39:03.852,29121,29133,29117,29117,2622
2026-07-22 09:39:11.148,29117,29145,29113.25,29145,2610
2026-07-22 09:39:31.908,29145,29149,29131.25,29149,2967
2026-07-22 09:39:33.712,29149,29153,29137,29153,709
2026-07-22 09:39:39.484,29153,29157,29141,29157,1023
2026-07-22 09:39:46.680,29157,29161,29145,29161,1317
2026-07-22 09:39:52.340,29161,29165,29149,29165,1011
2026-07-22 09:40:23.124,29165,29170,29137,29137,6333
2026-07-22 09:40:28.092,29137,29149,29133,29133,792
2026-07-22 09:41:21.536,29133,29161,29132.5,29161,6422
2026-07-22 09:41:25.760,29161,29165,29149,29165,968
2026-07-22 09:42:12.800,29165,29169,29142.25,29169,6047
2026-07-22 09:42:19.396,29169,29173,29157,29173,1750
2026-07-22 09:42:21.320,29173,29177,29161,29177,1151
2026-07-22 09:43:22.332,29177,29181,29160.75,29181,9094
2026-07-22 09:44:01.696,29181,29185,29169,29185,4757
2026-07-22 09:45:07.608,29185,29189,29167.5,29189,8840
2026-07-22 09:45:08.612,29189,29199,29177,29197,1387
2026-07-22 09:45:09.712,29197,29201,29185,29201,864
2026-07-22 09:45:10.716,29201,29205.75,29189,29205,652
2026-07-22 09:45:15.760,29205,29209,29193,29209,1745
2026-07-22 09:45:18.872,29209,29213,29197,29213,759
2026-07-22 09:45:32.764,29213,29217,29201,29217,3043
2026-07-22 09:47:22.372,29217,29218,29189,29189,14266
2026-07-22 09:47:45.276,29189,29201,29185,29185,2418
2026-07-22 09:47:50.528,29185,29197,29181,29181,1101
2026-07-22 09:47:52.736,29181,29193,29177,29177,664
2026-07-22 09:47:55.072,29177,29189,29173,29173,894
2026-07-22 09:48:31.204,29173,29187,29169,29169,6606
2026-07-22 09:48:40.144,29169,29181,29165,29165,1840
2026-07-22 09:48:41.164,29165,29177,29160.5,29161,548
2026-07-22 09:48:42.980,29161,29173,29157,29157,667
2026-07-22 09:49:06.792,29157,29185,29157,29185,4000
2026-07-22 09:49:07.904,29185,29190,29173,29189,579
2026-07-22 09:50:43.060,29189,29189.75,29161,29161,11015
2026-07-22 09:50:48.220,29161,29173,29157,29157,740
2026-07-22 09:50:49.300,29157,29169,29152,29153,912
2026-07-22 09:51:05.428,29153,29181,29153,29181,3311
2026-07-22 09:51:13.304,29181,29185,29169,29185,1437
2026-07-22 09:51:16.048,29185,29189,29173,29189,795
2026-07-22 09:51:17.048,29189,29196,29177,29193,836
2026-07-22 09:51:18.052,29193,29198,29181,29197,537
2026-07-22 09:51:19.740,29197,29201,29185,29201,722
2026-07-22 09:52:07.700,29201,29205,29178.75,29205,7722
2026-07-22 09:52:15.752,29205,29213.5,29193,29209,2906
2026-07-22 09:53:14.092,29209,29213,29190.75,29213,6529
2026-07-22 09:53:19.224,29213,29217,29201,29217,869
2026-07-22 09:53:20.236,29217,29229.25,29205,29221,2190
2026-07-22 09:53:22.564,29221,29225,29209,29225,725
2026-07-22 09:54:00.508,29225,29229,29213,29229,4255
2026-07-22 09:54:12.408,29229,29233,29217,29233,2214
2026-07-22 09:54:57.180,29233,29237,29221,29237,4531
2026-07-22 09:55:08.892,29237,29241,29225,29241,2002
2026-07-22 09:55:09.948,29241,29245,29229,29245,380
2026-07-22 09:56:37.860,29245,29249,29229.25,29249,9409
2026-07-22 09:56:52.108,29249,29253,29237,29253,2277
2026-07-22 09:57:03.964,29253,29257,29241,29257,1814
2026-07-22 09:57:48.108,29257,29261,29237.25,29261,6305
2026-07-22 09:59:30.652,29261,29265,29245,29265,9657
2026-07-22 09:59:31.656,29265,29271,29253,29269,702
2026-07-22 09:59:55.760,29269,29273,29257,29273,2678
2026-07-22 09:59:58.840,29273,29277,29261,29277,860
2026-07-22 10:00:35.320,29277,29281,29260.5,29281,7683
2026-07-22 10:02:21.028,29281,29284.25,29253,29253,11510
2026-07-22 10:03:11.672,29253,29269.25,29249,29249,6598
2026-07-22 10:03:13.548,29249,29261,29245,29245,568
2026-07-22 10:03:16.420,29245,29257,29239.75,29241,1621
2026-07-22 10:03:52.184,29241,29253,29237,29237,3438
2026-07-22 10:05:28.868,29237,29265,29236.5,29265,9182
2026-07-22 10:05:33.936,29265,29269,29253,29269,981
2026-07-22 10:05:37.680,29269,29273,29257,29273,945
2026-07-22 10:05:54.588,29273,29277,29261,29277,2469
2026-07-22 10:07:11.084,29277,29277.25,29249,29249,7142
2026-07-22 10:07:15.908,29249,29261,29245,29245,641
2026-07-22 10:07:19.296,29245,29257,29241,29241,766
2026-07-22 10:07:31.880,29241,29253,29237,29237,1755
2026-07-22 10:07:32.900,29237,29249,29231.75,29233,582
2026-07-22 10:09:37.364,29233,29245,29229,29229,11229
2026-07-22 10:09:54.288,29229,29241,29225,29225,1442
2026-07-22 10:10:06.356,29225,29237,29221,29221,2299
2026-07-22 10:11:06.412,29221,29249,29217.25,29249,9033
2026-07-22 10:11:10.648,29249,29253,29237,29253,1158
2026-07-22 10:11:25.244,29253,29257,29241,29257,1804
2026-07-22 10:11:34.296,29257,29261,29245,29261,1329
2026-07-22 10:13:02.916,29261,29263.25,29233,29233,10129
2026-07-22 10:13:41.544,29233,29246.5,29229,29229,4048
2026-07-22 10:13:49.624,29229,29241,29225,29225,1004
2026-07-22 10:15:17.344,29225,29241.25,29221,29221,8639
2026-07-22 10:15:18.344,29221,29233,29213.5,29217,1025
2026-07-22 10:15:21.744,29217,29229,29213,29213,808
2026-07-22 10:15:22.860,29213,29225,29209,29209,695
2026-07-22 10:15:38.500,29209,29221,29205,29205,2938
2026-07-22 10:15:49.852,29205,29217,29201,29201,1718
2026-07-22 10:15:52.840,29201,29213,29197,29197,839
2026-07-22 10:17:42.468,29197,29225,29196,29225,14297
2026-07-22 10:17:57.780,29225,29229,29213,29229,2236
2026-07-22 10:18:03.012,29229,29233,29217,29233,1129
2026-07-22 10:19:41.208,29233,29237,29208.5,29237,9655
2026-07-22 10:19:53.696,29237,29241,29225,29241,1667
2026-07-22 10:19:55.040,29241,29245,29229,29245,982
2026-07-22 10:19:56.488,29245,29249,29233,29249,647
2026-07-22 10:19:57.896,29249,29253,29237,29253,707
2026-07-22 10:20:29.108,29253,29257,29241,29257,4520
2026-07-22 10:20:34.072,29257,29261,29245,29261,1315
2026-07-22 10:20:43.544,29261,29265,29249,29265,1527
2026-07-22 10:21:03.684,29265,29269,29253,29269,2828
2026-07-22 10:21:46.636,29269,29273,29255.5,29273,4847
2026-07-22 10:22:57.592,29273,29273.75,29245,29245,8510
2026-07-22 10:23:02.280,29245,29257,29241,29241,707
2026-07-22 10:23:03.288,29241,29253,29233,29237,820
2026-07-22 10:23:04.288,29237,29249,29229.5,29233,518
2026-07-22 10:23:05.288,29233,29245,29224.25,29229,664
2026-07-22 10:23:09.352,29229,29241,29225,29225,807
2026-07-22 10:23:11.344,29225,29237,29221,29221,434
2026-07-22 10:23:21.288,29221,29233,29217,29217,1890
2026-07-22 10:23:23.564,29217,29229,29211.25,29213,782
2026-07-22 10:23:27.640,29213,29225,29209,29209,641
2026-07-22 10:23:29.036,29209,29221,29205,29205,526
2026-07-22 10:24:37.480,29205,29221.5,29201,29201,8343
2026-07-22 10:25:03.480,29201,29229,29199,29229,4568
2026-07-22 10:25:48.904,29229,29233,29211.5,29233,4803
2026-07-22 10:26:58.300,29233,29233,29205,29205,6299
2026-07-22 10:30:06.840,29205,29233,29201.5,29233,16102
2026-07-22 10:30:10.552,29233,29237,29221,29237,1050
2026-07-22 10:32:04.288,29237,29241,29213.75,29241,10799
2026-07-22 10:32:08.488,29241,29245,29229,29245,677
2026-07-22 10:32:29.364,29245,29249,29233,29249,2526
2026-07-22 10:32:35.516,29249,29253,29237,29253,1026
2026-07-22 10:32:37.076,29253,29257,29241,29257,396
2026-07-22 10:33:01.908,29257,29261,29245,29261,2767
2026-07-22 10:34:21.052,29261,29261,29233,29233,6921
2026-07-22 10:34:22.772,29233,29245,29229,29229,344
2026-07-22 10:34:25.028,29229,29241,29225,29225,579
2026-07-22 10:34:56.020,29225,29237,29221,29221,2498
2026-07-22 10:34:57.696,29221,29233,29215.5,29217,463
2026-07-22 10:35:01.964,29217,29229,29213,29213,792
2026-07-22 10:35:26.408,29213,29226.5,29209,29209,3073
2026-07-22 10:36:15.640,29209,29237,29207,29237,4656
2026-07-22 10:36:37.644,29237,29241,29225,29241,2294
2026-07-22 10:36:38.656,29241,29246,29229,29245,301
2026-07-22 10:38:02.412,29245,29246,29217,29217,5707
2026-07-22 10:38:16.452,29217,29229,29213,29213,1273
2026-07-22 10:38:17.596,29213,29225,29209,29209,378
2026-07-22 10:41:34.512,29209,29233,29205,29205,15261
2026-07-22 10:41:39.428,29205,29217,29201,29201,900
2026-07-22 10:41:41.376,29201,29213,29197,29197,723
2026-07-22 10:41:47.528,29197,29209,29192.25,29193,1960
2026-07-22 10:41:50.008,29193,29205,29189,29189,673
2026-07-22 10:41:51.064,29189,29201,29184.25,29185,580
2026-07-22 10:42:02.268,29185,29197,29181,29181,2114
2026-07-22 10:42:03.944,29181,29193,29176,29177,953
2026-07-22 10:42:05.076,29177,29189,29173,29173,489
2026-07-22 10:42:40.028,29173,29201,29172.5,29201,6070
2026-07-22 10:42:44.520,29201,29205,29189,29205,700
2026-07-22 10:45:06.876,29205,29205,29177,29177,12280
2026-07-22 10:46:02.136,29177,29205,29174,29205,7446
2026-07-22 10:46:12.360,29205,29209,29193,29209,1611
2026-07-22 10:46:23.076,29209,29213,29197,29213,1540
2026-07-22 10:46:25.464,29213,29217,29201,29217,526
2026-07-22 10:46:26.472,29217,29223,29205,29221,685
2026-07-22 10:46:30.288,29221,29225,29209,29225,811
2026-07-22 10:48:30.456,29225,29229,29206,29229,12557
2026-07-22 10:51:06.332,29229,29231.25,29201,29201,13417
2026-07-22 10:51:19.092,29201,29213,29197,29197,1505
2026-07-22 10:51:20.108,29197,29209,29192.25,29193,310
2026-07-22 10:51:21.112,29193,29205,29188,29189,461
2026-07-22 10:52:15.700,29189,29217,29186.75,29217,5190
2026-07-22 10:52:23.932,29217,29221,29205,29221,908
2026-07-22 10:55:01.104,29221,29222.5,29193,29193,11975
2026-07-22 10:55:03.048,29193,29205,29189,29189,658
2026-07-22 10:55:07.108,29189,29201,29185,29185,892
2026-07-22 10:56:33.700,29185,29213,29182.25,29213,7403
2026-07-22 10:57:07.984,29213,29217,29201,29217,2106
2026-07-22 10:57:15.720,29217,29221,29205,29221,817
2026-07-22 10:57:23.032,29221,29225,29209,29225,990
2026-07-22 10:58:02.128,29225,29229,29213,29229,2774
2026-07-22 10:58:03.980,29229,29233,29217,29233,450
2026-07-22 10:58:06.688,29233,29237,29221,29237,806
2026-07-22 10:58:34.284,29237,29241,29225,29241,2462
2026-07-22 10:58:45.324,29241,29245,29229,29245,1143
2026-07-22 11:00:05.848,29245,29249,29233,29249,5322
2026-07-22 11:00:11.596,29249,29253,29237,29253,1059
2026-07-22 11:00:19.192,29253,29257,29241,29257,1188
2026-07-22 11:00:31.476,29257,29261,29245,29261,1393
2026-07-22 11:00:43.396,29261,29265,29249,29265,1639
2026-07-22 11:03:20.896,29265,29269,29242,29269,12044
2026-07-22 11:04:25.936,29269,29273,29257,29273,4914
2026-07-22 11:05:39.584,29273,29277,29261,29277,4683
2026-07-22 11:05:44.296,29277,29281,29265,29281,853
2026-07-22 11:05:46.572,29281,29285,29269,29285,765
2026-07-22 11:05:48.596,29285,29289,29273,29289,1068
2026-07-22 11:06:00.696,29289,29293,29277,29293,1754
2026-07-22 11:06:40.436,29293,29297,29281,29297,3170
2026-07-22 11:08:58.608,29297,29301,29285,29301,8170
2026-07-22 11:10:21.440,29301,29305,29289,29305,5497
2026-07-22 11:10:50.656,29305,29309,29293,29309,2152
2026-07-22 11:11:05.160,29309,29313,29297,29313,1719
2026-07-22 11:20:35.936,29313,29317,29291.25,29317,30963
2026-07-22 11:20:45.116,29317,29321,29305,29321,1177
2026-07-22 11:21:01.120,29321,29325,29309,29325,2034
2026-07-22 11:22:32.472,29325,29327.5,29297,29297,6882
2026-07-22 11:24:08.808,29297,29325,29296.25,29325,5609
2026-07-22 11:24:37.936,29325,29329,29313,29329,2152
2026-07-22 11:26:46.140,29329,29333,29317,29333,6325
2026-07-22 11:27:05.144,29333,29337,29321,29337,1456
2026-07-22 11:27:07.484,29337,29341,29325,29341,691
2026-07-22 11:32:29.216,29341,29342.5,29313,29313,17826
2026-07-22 11:32:32.116,29313,29325,29309,29309,524
2026-07-22 11:33:23.112,29309,29321,29305,29305,3589
2026-07-22 11:33:25.512,29305,29317,29301,29301,508
2026-07-22 11:34:01.308,29301,29313,29297,29297,2333
2026-07-22 11:34:06.552,29297,29309,29293,29293,749
2026-07-22 11:34:18.340,29293,29305,29289,29289,1626
2026-07-22 11:37:26.840,29289,29310.5,29285,29285,11937
2026-07-22 11:39:15.188,29285,29301,29281,29281,6866
2026-07-22 11:40:10.024,29281,29293,29277,29277,3190
2026-07-22 11:45:14.420,29277,29305,29274.25,29305,19283
2026-07-22 11:46:12.036,29305,29309,29293,29309,3019
2026-07-22 11:50:02.324,29309,29313,29290.5,29313,9637
2026-07-22 11:51:21.880,29313,29317,29301,29317,3918
2026-07-22 11:51:29.784,29317,29321,29305,29321,846
2026-07-22 11:52:24.672,29321,29325,29309,29325,3103
2026-07-22 11:52:50.156,29325,29329,29313,29329,1376
2026-07-22 11:55:02.556,29329,29332.75,29301,29301,8206
2026-07-22 11:59:37.648,29301,29329,29298,29329,10731
2026-07-22 12:00:02.056,29329,29333,29317,29333,1638
2026-07-22 12:26:08.336,29333,29335.25,29305,29305,50877
2026-07-22 12:26:24.300,29305,29317,29301,29301,1163
2026-07-22 12:40:46.792,29301,29328.5,29297,29297,28416
2026-07-22 12:40:51.608,29297,29309,29293,29293,841
2026-07-22 12:42:00.048,29293,29305,29289,29289,2478
2026-07-22 12:43:40.084,29289,29301,29285,29285,3391
2026-07-22 12:46:44.592,29285,29297,29281,29281,6748
2026-07-22 12:47:11.304,29281,29293,29277,29277,1601
2026-07-22 12:55:28.900,29277,29305,29276.5,29305,16000
2026-07-22 12:55:34.724,29305,29309,29293,29309,479
2026-07-22 12:55:49.624,29309,29313,29297,29313,1104
2026-07-22 12:56:01.876,29313,29317,29301,29317,892
2026-07-22 12:57:17.776,29317,29321,29305,29321,2795
2026-07-22 13:00:30.936,29321,29325,29307.25,29325,6273
2026-07-22 13:07:47.168,29325,29329,29302.5,29329,13982
2026-07-22 13:15:34.840,29329,29330.75,29301,29301,13789
2026-07-22 13:22:00.244,29301,29318.75,29297,29297,12573
2026-07-22 13:32:49.892,29297,29321.25,29293,29293,20605
2026-07-22 13:33:30.016,29293,29305,29289,29289,2003
2026-07-22 13:33:39.924,29289,29301,29285,29285,771
2026-07-22 13:35:03.588,29285,29297,29281,29281,3649
2026-07-22 13:38:01.368,29281,29309,29280.5,29309,6625
2026-07-22 13:39:48.748,29309,29313,29297,29313,3425
2026-07-22 13:48:19.052,29313,29315.5,29285,29285,12190
2026-07-22 13:50:05.776,29285,29297,29281,29281,2662
2026-07-22 13:52:29.832,29281,29293,29277,29277,3819
2026-07-22 13:52:38.260,29277,29289,29273,29273,787
2026-07-22 13:52:48.120,29273,29285,29268,29269,1478
2026-07-22 13:53:11.664,29269,29281,29265,29265,1153
2026-07-22 13:53:27.424,29265,29277,29261,29261,1305
2026-07-22 13:54:01.208,29261,29273,29257,29257,2503
2026-07-22 13:54:06.892,29257,29269,29253,29253,760
2026-07-22 13:55:00.628,29253,29265,29249,29249,3343
2026-07-22 13:55:04.448,29249,29261,29245,29245,852
2026-07-22 13:55:08.796,29245,29257,29241,29241,648
2026-07-22 13:55:10.072,29241,29253,29237,29237,547
2026-07-22 14:02:28.332,29237,29262.75,29233,29233,24001
2026-07-22 14:07:37.940,29233,29261,29232,29261,12065
2026-07-22 14:07:45.988,29261,29265,29249,29265,791
2026-07-22 14:07:57.108,29265,29269,29253,29269,842
2026-07-22 14:10:02.360,29269,29271,29241,29241,6610
2026-07-22 14:10:13.112,29241,29253,29237,29237,720
2026-07-22 14:12:54.412,29237,29254.5,29233,29233,6395
2026-07-22 14:13:49.548,29233,29245,29229,29229,3065
2026-07-22 14:14:59.852,29229,29241,29225,29225,3224
2026-07-22 14:21:08.444,29225,29253,29222,29253,16161
2026-07-22 14:27:16.760,29253,29254,29225,29225,12035
2026-07-22 14:30:17.364,29225,29248,29221,29221,7915
2026-07-22 14:31:12.980,29221,29233.5,29217,29217,3513
2026-07-22 14:32:01.096,29217,29229,29213,29213,3073
2026-07-22 14:32:42.092,29213,29225,29209,29209,2775
2026-07-22 14:36:26.196,29209,29237,29207.75,29237,9851
2026-07-22 14:45:47.440,29237,29241,29222,29241,17836
2026-07-22 14:45:53.256,29241,29245,29229,29245,739
2026-07-22 14:48:11.804,29245,29249,29233,29249,3918
2026-07-22 14:54:44.916,29249,29253,29224,29253,13737
2026-07-22 14:55:33.888,29253,29257,29241,29257,2438
2026-07-22 15:12:37.032,29257,29258.75,29229,29229,30544
2026-07-22 15:12:42.460,29229,29241,29225,29225,616
2026-07-22 15:13:50.648,29225,29237,29221,29221,2530
2026-07-22 15:14:07.236,29221,29233,29217,29217,1146
2026-07-22 15:19:15.284,29217,29245,29215,29245,11411
2026-07-22 15:28:13.836,29245,29249,29223,29249,17099
2026-07-22 15:28:26.500,29249,29253,29237,29253,780
2026-07-22 15:28:45.816,29253,29257,29241,29257,1076
2026-07-22 15:34:14.600,29257,29260.75,29229,29229,13547
2026-07-22 15:35:56.816,29229,29241,29225,29225,3603
2026-07-22 15:36:02.116,29225,29237,29221,29221,521
2026-07-22 15:36:03.556,29221,29233,29216.75,29217,403
2026-07-22 15:37:54.720,29217,29229,29213,29213,4315
2026-07-22 15:38:08.596,29213,29225,29209,29209,866
2026-07-22 15:38:18.288,29209,29221,29205,29205,786
2026-07-22 15:38:33.140,29205,29217,29201,29201,1301
2026-07-22 15:38:34.724,29201,29213,29197,29197,522
2026-07-22 15:39:06.444,29197,29209,29193,29193,2495
2026-07-22 15:43:30.888,29193,29221,29192.5,29221,12454
2026-07-22 15:49:09.016,29221,29225,29208.25,29225,10402
2026-07-22 15:49:12.240,29225,29229,29213,29229,443
2026-07-22 15:50:00.048,29229,29233,29217,29233,2164
2026-07-22 15:50:01.064,29233,29246,29221,29241,1059
2026-07-22 15:50:12.756,29241,29244.5,29213,29213,2412
2026-07-22 15:50:17.840,29213,29225,29209,29209,702
2026-07-22 15:51:05.104,29209,29221,29205,29205,2695
2026-07-22 15:54:18.080,29205,29227.75,29201,29201,7977
2026-07-22 15:55:00.068,29201,29213,29197,29197,3192
2026-07-22 15:55:01.312,29197,29209,29192.25,29193,744
2026-07-22 15:55:03.680,29193,29205,29189,29189,488
2026-07-22 15:55:05.936,29189,29201,29185,29185,508
2026-07-22 15:55:23.056,29185,29197,29181,29181,1921
2026-07-22 15:56:02.556,29181,29193,29177,29177,2290
2026-07-22 15:59:03.376,29177,29205,29174.75,29205,10066
2026-07-22 15:59:52.416,29205,29206,29177,29177,5005
2026-07-22 15:59:53.576,29177,29189,29173,29173,457
2026-07-22 15:59:54.728,29173,29185,29169,29169,405
2026-07-22 15:59:56.292,29169,29181,29165,29165,666
2026-07-22 15:59:57.336,29165,29177,29161,29161,345
2026-07-22 16:00:05.496,29161,29189,29158,29189,2462
2026-07-22 16:00:18.956,29189,29193,29175.5,29193,1078
2026-07-22 16:00:27.068,29193,29197,29181,29197,636
2026-07-22 16:00:49.572,29197,29201,29185,29201,1118
2026-07-22 16:00:59.436,29201,29205,29189,29205,601
2026-07-22 16:01:00.444,29205,29223.25,29193,29213,360
2026-07-22 16:01:03.236,29213,29219,29201,29217,436
2026-07-22 16:01:17.092,29217,29220.25,29189,29189,905
2026-07-22 16:01:19.152,29189,29201,29185,29185,139
2026-07-22 16:01:23.696,29185,29197,29181,29181,248
2026-07-22 16:01:33.228,29181,29193.5,29177,29177,459
2026-07-22 16:01:34.760,29177,29189,29173,29173,96
2026-07-22 16:01:35.788,29173,29185,29166,29169,146
2026-07-22 16:01:53.336,29169,29191,29158.75,29165,1327
2026-07-22 16:01:54.720,29165,29177,29155.75,29161,228
2026-07-22 16:01:57.836,29161,29173,29153,29157,509
2026-07-22 16:01:58.840,29157,29206.25,29141.75,29197,763
2026-07-22 16:01:59.864,29197,29214.25,29185,29205,342
2026-07-22 16:02:01.456,29205,29211.5,29191,29209,243
2026-07-22 16:02:02.468,29209,29222.75,29194.25,29217,272
2026-07-22 16:02:03.664,29217,29227,29205,29221,294
2026-07-22 16:02:04.908,29221,29236.25,29193,29193,366
2026-07-22 16:02:06.076,29193,29221,29186.25,29221,177
2026-07-22 16:02:07.104,29221,29234.5,29209,29225,149
2026-07-22 16:02:08.104,29225,29239.5,29213,29229,279
2026-07-22 16:02:10.168,29229,29233,29217,29233,290
2026-07-22 16:02:14.636,29233,29235,29205,29205,420
2026-07-22 16:02:15.836,29205,29217,29199.25,29201,251
2026-07-22 16:02:18.236,29201,29220,29197,29197,313
2026-07-22 16:02:19.516,29197,29213,29185.75,29193,220
2026-07-22 16:02:20.532,29193,29205,29164.75,29165,259
2026-07-22 16:02:21.548,29165,29177,29146.25,29161,385
2026-07-22 16:02:22.568,29161,29173,29142.75,29153,255
2026-07-22 16:02:23.604,29153,29165,29131,29149,440
2026-07-22 16:02:26.832,29149,29177,29144.5,29177,599
2026-07-22 16:02:28.284,29177,29181,29165,29181,231
2026-07-22 16:02:29.976,29181,29185,29167,29185,271
2026-07-22 16:02:31.016,29185,29192.75,29173,29189,63
2026-07-22 16:02:32.124,29189,29198.25,29177,29197,79
2026-07-22 16:02:37.104,29197,29202.25,29178.25,29201,437
2026-07-22 16:02:38.108,29201,29223,29189,29217,113
2026-07-22 16:02:39.108,29217,29226.5,29205,29221,208
2026-07-22 16:02:41.252,29221,29224.5,29193,29193,297
2026-07-22 16:02:43.284,29193,29205,29187.75,29189,163
2026-07-22 16:02:44.968,29189,29201,29180.75,29185,207
2026-07-22 16:02:45.980,29185,29197.5,29176.5,29181,102
2026-07-22 16:02:47.000,29181,29193,29164,29169,99
2026-07-22 16:02:49.728,29169,29188,29157.5,29165,449
2026-07-22 16:02:53.856,29165,29193,29160,29193,453
2026-07-22 16:02:54.884,29193,29202.25,29181,29197,92
2026-07-22 16:02:59.996,29197,29202,29173.75,29201,337
2026-07-22 16:03:01.180,29201,29205,29189,29205,53
2026-07-22 16:03:02.460,29205,29209,29193,29209,224
2026-07-22 16:03:03.492,29209,29225.25,29197,29221,200
2026-07-22 16:03:04.664,29221,29224,29180.75,29193,154
2026-07-22 16:03:11.424,29193,29218.75,29181.25,29189,600
2026-07-22 16:03:12.428,29189,29201,29171.25,29181,203
2026-07-22 16:03:13.456,29181,29193,29165.75,29169,139
2026-07-22 16:03:31.864,29169,29196,29165,29165,1445
2026-07-22 16:03:36.708,29165,29193,29162,29193,559
2026-07-22 16:03:42.384,29193,29199.5,29181,29197,291
2026-07-22 16:03:50.708,29197,29201,29181.25,29201,444
2026-07-22 16:03:54.360,29201,29205,29189,29205,108
2026-07-22 16:03:55.464,29205,29209.75,29193,29209,39
2026-07-22 16:04:08.208,29209,29215,29181,29181,607
2026-07-22 16:04:24.968,29181,29204.5,29177,29177,736
2026-07-22 16:04:25.972,29177,29189,29166.5,29173,146
2026-07-22 16:04:28.540,29173,29185,29168.75,29169,279
2026-07-22 16:04:32.352,29169,29181,29165,29165,216
2026-07-22 16:04:35.100,29165,29177,29161,29161,257
2026-07-22 16:04:49.676,29161,29183.75,29157,29157,616
2026-07-22 16:04:50.680,29157,29169,29150,29153,147
2026-07-22 16:04:54.280,29153,29165,29149,29149,201
2026-07-22 16:04:55.532,29149,29161,29145,29145,98
2026-07-22 16:05:02.404,29145,29173,29143.75,29173,796
2026-07-22 16:05:23.780,29173,29175.5,29145,29145,959
2026-07-22 16:05:27.832,29145,29157,29141,29141,215
2026-07-22 16:05:29.860,29141,29153,29135,29137,245
2026-07-22 16:05:36.192,29137,29149,29133,29133,450
2026-07-22 16:05:37.248,29133,29145,29128,29129,167
2026-07-22 16:05:42.044,29129,29141,29125,29125,366
2026-07-22 16:06:24.956,29125,29142.5,29121,29121,2675
2026-07-22 16:07:03.948,29121,29149,29119,29149,2450
2026-07-22 16:07:05.968,29149,29153,29137,29153,147
2026-07-22 16:07:07.088,29153,29157.25,29141,29157,102
2026-07-22 16:07:27.432,29157,29161,29136.25,29161,1128
2026-07-22 16:07:28.744,29161,29165,29149,29165,104
2026-07-22 16:07:29.744,29165,29169,29153,29169,114
2026-07-22 16:07:31.804,29169,29173,29157,29173,276
2026-07-22 16:07:53.628,29173,29173,29145,29145,1273
2026-07-22 16:11:47.244,29145,29173,29140.75,29173,6767
2026-07-22 16:11:49.432,29173,29177,29161,29177,115
2026-07-22 16:11:58.648,29177,29181,29165,29181,377
2026-07-22 16:12:25.840,29181,29185,29169,29185,1392
2026-07-22 16:12:26.888,29185,29191,29173,29189,155
2026-07-22 16:12:30.652,29189,29193,29177,29193,221
2026-07-22 16:12:36.508,29193,29197,29181,29197,291
2026-07-22 16:13:08.260,29197,29201,29176.25,29201,1387
2026-07-22 16:13:28.048,29201,29205,29189,29205,937
2026-07-22 16:13:35.264,29205,29209,29193,29209,350
2026-07-22 16:13:37.408,29209,29213,29197,29213,166
2026-07-22 16:13:50.692,29213,29217,29201,29217,909
2026-07-22 16:14:12.484,29217,29221,29205,29221,831
2026-07-22 16:14:13.572,29221,29228.5,29209,29225,256
2026-07-22 16:14:28.564,29225,29229,29213,29229,574
2026-07-22 16:14:40.628,29229,29233,29217,29233,554
2026-07-22 16:14:51.680,29233,29237,29221,29237,501
2026-07-22 16:14:55.056,29237,29241,29225,29241,293
2026-07-22 16:14:56.796,29241,29245,29229,29245,130
2026-07-22 16:14:58.944,29245,29249,29233,29249,235
2026-07-22 16:15:12.124,29249,29253,29237,29253,1595
2026-07-22 16:15:19.104,29253,29257,29241,29257,467
2026-07-22 16:16:12.332,29257,29257.5,29229,29229,2693
2026-07-22 16:16:14.892,29229,29241,29225,29225,254
2026-07-22 16:18:42.836,29225,29253,29221.75,29253,4390
2026-07-22 16:18:45.568,29253,29257,29241,29257,275
2026-07-22 16:21:05.196,29257,29260.25,29229,29229,4274
2026-07-22 16:21:34.184,29229,29241,29225,29225,615
2026-07-22 16:21:44.292,29225,29237,29221,29221,252
2026-07-22 16:21:52.704,29221,29233,29216.25,29217,338
2026-07-22 16:26:44.764,29217,29244.25,29213,29213,5621
2026-07-22 16:26:57.860,29213,29225,29209,29209,249
2026-07-22 16:28:21.248,29209,29221,29205,29205,1541
2026-07-22 16:31:10.076,29205,29221,29201,29201,2718
2026-07-22 16:37:35.640,29201,29224.75,29197,29197,4786
2026-07-22 16:38:26.156,29197,29209,29193,29193,855
2026-07-22 16:38:27.292,29193,29205,29189,29189,102
2026-07-22 16:38:32.112,29189,29201,29185,29185,194
2026-07-22 16:45:02.824,29185,29204.5,29181,29181,4316
2026-07-22 16:51:24.876,29181,29209,29178,29209,3465
2026-07-22 16:53:43.040,29209,29213,29197,29213,1125
2026-07-22 16:58:06.884,29213,29213,29185,29185,1629
2026-07-22 16:58:59.880,29185,29197,29181,29181,413
2026-07-22 16:59:03.660,29181,29193,29177,29177,147
2026-07-22 16:59:28.160,29177,29189,29173,29173,359
2026-07-22 16:59:32.316,29173,29185,29169,29169,83
2026-07-22 16:59:59.896,29169,29180.25,29168.75,29169,336
2026-07-22 18:00:01.136,29107.5,29128,29106.75,29123.5,511
2026-07-22 18:00:02.156,29123.5,29132.25,29111.5,29131.5,140
2026-07-22 18:00:03.792,29131.5,29135.5,29119.5,29135.5,92
2026-07-22 18:00:14.184,29135.5,29139.5,29114.5,29139.5,585
2026-07-22 18:00:15.644,29139.5,29143.5,29127.5,29143.5,49
2026-07-22 18:00:49.008,29143.5,29144,29115.5,29115.5,867
2026-07-22 18:00:51.596,29115.5,29127.5,29111.5,29111.5,51
2026-07-22 18:00:52.788,29111.5,29123.5,29107.25,29107.5,83
2026-07-22 18:01:01.192,29107.5,29119.5,29103.5,29103.5,437
2026-07-22 18:01:02.192,29103.5,29115.5,29096.5,29099.5,178
2026-07-22 18:01:11.640,29099.5,29111.5,29095.5,29095.5,437
2026-07-22 18:01:48.308,29095.5,29119,29091.5,29091.5,1390
2026-07-22 18:02:09.808,29091.5,29103.5,29087.5,29087.5,410
2026-07-22 18:02:13.480,29087.5,29099.5,29083.5,29083.5,191
2026-07-22 18:02:44.216,29083.5,29095.5,29079.5,29079.5,1006
2026-07-22 18:05:04.252,29079.5,29100,29075.5,29075.5,2909
2026-07-22 18:05:13.600,29075.5,29087.5,29071.5,29071.5,334
2026-07-22 18:05:15.072,29071.5,29083.5,29067.5,29067.5,123
2026-07-22 18:07:23.232,29067.5,29080,29063.5,29063.5,2576
2026-07-22 18:14:03.316,29063.5,29091.5,29060,29091.5,5336
2026-07-22 18:21:14.152,29091.5,29095.5,29070.25,29095.5,5141
2026-07-22 18:25:35.740,29095.5,29099.5,29077.25,29099.5,3276
2026-07-22 18:26:40.900,29099.5,29103.5,29087.5,29103.5,865
2026-07-22 18:29:17.304,29103.5,29106.75,29075.5,29075.5,3065
2026-07-22 18:37:13.336,29075.5,29089,29071.5,29071.5,4672
2026-07-22 18:37:21.332,29071.5,29083.5,29067.5,29067.5,338
2026-07-22 18:37:26.376,29067.5,29079.5,29063.5,29063.5,252
2026-07-22 18:38:05.500,29063.5,29075.5,29059.5,29059.5,1114
2026-07-22 18:39:29.920,29059.5,29071.5,29055.5,29055.5,1389
2026-07-22 18:39:53.964,29055.5,29067.5,29051.5,29051.5,612
2026-07-22 18:39:56.576,29051.5,29063.5,29047,29047.5,378
2026-07-22 18:40:07.292,29047.5,29059.5,29043.5,29043.5,490
2026-07-22 18:45:26.496,29043.5,29056.5,29039.5,29039.5,4870
2026-07-22 18:51:52.064,29039.5,29067.5,29039,29067.5,4527
2026-07-22 18:52:09.500,29067.5,29071.5,29055.5,29071.5,522
2026-07-22 18:53:05.140,29071.5,29075.5,29059.5,29075.5,646
2026-07-22 18:55:01.312,29075.5,29079.5,29063.5,29079.5,1312
2026-07-22 18:56:09.256,29079.5,29083.5,29067.5,29083.5,654
2026-07-22 19:04:17.628,29083.5,29084.75,29055.5,29055.5,5397
2026-07-22 19:04:18.728,29055.5,29067.5,29051.25,29051.5,176
2026-07-22 19:04:22.080,29051.5,29063.5,29047.5,29047.5,259
2026-07-22 19:04:23.100,29047.5,29059.5,29042.75,29043.5,157
2026-07-22 19:04:24.196,29043.5,29055.5,29037.5,29039.5,249
2026-07-22 19:04:25.232,29039.5,29051.5,29035.5,29035.5,98
2026-07-22 19:04:26.432,29035.5,29047.5,29031.5,29031.5,275
2026-07-22 19:04:28.024,29031.5,29043.5,29025.75,29027.5,347
2026-07-22 19:12:40.416,29027.5,29055.5,29027.25,29055.5,7527
2026-07-22 19:12:51.348,29055.5,29059.5,29043.5,29059.5,470
2026-07-22 19:13:36.340,29059.5,29063.5,29047.5,29063.5,1110
2026-07-22 19:14:02.044,29063.5,29067.5,29051.5,29067.5,388
2026-07-22 19:18:12.856,29067.5,29068,29039.5,29039.5,3168
2026-07-22 19:31:28.192,29039.5,29067.5,29035.75,29067.5,8160
2026-07-22 19:32:16.304,29067.5,29071.5,29055.5,29071.5,836
2026-07-22 19:33:07.176,29071.5,29075.5,29059.5,29075.5,820
2026-07-22 19:37:10.012,29075.5,29079.5,29063.5,29079.5,2332
2026-07-22 19:37:17.072,29079.5,29083.5,29067.5,29083.5,260
2026-07-22 19:40:29.096,29083.5,29087.5,29071.5,29087.5,1753
2026-07-22 19:40:47.780,29087.5,29091.5,29075.5,29091.5,511
2026-07-22 19:41:18.792,29091.5,29095.5,29079.5,29095.5,840
2026-07-22 19:45:15.236,29095.5,29099.5,29083.5,29099.5,3140
2026-07-22 19:45:17.712,29099.5,29103.5,29087.5,29103.5,318
2026-07-22 19:45:44.420,29103.5,29107.5,29091.5,29107.5,846
2026-07-22 19:45:51.100,29107.5,29111.5,29095.5,29111.5,534
2026-07-22 19:45:52.820,29111.5,29115.5,29099.5,29115.5,163
2026-07-22 19:45:59.556,29115.5,29119.5,29103.5,29119.5,594
2026-07-22 19:46:01.036,29119.5,29123.5,29107.5,29123.5,246
2026-07-22 19:46:29.736,29123.5,29127.5,29111.5,29127.5,1314
2026-07-22 19:47:06.992,29127.5,29131.5,29115.5,29131.5,1207
2026-07-22 19:48:42.616,29131.5,29135.5,29119.5,29135.5,1779
2026-07-22 19:49:06.976,29135.5,29139.5,29123.5,29139.5,486
2026-07-22 19:59:53.012,29139.5,29143.5,29118,29143.5,10392
2026-07-22 20:00:00.168,29143.5,29147.5,29131.5,29147.5,543
2026-07-22 20:00:01.172,29147.5,29152.5,29135.5,29151.5,334
2026-07-22 20:01:54.588,29151.5,29155.5,29133.25,29155.5,4505
2026-07-22 20:01:55.916,29155.5,29159.5,29143.5,29159.5,225
2026-07-22 20:01:58.644,29159.5,29163.5,29147.5,29163.5,362
2026-07-22 20:02:52.388,29163.5,29163.5,29135.5,29135.5,1883
2026-07-22 20:05:25.420,29135.5,29163.5,29132,29163.5,4197
2026-07-22 20:06:12.312,29163.5,29167.5,29151.5,29167.5,1102
2026-07-22 20:09:02.028,29167.5,29171.5,29155.5,29171.5,3102
2026-07-22 20:13:41.880,29171.5,29173,29143.5,29143.5,4587
2026-07-22 20:16:21.672,29143.5,29171.5,29143.5,29171.5,3802
2026-07-22 20:16:25.228,29171.5,29175.5,29159.5,29175.5,392
2026-07-22 20:16:31.044,29175.5,29179.5,29163.5,29179.5,335
2026-07-22 20:16:36.556,29179.5,29183.5,29167.5,29183.5,339
2026-07-22 20:17:00.120,29183.5,29187.5,29171.5,29187.5,1186
2026-07-22 20:17:14.476,29187.5,29191.5,29175.5,29191.5,661
2026-07-22 20:17:18.568,29191.5,29195.5,29179.5,29195.5,249
2026-07-22 20:17:20.172,29195.5,29199.5,29183.5,29199.5,235
2026-07-22 20:17:23.012,29199.5,29205,29187.5,29203.5,597
2026-07-22 20:17:31.428,29203.5,29207.5,29191.5,29207.5,524
2026-07-22 20:20:33.040,29207.5,29211.5,29195,29211.5,4701
2026-07-22 20:20:51.784,29211.5,29215.5,29199.5,29215.5,636
2026-07-22 20:22:39.636,29215.5,29219.5,29202,29219.5,2566
2026-07-22 20:22:40.788,29219.5,29223.5,29207.5,29223.5,217
2026-07-22 20:22:42.356,29223.5,29227.5,29211.5,29227.5,210
2026-07-22 20:22:43.380,29227.5,29234.75,29215.5,29231.5,355
2026-07-22 20:25:03.652,29231.5,29235.5,29219.5,29235.5,3089
2026-07-22 20:25:34.036,29235.5,29239.5,29223.5,29239.5,848
2026-07-22 20:27:09.048,29239.5,29243.5,29227.5,29243.5,1872
2026-07-22 20:27:17.244,29243.5,29247.5,29231.5,29247.5,314
2026-07-22 20:27:36.600,29247.5,29251.5,29235.5,29251.5,754
2026-07-22 20:27:44.740,29251.5,29255.5,29239.5,29255.5,553
2026-07-22 20:29:36.528,29255.5,29256.5,29227.5,29227.5,3263
2026-07-22 20:30:37.832,29227.5,29239.5,29223.5,29223.5,1729
2026-07-22 20:30:52.224,29223.5,29235.5,29219.5,29219.5,490
2026-07-22 20:35:26.464,29219.5,29247.5,29218.25,29247.5,5280
2026-07-22 20:51:20.136,29247.5,29251.5,29229,29251.5,11862
2026-07-22 20:51:26.036,29251.5,29255.5,29239.5,29255.5,412
2026-07-22 20:51:27.036,29255.5,29267.75,29243.5,29263.5,885
2026-07-22 20:51:31.316,29263.5,29267.5,29251.5,29267.5,284
2026-07-22 20:51:44.164,29267.5,29271.5,29255.5,29271.5,754
2026-07-22 20:51:45.172,29271.5,29278.5,29259.5,29275.5,300
2026-07-22 20:51:46.860,29275.5,29279.5,29263.5,29279.5,131
2026-07-22 20:53:26.652,29279.5,29283,29251.5,29251.5,3376
2026-07-22 21:00:16.688,29251.5,29279,29247.5,29247.5,7694
2026-07-22 21:00:17.688,29247.5,29259.5,29235.75,29239.5,625
2026-07-22 21:03:49.228,29239.5,29267.5,29235.5,29267.5,4022
2026-07-22 21:05:50.116,29267.5,29271.5,29255.5,29271.5,1499
2026-07-22 21:19:35.820,29271.5,29273.75,29243.5,29243.5,10452
2026-07-22 21:19:58.196,29243.5,29255.5,29239.5,29239.5,580
2026-07-22 21:20:40.004,29239.5,29251.5,29235.5,29235.5,1201
2026-07-22 21:30:11.256,29235.5,29257.5,29231.5,29231.5,8558
2026-07-22 21:30:19.368,29231.5,29243.5,29227.5,29227.5,506
2026-07-22 21:30:51.340,29227.5,29239.5,29223.5,29223.5,1070
2026-07-22 21:30:52.364,29223.5,29235.5,29219.5,29219.5,207
2026-07-22 21:31:02.308,29219.5,29231.5,29215.5,29215.5,633
2026-07-22 21:31:28.432,29215.5,29227.5,29211.5,29211.5,1038
2026-07-22 21:31:42.412,29211.5,29223.5,29207.5,29207.5,728
2026-07-22 21:32:53.268,29207.5,29235.5,29207,29235.5,2547
2026-07-22 21:34:02.080,29235.5,29239.5,29222.5,29239.5,1983
2026-07-22 21:34:04.268,29239.5,29243.75,29227.5,29243.5,375
2026-07-22 21:34:52.580,29243.5,29247.5,29231.5,29247.5,1136
2026-07-22 21:36:53.336,29247.5,29251.5,29235.5,29251.5,1760
2026-07-22 21:37:06.756,29251.5,29255.5,29239.5,29255.5,458
2026-07-22 21:37:16.812,29255.5,29259.5,29243.5,29259.5,547
2026-07-22 21:39:27.052,29259.5,29260.5,29231.5,29231.5,3109
2026-07-22 21:39:41.300,29231.5,29243.5,29227.5,29227.5,554
2026-07-22 21:39:45.724,29227.5,29239.5,29223.5,29223.5,207
2026-07-22 21:39:47.024,29223.5,29235.5,29219,29219.5,187
2026-07-22 21:39:48.028,29219.5,29231.5,29214,29215.5,174
2026-07-22 21:39:49.964,29215.5,29227.5,29211.5,29211.5,126
2026-07-22 21:40:01.108,29211.5,29223.5,29207.5,29207.5,487
2026-07-22 21:40:07.748,29207.5,29219.5,29203.5,29203.5,486
2026-07-22 21:40:56.132,29203.5,29215.5,29199.5,29199.5,2019
2026-07-22 21:44:36.892,29199.5,29212,29195.5,29195.5,3645
2026-07-22 21:44:40.720,29195.5,29207.5,29191.5,29191.5,280
2026-07-22 21:44:41.724,29191.5,29203.5,29185.5,29187.5,297
2026-07-22 21:44:43.248,29187.5,29199.5,29183.5,29183.5,153
2026-07-22 21:48:26.972,29183.5,29199,29179.5,29179.5,4856
2026-07-22 21:50:09.228,29179.5,29191.5,29175.5,29175.5,1776
2026-07-22 21:51:16.024,29175.5,29203.5,29175,29203.5,1746
2026-07-22 21:51:24.092,29203.5,29207.5,29191.5,29207.5,354
2026-07-22 21:54:59.696,29207.5,29211.5,29186.5,29211.5,3725
2026-07-22 21:55:02.160,29211.5,29215.5,29199.5,29215.5,354
2026-07-22 21:58:33.824,29215.5,29217.25,29187.5,29187.5,3958
2026-07-22 21:58:42.128,29187.5,29199.5,29183.5,29183.5,269
2026-07-22 21:59:18.704,29183.5,29195.5,29179.5,29179.5,851
2026-07-22 22:00:00.144,29179.5,29191.5,29175.5,29175.5,624
2026-07-22 22:00:24.104,29175.5,29187.5,29171.5,29171.5,846
2026-07-22 22:03:49.776,29171.5,29191,29167.5,29167.5,4042
2026-07-22 22:05:57.624,29167.5,29195.5,29164,29195.5,3006
2026-07-22 22:06:04.124,29195.5,29199.5,29183.5,29199.5,259
2026-07-22 22:10:16.944,29199.5,29200.5,29171.5,29171.5,3099
2026-07-22 22:10:21.424,29171.5,29183.5,29167.5,29167.5,167
2026-07-22 22:11:01.548,29167.5,29179.5,29163.5,29163.5,822
2026-07-22 22:12:04.456,29163.5,29175.5,29159.5,29159.5,1196
2026-07-22 22:12:18.280,29159.5,29171.5,29155.5,29155.5,448
2026-07-22 22:12:19.352,29155.5,29167.5,29150.25,29151.5,366
2026-07-22 22:12:24.444,29151.5,29163.5,29147.5,29147.5,329
2026-07-22 22:17:23.444,29147.5,29162.25,29143.5,29143.5,4968
2026-07-22 22:18:00.084,29143.5,29155.5,29139.5,29139.5,745
2026-07-22 22:18:02.344,29139.5,29151.5,29135.5,29135.5,131
2026-07-22 22:18:29.708,29135.5,29147.5,29131.5,29131.5,896
2026-07-22 22:18:31.940,29131.5,29143.5,29127.5,29127.5,191
2026-07-22 22:21:48.264,29127.5,29139.5,29123.5,29123.5,3235
2026-07-22 22:21:52.212,29123.5,29135.5,29119.5,29119.5,346
2026-07-22 22:21:53.220,29119.5,29131.5,29114.5,29115.5,286
2026-07-22 22:22:48.804,29115.5,29127.5,29111.5,29111.5,1332
2026-07-22 22:23:40.480,29111.5,29123.5,29107.5,29107.5,1389
2026-07-22 22:25:14.164,29107.5,29119.5,29103.5,29103.5,1979
2026-07-22 22:25:28.068,29103.5,29115.5,29099.5,29099.5,679
2026-07-22 22:27:15.980,29099.5,29111.5,29095.5,29095.5,2392
2026-07-22 22:33:24.696,29095.5,29123.5,29092.5,29123.5,7061
2026-07-22 22:37:13.132,29123.5,29126.25,29095.5,29095.5,3917
2026-07-22 22:37:24.068,29095.5,29107.5,29091.5,29091.5,421
2026-07-22 22:37:26.860,29091.5,29103.5,29087.5,29087.5,286
2026-07-22 22:37:36.888,29087.5,29099.5,29083.5,29083.5,539
2026-07-22 22:38:08.356,29083.5,29095.5,29079.5,29079.5,1149
2026-07-22 22:38:16.720,29079.5,29091.5,29075.5,29075.5,300
2026-07-22 22:38:50.756,29075.5,29087.5,29071.5,29071.5,1095
2026-07-22 22:40:44.532,29071.5,29083.5,29067.5,29067.5,1837
2026-07-22 22:41:02.868,29067.5,29079.5,29063.5,29063.5,452
2026-07-22 22:41:05.716,29063.5,29075.5,29059.5,29059.5,320
2026-07-22 22:48:47.060,29059.5,29087.5,29058.75,29087.5,7144
2026-07-22 22:48:50.380,29087.5,29091.5,29075.5,29091.5,169
2026-07-22 22:51:03.192,29091.5,29093,29063.5,29063.5,2661
2026-07-22 22:54:24.040,29063.5,29091.5,29062.5,29091.5,3476
2026-07-22 22:58:41.708,29091.5,29095.5,29079.5,29095.5,2623
2026-07-22 23:05:50.324,29095.5,29097,29067.5,29067.5,6109
2026-07-22 23:05:52.260,29067.5,29079.5,29063.5,29063.5,222
2026-07-22 23:07:52.128,29063.5,29079.25,29059.5,29059.5,1527
2026-07-22 23:08:39.148,29059.5,29071.5,29055.5,29055.5,852
2026-07-22 23:08:45.072,29055.5,29067.5,29051.5,29051.5,424
2026-07-22 23:08:59.188,29051.5,29063.5,29047.5,29047.5,695
2026-07-22 23:10:35.944,29047.5,29059.5,29043.5,29043.5,1868
2026-07-22 23:10:57.620,29043.5,29055.5,29039.5,29039.5,613
2026-07-22 23:11:19.128,29039.5,29051.5,29035.5,29035.5,573
2026-07-22 23:11:21.404,29035.5,29047.5,29031.5,29031.5,155
2026-07-22 23:14:47.648,29031.5,29059.5,29030,29059.5,3955
2026-07-22 23:21:27.872,29059.5,29063.5,29040,29063.5,5263
2026-07-22 23:21:36.828,29063.5,29067.5,29051.5,29067.5,315
2026-07-22 23:23:23.228,29067.5,29071.5,29054.75,29071.5,1875
2026-07-22 23:23:24.232,29071.5,29077.75,29059.5,29075.5,188
2026-07-22 23:23:25.480,29075.5,29080,29063.5,29079.5,160
2026-07-22 23:25:50.224,29079.5,29079.5,29051.5,29051.5,2059
2026-07-22 23:25:52.252,29051.5,29063.5,29047.5,29047.5,276
2026-07-22 23:28:56.628,29047.5,29075.5,29045,29075.5,2170
2026-07-22 23:29:15.468,29075.5,29079.5,29063.5,29079.5,474
2026-07-22 23:29:58.536,29079.5,29083.5,29067.5,29083.5,773
2026-07-22 23:30:17.496,29083.5,29087.5,29071.5,29087.5,602
2026-07-22 23:30:20.192,29087.5,29092,29075.5,29091.5,245
2026-07-22 23:30:26.540,29091.5,29095.5,29079.5,29095.5,269
2026-07-22 23:30:29.020,29095.5,29099.5,29083.5,29099.5,206
2026-07-22 23:30:31.288,29099.5,29103.5,29087.5,29103.5,336
2026-07-22 23:30:37.132,29103.5,29107.5,29091.5,29107.5,449
2026-07-22 23:30:45.360,29107.5,29111.5,29095.5,29111.5,494
2026-07-22 23:31:47.172,29111.5,29114.25,29083.5,29083.5,1922
2026-07-22 23:31:58.552,29083.5,29095.5,29079.5,29079.5,304
2026-07-22 23:31:59.792,29079.5,29091.5,29075.5,29075.5,97
2026-07-22 23:40:37.340,29075.5,29103.5,29071.75,29103.5,6727
2026-07-22 23:41:29.652,29103.5,29107.5,29091.5,29107.5,733
2026-07-22 23:44:08.672,29107.5,29111.5,29095,29111.5,1592
2026-07-22 23:44:54.316,29111.5,29115.5,29099.5,29115.5,543
2026-07-22 23:45:17.096,29115.5,29119.5,29103.5,29119.5,525
2026-07-22 23:48:56.108,29119.5,29123.5,29103,29123.5,2745
2026-07-22 23:54:03.648,29123.5,29127.5,29111.5,29127.5,2796
2026-07-23 00:00:20.992,29127.5,29128,29099.5,29099.5,3973
2026-07-23 00:00:22.228,29099.5,29111.5,29095.5,29095.5,133
2026-07-23 00:02:20.692,29095.5,29107.5,29091.5,29091.5,1660
2026-07-23 00:05:17.464,29091.5,29104,29087.5,29087.5,1821
2026-07-23 00:05:23.784,29087.5,29099.5,29083.5,29083.5,264
2026-07-23 00:06:09.132,29083.5,29095.5,29079.5,29079.5,629
2026-07-23 00:06:22.560,29079.5,29091.5,29075.5,29075.5,194
2026-07-23 00:06:49.828,29075.5,29087.5,29071.5,29071.5,363
2026-07-23 00:07:43.472,29071.5,29083.5,29067.5,29067.5,860
2026-07-23 00:08:53.088,29067.5,29095.5,29067.25,29095.5,1231
2026-07-23 00:09:02.464,29095.5,29099.5,29083.5,29099.5,365
2026-07-23 00:12:31.860,29099.5,29103.5,29085,29103.5,2420
2026-07-23 00:12:32.984,29103.5,29107.5,29091.5,29107.5,117
2026-07-23 00:12:55.488,29107.5,29111.5,29095.5,29111.5,568
2026-07-23 00:12:56.488,29111.5,29117.25,29099.5,29115.5,172
2026-07-23 00:13:15.444,29115.5,29119.5,29103.5,29119.5,630
2026-07-23 00:13:33.496,29119.5,29123.5,29107.5,29123.5,349
2026-07-23 00:14:10.412,29123.5,29127.5,29111.5,29127.5,720
2026-07-23 00:14:17.476,29127.5,29131.5,29115.5,29131.5,334
2026-07-23 00:14:59.936,29131.5,29135.5,29119.5,29135.5,753
2026-07-23 00:15:47.732,29135.5,29139.5,29123.5,29139.5,924
2026-07-23 00:19:56.196,29139.5,29140.25,29111.5,29111.5,3422
2026-07-23 00:24:08.232,29111.5,29139.5,29111.5,29139.5,2694
2026-07-23 00:25:02.276,29139.5,29143.5,29127.5,29143.5,551
2026-07-23 00:25:43.352,29143.5,29147.5,29131.5,29147.5,847
2026-07-23 00:25:52.640,29147.5,29151.5,29135.5,29151.5,357
2026-07-23 00:25:54.156,29151.5,29155.5,29139.5,29155.5,128
2026-07-23 00:25:55.448,29155.5,29159.5,29143.5,29159.5,243
2026-07-23 00:28:42.852,29159.5,29162.5,29131.5,29131.5,2832
2026-07-23 00:28:43.852,29131.5,29143.5,29122.75,29127.5,333
2026-07-23 00:29:49.164,29127.5,29155.5,29125.5,29155.5,1402
2026-07-23 00:30:55.444,29155.5,29159.5,29143.5,29159.5,1131
2026-07-23 00:34:42.788,29159.5,29163.5,29143.5,29163.5,2613
2026-07-23 00:45:23.612,29163.5,29166,29135.5,29135.5,5918
2026-07-23 00:49:47.180,29135.5,29157.5,29131.5,29131.5,2767
2026-07-23 00:50:00.416,29131.5,29143.5,29127.5,29127.5,230
2026-07-23 00:50:10.860,29127.5,29139.5,29123.5,29123.5,235
2026-07-23 00:51:51.512,29123.5,29135.5,29119.5,29119.5,958
2026-07-23 00:53:03.924,29119.5,29131.5,29115.5,29115.5,764
2026-07-23 01:00:42.592,29115.5,29129,29111.5,29111.5,3962
2026-07-23 01:01:51.464,29111.5,29123.5,29107.5,29107.5,1183
2026-07-23 01:12:23.264,29107.5,29121,29103.5,29103.5,4278
2026-07-23 01:22:09.328,29103.5,29131.5,29100.5,29131.5,5465
2026-07-23 01:24:00.912,29131.5,29133.5,29103.5,29103.5,1542
2026-07-23 01:24:04.220,29103.5,29115.5,29099.5,29099.5,208
2026-07-23 01:25:17.896,29099.5,29127.5,29098.5,29127.5,1284
2026-07-23 01:25:18.992,29127.5,29131.75,29115.5,29131.5,97
2026-07-23 01:25:39.208,29131.5,29135.5,29119.5,29135.5,498
2026-07-23 01:26:27.864,29135.5,29139.5,29123.5,29139.5,827
2026-07-23 01:26:42.016,29139.5,29143.5,29127.5,29143.5,262
2026-07-23 01:26:58.232,29143.5,29147.5,29131.5,29147.5,285
2026-07-23 01:26:59.780,29147.5,29151.5,29135.5,29151.5,121
2026-07-23 01:27:22.480,29151.5,29155.5,29139.5,29155.5,560
2026-07-23 01:27:33.264,29155.5,29159.5,29143.5,29159.5,203
2026-07-23 01:29:02.008,29159.5,29163.5,29147.5,29163.5,1396
2026-07-23 01:29:47.368,29163.5,29167.5,29151.5,29167.5,819
2026-07-23 01:30:02.260,29167.5,29171.5,29155.5,29171.5,477
2026-07-23 01:30:30.836,29171.5,29175.5,29159.5,29175.5,733
2026-07-23 01:31:02.308,29175.5,29179.5,29163.5,29179.5,429
2026-07-23 01:32:37.988,29179.5,29183.5,29167.5,29183.5,1263
2026-07-23 01:38:49.040,29183.5,29183.75,29155.5,29155.5,3333
2026-07-23 01:38:50.252,29155.5,29167.5,29151.5,29151.5,111
2026-07-23 01:39:00.316,29151.5,29163.5,29147.5,29147.5,305
2026-07-23 01:39:52.084,29147.5,29159.5,29143.5,29143.5,619
2026-07-23 01:43:51.672,29143.5,29157.5,29139.5,29139.5,2485
2026-07-23 01:44:01.852,29139.5,29151.5,29135.5,29135.5,205
2026-07-23 01:48:00.240,29135.5,29151,29131.5,29131.5,1582
2026-07-23 01:48:02.248,29131.5,29143.5,29127.5,29127.5,139
2026-07-23 01:48:09.640,29127.5,29139.5,29123.5,29123.5,261
2026-07-23 01:48:28.220,29123.5,29135.5,29119.5,29119.5,337
2026-07-23 01:48:30.168,29119.5,29131.5,29115.5,29115.5,150
2026-07-23 01:49:46.128,29115.5,29127.5,29111.5,29111.5,1187
2026-07-23 01:49:54.432,29111.5,29123.5,29107.5,29107.5,219
2026-07-23 01:50:06.252,29107.5,29119.5,29103.5,29103.5,402
2026-07-23 01:50:11.804,29103.5,29115.5,29099.5,29099.5,257
2026-07-23 01:54:14.456,29099.5,29118.75,29095.5,29095.5,2862
2026-07-23 01:54:28.548,29095.5,29107.5,29091.5,29091.5,497
2026-07-23 01:54:32.744,29091.5,29103.5,29087.5,29087.5,185
2026-07-23 01:54:41.580,29087.5,29099.5,29082.25,29083.5,412
2026-07-23 01:54:59.456,29083.5,29095.5,29079.5,29079.5,410
2026-07-23 01:56:45.108,29079.5,29107.5,29078.5,29107.5,1857
2026-07-23 02:01:17.272,29107.5,29111.5,29083.75,29111.5,2967
2026-07-23 02:01:43.360,29111.5,29115.5,29099.5,29115.5,546
2026-07-23 02:07:15.108,29115.5,29117,29087.5,29087.5,3541
2026-07-23 02:08:02.232,29087.5,29099.5,29083.5,29083.5,635
2026-07-23 02:09:41.416,29083.5,29095.5,29079.5,29079.5,859
2026-07-23 02:20:02.232,29079.5,29107.5,29077.25,29107.5,6278
2026-07-23 02:23:47.184,29107.5,29110.75,29079.5,29079.5,2430
2026-07-23 02:29:43.144,29079.5,29107.5,29079,29107.5,3090
2026-07-23 02:29:57.368,29107.5,29111.5,29095.5,29111.5,518
2026-07-23 02:35:36.224,29111.5,29113.75,29083.5,29083.5,4236
2026-07-23 02:46:40.732,29083.5,29111.5,29080.5,29111.5,5119
2026-07-23 02:46:54.144,29111.5,29115.5,29099.5,29115.5,285
2026-07-23 02:46:57.568,29115.5,29119.5,29103.5,29119.5,252
2026-07-23 02:51:40.656,29119.5,29119.75,29091.5,29091.5,2389
2026-07-23 02:52:02.284,29091.5,29103.5,29087.5,29087.5,255
2026-07-23 02:52:27.960,29087.5,29099.5,29083.5,29083.5,298
2026-07-23 02:52:35.320,29083.5,29095.5,29079.5,29079.5,197
2026-07-23 02:58:10.952,29079.5,29091.75,29075.5,29075.5,2552
2026-07-23 03:00:25.304,29075.5,29087.5,29071.5,29071.5,1569
2026-07-23 03:00:28.068,29071.5,29083.5,29067.5,29067.5,202
2026-07-23 03:00:30.084,29067.5,29079.5,29063.5,29063.5,284
2026-07-23 03:00:31.152,29063.5,29075.5,29059.5,29059.5,345
2026-07-23 03:00:38.996,29059.5,29071.5,29055.5,29055.5,402
2026-07-23 03:00:45.296,29055.5,29067.5,29051.5,29051.5,269
2026-07-23 03:01:45.024,29051.5,29063.5,29047.5,29047.5,1387
2026-07-23 03:03:55.212,29047.5,29075.5,29045.25,29075.5,2436
2026-07-23 03:06:02.712,29075.5,29076,29047.5,29047.5,2100
2026-07-23 03:06:28.504,29047.5,29059.5,29043.5,29043.5,542
2026-07-23 03:07:03.844,29043.5,29055.5,29039.5,29039.5,633
2026-07-23 03:07:45.860,29039.5,29051.5,29035.5,29035.5,690
2026-07-23 03:08:58.872,29035.5,29047.5,29031.5,29031.5,1834
2026-07-23 03:09:17.112,29031.5,29043.5,29027.5,29027.5,514
2026-07-23 03:09:18.672,29027.5,29039.5,29023.5,29023.5,290
2026-07-23 03:09:59.080,29023.5,29035.5,29019.5,29019.5,1156
2026-07-23 03:10:09.296,29019.5,29031.5,29015.5,29015.5,449
2026-07-23 03:10:12.876,29015.5,29027.5,29011.5,29011.5,179
2026-07-23 03:10:25.716,29011.5,29023.5,29007.5,29007.5,515
2026-07-23 03:10:27.428,29007.5,29019.5,29003.5,29003.5,152
2026-07-23 03:10:59.272,29003.5,29015.5,28999.5,28999.5,1533
2026-07-23 03:11:02.672,28999.5,29011.5,28995.5,28995.5,326
2026-07-23 03:11:03.672,28995.5,29007.5,28985.75,28987.5,324
2026-07-23 03:11:04.760,28987.5,28999.5,28980,28983.5,376
2026-07-23 03:11:37.892,28983.5,28995.5,28979.5,28979.5,1052
2026-07-23 03:11:52.940,28979.5,28991.5,28975.5,28975.5,366
2026-07-23 03:12:30.404,28975.5,28987.5,28971.5,28971.5,1257
2026-07-23 03:12:32.460,28971.5,28983.5,28967.5,28967.5,203
2026-07-23 03:12:33.484,28967.5,28979.5,28963.5,28963.5,145
2026-07-23 03:12:41.048,28963.5,28975.5,28959.5,28959.5,453
2026-07-23 03:12:42.092,28959.5,28971.5,28955.25,28955.5,381
2026-07-23 03:14:10.112,28955.5,28983.5,28953.75,28983.5,2921
2026-07-23 03:14:11.112,28983.5,28988.25,28971.5,28987.5,86
2026-07-23 03:14:15.916,28987.5,28991.5,28975.5,28991.5,178
2026-07-23 03:14:32.488,28991.5,28995.5,28979.5,28995.5,563
2026-07-23 03:14:54.164,28995.5,28999.5,28983.5,28999.5,605
2026-07-23 03:15:02.160,28999.5,29003.5,28987.5,29003.5,448
2026-07-23 03:16:49.012,29003.5,29007.5,28991.5,29007.5,2196
2026-07-23 03:18:01.768,29007.5,29011.5,28995.5,29011.5,1080
2026-07-23 03:20:01.752,29011.5,29015.5,28999.5,29015.5,1649
2026-07-23 03:20:03.464,29015.5,29019.5,29003.5,29019.5,86
2026-07-23 03:20:39.948,29019.5,29023.5,29007.5,29023.5,741
2026-07-23 03:20:52.192,29023.5,29027.5,29011.5,29027.5,319
2026-07-23 03:20:53.728,29027.5,29031.5,29015.5,29031.5,95
2026-07-23 03:26:20.748,29031.5,29035.5,29008.75,29035.5,4959
2026-07-23 03:30:52.028,29035.5,29038.75,29007.5,29007.5,3336
2026-07-23 03:31:18.292,29007.5,29019.5,29003.5,29003.5,563
2026-07-23 03:32:21.160,29003.5,29015.5,28999.5,28999.5,727
2026-07-23 03:32:22.572,28999.5,29011.5,28995.5,28995.5,139
2026-07-23 03:32:39.520,28995.5,29007.5,28991.5,28991.5,417
2026-07-23 03:34:00.976,28991.5,29003.5,28987.5,28987.5,966
2026-07-23 03:34:12.212,28987.5,28999.5,28983.5,28983.5,221
2026-07-23 03:34:44.580,28983.5,28995.5,28979.5,28979.5,533
2026-07-23 03:39:35.004,28979.5,28991.5,28975.5,28975.5,3220
2026-07-23 03:40:08.544,28975.5,28987.5,28971.5,28971.5,446
2026-07-23 03:40:36.148,28971.5,28983.5,28967.5,28967.5,479
2026-07-23 03:40:45.364,28967.5,28979.5,28963.5,28963.5,160
2026-07-23 03:42:14.248,28963.5,28975.5,28959.5,28959.5,1318
2026-07-23 03:42:16.992,28959.5,28971.5,28955.5,28955.5,139
2026-07-23 03:42:18.316,28955.5,28967.5,28950.25,28951.5,346
2026-07-23 03:43:05.852,28951.5,28963.5,28947.5,28947.5,1105
2026-07-23 03:43:25.828,28947.5,28959.5,28943.5,28943.5,395
2026-07-23 03:44:35.016,28943.5,28960.75,28939.5,28939.5,1608
2026-07-23 03:45:06.260,28939.5,28951.5,28935.5,28935.5,627
2026-07-23 03:45:30.248,28935.5,28947.5,28931.5,28931.5,569
2026-07-23 03:45:42.312,28931.5,28943.5,28927.5,28927.5,389
2026-07-23 03:46:17.760,28927.5,28939.5,28923.5,28923.5,711
2026-07-23 03:48:59.656,28923.5,28951.5,28922,28951.5,3080
2026-07-23 03:52:45.596,28951.5,28955.5,28934.5,28955.5,2853
2026-07-23 03:54:32.004,28955.5,28959.5,28943.5,28959.5,1351
2026-07-23 03:54:33.520,28959.5,28963.5,28947.5,28963.5,93
2026-07-23 03:55:17.440,28963.5,28967.5,28951.5,28967.5,906
2026-07-23 03:55:23.600,28967.5,28971.5,28955.5,28971.5,184
2026-07-23 03:55:27.136,28971.5,28975.5,28959.5,28975.5,152
2026-07-23 03:57:04.808,28975.5,28979.5,28963.5,28979.5,1497
2026-07-23 03:57:09.712,28979.5,28983.5,28967.5,28983.5,144
2026-07-23 03:59:11.520,28983.5,28987.5,28971.5,28987.5,1413
2026-07-23 04:00:06.272,28987.5,28991.5,28975.5,28991.5,881
2026-07-23 04:01:52.000,28991.5,28993.5,28963.5,28963.5,2590
2026-07-23 04:03:06.816,28963.5,28977,28959.5,28959.5,1585
2026-07-23 04:04:30.320,28959.5,28987.5,28958.5,28987.5,1559
2026-07-23 04:04:31.356,28987.5,28992.5,28975.5,28991.5,84
2026-07-23 04:04:32.672,28991.5,28996.5,28979.5,28995.5,118
2026-07-23 04:04:44.876,28995.5,28999.5,28983.5,28999.5,448
2026-07-23 04:06:13.332,28999.5,29003.5,28987.5,29003.5,1573
2026-07-23 04:06:14.376,29003.5,29011,28991.5,29007.5,204
2026-07-23 04:06:27.292,29007.5,29011.5,28995.5,29011.5,246
2026-07-23 04:06:28.788,29011.5,29015.5,28999.5,29015.5,79
2026-07-23 04:07:49.796,29015.5,29019.5,29003.5,29019.5,1527
2026-07-23 04:07:58.824,29019.5,29023.5,29007.5,29023.5,167
2026-07-23 04:08:45.200,29023.5,29027.5,29011.5,29027.5,674
2026-07-23 04:09:53.448,29027.5,29031.5,29015.5,29031.5,990
2026-07-23 04:09:57.660,29031.5,29035.5,29019.5,29035.5,121
2026-07-23 04:12:20.336,29035.5,29039.5,29019.25,29039.5,2036
2026-07-23 04:12:25.220,29039.5,29043.5,29027.5,29043.5,201
2026-07-23 04:17:00.916,29043.5,29047.5,29025,29047.5,3704
2026-07-23 04:17:06.096,29047.5,29051.5,29035.5,29051.5,233
2026-07-23 04:17:22.344,29051.5,29055.5,29039.5,29055.5,387
2026-07-23 04:17:24.368,29055.5,29059.5,29043.5,29059.5,87
2026-07-23 04:23:10.776,29059.5,29061,29031.5,29031.5,4712
2026-07-23 04:23:15.856,29031.5,29043.5,29027.5,29027.5,154
2026-07-23 04:23:30.116,29027.5,29039.5,29023.5,29023.5,366
2026-07-23 04:23:59.584,29023.5,29035.5,29019.5,29019.5,587
2026-07-23 04:26:56.028,29019.5,29047.5,29017.75,29047.5,2467
2026-07-23 04:28:05.416,29047.5,29051.5,29035.5,29051.5,785
2026-07-23 04:30:17.732,29051.5,29055.5,29039.25,29055.5,1502
2026-07-23 04:30:55.440,29055.5,29059.5,29043.5,29059.5,382
2026-07-23 04:40:59.572,29059.5,29062,29031.5,29031.5,5608
2026-07-23 04:50:41.024,29031.5,29059.5,29028.75,29059.5,4820
2026-07-23 04:50:43.076,29059.5,29063.5,29047.5,29063.5,126
2026-07-23 04:52:04.144,29063.5,29067.5,29051.5,29067.5,1018
2026-07-23 04:53:39.996,29067.5,29071.5,29055.5,29071.5,1202
2026-07-23 04:54:12.520,29071.5,29075.5,29059.5,29075.5,453
2026-07-23 04:55:39.196,29075.5,29079.5,29063.5,29079.5,775
2026-07-23 04:56:18.940,29079.5,29083.5,29067.5,29083.5,426
2026-07-23 04:56:24.636,29083.5,29087.5,29071.5,29087.5,222
2026-07-23 04:56:28.096,29087.5,29091.5,29075.5,29091.5,330
2026-07-23 04:56:35.084,29091.5,29095.5,29079.5,29095.5,297
2026-07-23 04:56:42.596,29095.5,29099.5,29083.5,29099.5,208
2026-07-23 04:57:37.220,29099.5,29103.5,29087.5,29103.5,882
2026-07-23 04:59:24.068,29103.5,29107.5,29091.5,29107.5,1508
2026-07-23 05:03:14.420,29107.5,29111.5,29087.25,29111.5,3075
2026-07-23 05:03:17.612,29111.5,29115.5,29099.5,29115.5,181
2026-07-23 05:03:18.612,29115.5,29123.25,29103.5,29119.5,336
2026-07-23 05:03:19.628,29119.5,29129,29107.5,29123.5,345
2026-07-23 05:03:30.440,29123.5,29128,29111.5,29127.5,402
2026-07-23 05:03:32.520,29127.5,29131.5,29115.5,29131.5,150
2026-07-23 05:03:34.192,29131.5,29137.5,29119.5,29135.5,305
2026-07-23 05:09:48.852,29135.5,29137.75,29107.5,29107.5,5606
2026-07-23 05:10:09.528,29107.5,29119.5,29103.5,29103.5,306
2026-07-23 05:11:29.200,29103.5,29115.5,29099.5,29099.5,933
2026-07-23 05:11:30.772,29099.5,29111.5,29095.5,29095.5,112
2026-07-23 05:14:14.060,29095.5,29107.5,29091.5,29091.5,1815
2026-07-23 05:14:39.828,29091.5,29103.5,29087.5,29087.5,320
2026-07-23 05:14:42.508,29087.5,29099.5,29083.5,29083.5,98
2026-07-23 05:15:01.668,29083.5,29095.5,29079.5,29079.5,509
2026-07-23 05:34:06.148,29079.5,29103,29075.5,29075.5,9176
2026-07-23 05:34:12.268,29075.5,29087.5,29071.5,29071.5,183
2026-07-23 05:34:25.648,29071.5,29083.5,29067.5,29067.5,461
2026-07-23 05:50:55.372,29067.5,29087,29063.5,29063.5,7396
2026-07-23 05:51:38.472,29063.5,29075.5,29059.5,29059.5,730
2026-07-23 05:57:50.116,29059.5,29078.5,29055.5,29055.5,3829
2026-07-23 05:58:38.600,29055.5,29067.5,29051.5,29051.5,466
2026-07-23 05:58:44.200,29051.5,29063.5,29047.5,29047.5,221
2026-07-23 06:10:26.560,29047.5,29067.5,29043.5,29043.5,8062
2026-07-23 06:10:34.264,29043.5,29055.5,29039.5,29039.5,193
2026-07-23 06:30:25.592,29039.5,29067.5,29036.75,29067.5,11014
2026-07-23 06:30:26.640,29067.5,29071.5,29055.5,29071.5,363
2026-07-23 06:30:33.352,29071.5,29075.5,29059.5,29075.5,557
2026-07-23 06:30:34.532,29075.5,29081.75,29063.5,29079.5,278
2026-07-23 06:30:39.320,29079.5,29083.5,29067.5,29083.5,251
2026-07-23 06:31:12.804,29083.5,29089,29071,29087.5,1197
2026-07-23 06:31:35.568,29087.5,29091.5,29075.5,29091.5,555
2026-07-23 06:33:05.572,29091.5,29095.5,29079.5,29095.5,1500
2026-07-23 06:33:19.804,29095.5,29099.5,29083.5,29099.5,289
2026-07-23 06:33:50.256,29099.5,29103.5,29087.5,29103.5,616
2026-07-23 06:36:24.688,29103.5,29107.5,29089.75,29107.5,1977
2026-07-23 06:36:29.184,29107.5,29111.5,29095.5,29111.5,188
2026-07-23 06:38:14.432,29111.5,29115.5,29099.5,29115.5,1377
2026-07-23 06:41:01.400,29115.5,29119.5,29103.5,29119.5,1677
2026-07-23 07:00:17.364,29119.5,29122.75,29091.5,29091.5,10260
2026-07-23 07:00:23.968,29091.5,29103.5,29087.5,29087.5,222
2026-07-23 07:01:14.204,29087.5,29099.5,29083.5,29083.5,1025
2026-07-23 07:01:36.060,29083.5,29095.5,29079.5,29079.5,303
2026-07-23 07:01:54.060,29079.5,29091.5,29075.5,29075.5,414
2026-07-23 07:02:00.128,29075.5,29087.5,29071.5,29071.5,203
2026-07-23 07:02:03.984,29071.5,29083.5,29067.5,29067.5,235
2026-07-23 07:02:10.084,29067.5,29079.5,29063.5,29063.5,239
2026-07-23 07:02:12.936,29063.5,29075.5,29059.5,29059.5,113
2026-07-23 07:02:24.792,29059.5,29071.5,29055.5,29055.5,361
2026-07-23 07:05:14.628,29055.5,29070.5,29051.5,29051.5,2862
2026-07-23 07:05:46.316,29051.5,29063.5,29047.5,29047.5,631
2026-07-23 07:06:02.100,29047.5,29059.5,29043.5,29043.5,298
2026-07-23 07:08:01.828,29043.5,29055.5,29039.5,29039.5,1604
2026-07-23 07:08:12.372,29039.5,29051.5,29035.5,29035.5,264
2026-07-23 07:15:05.704,29035.5,29063.5,29033.25,29063.5,5464
2026-07-23 07:15:09.972,29063.5,29067.5,29051.5,29067.5,152
2026-07-23 07:15:10.972,29067.5,29071.75,29055.5,29071.5,134
2026-07-23 07:20:20.592,29071.5,29072,29043.5,29043.5,4099
2026-07-23 07:20:24.904,29043.5,29055.5,29039.5,29039.5,192
2026-07-23 07:20:29.228,29039.5,29051.5,29035.5,29035.5,247
2026-07-23 07:21:10.848,29035.5,29047.5,29031.5,29031.5,959
2026-07-23 07:22:44.988,29031.5,29043.5,29027.5,29027.5,1508
2026-07-23 07:22:46.052,29027.5,29039.5,29022.25,29023.5,231
2026-07-23 07:22:58.148,29023.5,29035.5,29019.5,29019.5,405
2026-07-23 07:23:34.072,29019.5,29031.5,29015.5,29015.5,782
2026-07-23 07:23:57.468,29015.5,29027.5,29011.5,29011.5,450
2026-07-23 07:27:41.712,29011.5,29023.5,29007.5,29007.5,2949
2026-07-23 07:29:00.408,29007.5,29019.5,29003.5,29003.5,1478
2026-07-23 07:29:01.456,29003.5,29015.5,28995.75,28999.5,515
2026-07-23 07:29:02.592,28999.5,29011.5,28995.5,28995.5,47
2026-07-23 07:30:00.748,28995.5,29007.5,28991.5,28991.5,1345
2026-07-23 07:32:24.116,28991.5,29003.5,28987.5,28987.5,3211
2026-07-23 07:32:25.968,28987.5,28999.5,28983.5,28983.5,136
2026-07-23 07:33:50.168,28983.5,28995.5,28979.5,28979.5,1267
2026-07-23 07:33:51.924,28979.5,28991.5,28975.5,28975.5,158
2026-07-23 07:33:53.920,28975.5,28987.5,28971.5,28971.5,235
2026-07-23 07:35:06.948,28971.5,28983.5,28967.5,28967.5,1752
2026-07-23 07:35:07.980,28967.5,28979.5,28960,28963.5,278
2026-07-23 07:35:13.620,28963.5,28975.5,28955.75,28959.5,840
2026-07-23 07:35:15.612,28959.5,28971.5,28955.5,28955.5,146
2026-07-23 07:35:32.536,28955.5,28967.5,28951.5,28951.5,944
2026-07-23 07:35:41.264,28951.5,28963.5,28947.5,28947.5,396
2026-07-23 07:35:42.280,28947.5,28959.5,28937.25,28939.5,326
2026-07-23 07:35:55.688,28939.5,28951.5,28935.5,28935.5,528
2026-07-23 07:36:29.000,28935.5,28947.5,28931.5,28931.5,1189
2026-07-23 07:37:03.964,28931.5,28943.5,28927.5,28927.5,960
2026-07-23 07:37:14.728,28927.5,28939.5,28923.5,28923.5,362
2026-07-23 07:38:39.228,28923.5,28935.5,28919.5,28919.5,2220
2026-07-23 07:40:25.264,28919.5,28936.25,28915.5,28915.5,4005
2026-07-23 07:50:12.880,28915.5,28943.5,28913.25,28943.5,13594
2026-07-23 07:50:17.836,28943.5,28947.5,28931.5,28947.5,219
2026-07-23 07:52:51.736,28947.5,28951.5,28934.25,28951.5,3593
2026-07-23 07:52:52.736,28951.5,28983,28939.5,28979.5,1200
2026-07-23 07:52:58.444,28979.5,28984.25,28951.5,28951.5,1064
2026-07-23 07:56:03.288,28951.5,28966.75,28947.5,28947.5,4422
2026-07-23 07:56:32.540,28947.5,28959.5,28943.5,28943.5,563
2026-07-23 07:59:32.224,28943.5,28971.5,28942,28971.5,3008
2026-07-23 08:05:27.536,28971.5,28973.25,28943.5,28943.5,6642
2026-07-23 08:05:31.380,28943.5,28955.5,28939.5,28939.5,317
2026-07-23 08:05:34.140,28939.5,28951.5,28935.5,28935.5,166
2026-07-23 08:05:43.284,28935.5,28947.5,28931.5,28931.5,499
2026-07-23 08:05:51.552,28931.5,28943.5,28927.5,28927.5,292
2026-07-23 08:08:40.660,28927.5,28942.5,28923.5,28923.5,2871
2026-07-23 08:08:50.144,28923.5,28935.5,28919.5,28919.5,309
2026-07-23 08:15:00.552,28919.5,28942.5,28915.5,28915.5,5549
2026-07-23 08:15:01.564,28915.5,28927.5,28900,28911.5,813
2026-07-23 08:16:49.292,28911.5,28938,28907.5,28907.5,3642
2026-07-23 08:16:50.292,28907.5,28919.5,28880.5,28891.5,1116
2026-07-23 08:17:12.864,28891.5,28919.5,28886,28919.5,2183
2026-07-23 08:19:58.672,28919.5,28920.5,28891.5,28891.5,5109
2026-07-23 08:20:03.912,28891.5,28903.5,28887.5,28887.5,251
2026-07-23 08:20:04.928,28887.5,28899.5,28881.25,28883.5,266
2026-07-23 08:20:52.728,28883.5,28895.5,28879.5,28879.5,1675
2026-07-23 08:24:03.304,28879.5,28899,28875.5,28875.5,4789
2026-07-23 08:24:08.520,28875.5,28887.5,28871.5,28871.5,260
2026-07-23 08:24:23.276,28871.5,28883.5,28867.5,28867.5,645
2026-07-23 08:24:26.112,28867.5,28879.5,28863.5,28863.5,235
2026-07-23 08:28:34.136,28863.5,28879.25,28859.5,28859.5,6429
2026-07-23 08:28:49.020,28859.5,28871.5,28855.5,28855.5,447
2026-07-23 08:30:00.044,28855.5,28870,28851.5,28851.5,1630
2026-07-23 08:30:01.560,28851.5,28863.5,28847.5,28847.5,333
2026-07-23 08:30:14.040,28847.5,28875.5,28844.75,28875.5,579
2026-07-23 08:32:12.352,28875.5,28875.5,28847.5,28847.5,3769
2026-07-23 08:33:05.532,28847.5,28859.5,28843.5,28843.5,1416
2026-07-23 08:33:12.156,28843.5,28855.5,28839.5,28839.5,390
2026-07-23 08:33:14.296,28839.5,28851.5,28835.5,28835.5,257
2026-07-23 08:34:12.076,28835.5,28847.75,28831.5,28831.5,2726
2026-07-23 08:34:26.424,28831.5,28843.5,28827.5,28827.5,768
2026-07-23 08:36:10.384,28827.5,28839.5,28823.5,28823.5,2944
2026-07-23 08:36:19.776,28823.5,28835.5,28819.5,28819.5,543
2026-07-23 08:36:22.912,28819.5,28831.5,28815.5,28815.5,304
2026-07-23 08:36:32.116,28815.5,28827.5,28811.5,28811.5,939
2026-07-23 08:36:49.928,28811.5,28823.5,28807.5,28807.5,786
2026-07-23 08:36:58.008,28807.5,28819.5,28803.5,28803.5,582
2026-07-23 08:37:01.928,28803.5,28815.5,28799.5,28799.5,609
2026-07-23 08:39:22.872,28799.5,28814.75,28794.5,28795.5,6690
2026-07-23 08:39:31.040,28795.5,28807.5,28791.5,28791.5,568
2026-07-23 08:40:04.224,28791.5,28803.5,28787.5,28787.5,1314
2026-07-23 08:40:05.564,28787.5,28799.5,28783.5,28783.5,201
2026-07-23 08:40:17.708,28783.5,28795.5,28779.5,28779.5,703
2026-07-23 08:40:40.012,28779.5,28791.5,28775.5,28775.5,1461
2026-07-23 08:41:39.328,28775.5,28803.5,28774.25,28803.5,3217
2026-07-23 08:41:41.068,28803.5,28807.5,28791.5,28807.5,213
2026-07-23 08:42:38.952,28807.5,28807.5,28779.5,28779.5,2549
2026-07-23 08:42:54.836,28779.5,28791.5,28775.5,28775.5,535
2026-07-23 08:43:06.296,28775.5,28787.5,28771.5,28771.5,740
2026-07-23 08:47:55.928,28771.5,28798.25,28767.5,28767.5,9867
2026-07-23 08:48:21.628,28767.5,28779.5,28763.5,28763.5,1579
2026-07-23 08:48:25.568,28763.5,28775.5,28759.5,28759.5,343
2026-07-23 08:48:56.344,28759.5,28774.5,28755.5,28755.5,2193
2026-07-23 08:49:49.696,28755.5,28783.5,28753.25,28783.5,2800
2026-07-23 08:49:56.104,28783.5,28787.5,28771.5,28787.5,298
2026-07-23 08:50:20.584,28787.5,28791.5,28775.5,28791.5,1078
2026-07-23 08:50:53.876,28791.5,28795.5,28779.5,28795.5,1235
2026-07-23 08:51:15.412,28795.5,28799.5,28783.5,28799.5,1173
2026-07-23 08:53:51.520,28799.5,28803.5,28785,28803.5,6013
2026-07-23 08:58:45.584,28803.5,28805.5,28775.5,28775.5,9354
2026-07-23 09:01:58.388,28775.5,28803.5,28772.75,28803.5,6717
2026-07-23 09:03:28.888,28803.5,28804.75,28775.5,28775.5,4354
2026-07-23 09:03:35.140,28775.5,28787.5,28769,28771.5,587
2026-07-23 09:04:20.068,28771.5,28784.75,28767.5,28767.5,2048
2026-07-23 09:05:03.656,28767.5,28779.5,28763.5,28763.5,2216
2026-07-23 09:05:27.752,28763.5,28775.5,28759.5,28759.5,1188
2026-07-23 09:05:28.844,28759.5,28771.5,28755.5,28755.5,154
2026-07-23 09:05:39.948,28755.5,28767.5,28751.5,28751.5,784
2026-07-23 09:06:10.000,28751.5,28763.5,28744.5,28747.5,1979
2026-07-23 09:06:11.056,28747.5,28759.5,28743.5,28743.5,194
2026-07-23 09:06:34.672,28743.5,28755.5,28739.5,28739.5,1660
2026-07-23 09:08:01.788,28739.5,28767.5,28738,28767.5,5177
2026-07-23 09:09:04.724,28767.5,28774.25,28739.5,28739.5,3649
2026-07-23 09:09:13.636,28739.5,28751.5,28735.5,28735.5,707
2026-07-23 09:09:45.884,28735.5,28747.5,28731.5,28731.5,1571
2026-07-23 09:09:50.292,28731.5,28743.5,28727.5,28727.5,388
2026-07-23 09:10:27.100,28727.5,28739.5,28723.5,28723.5,1899
2026-07-23 09:11:49.184,28723.5,28735.5,28719.5,28719.5,3678
2026-07-23 09:12:09.928,28719.5,28731.5,28715.5,28715.5,1801
2026-07-23 09:17:16.136,28715.5,28739.25,28711.5,28711.5,12211
2026-07-23 09:17:24.476,28711.5,28723.5,28707.5,28707.5,814
2026-07-23 09:19:33.328,28707.5,28721.75,28703.5,28703.5,6355
2026-07-23 09:24:39.464,28703.5,28721.5,28699.5,28699.5,10759
2026-07-23 09:30:02.484,28699.5,28727.5,28695.75,28727.5,16081
2026-07-23 09:30:09.180,28727.5,28727.75,28699.5,28699.5,2055
2026-07-23 09:30:10.196,28699.5,28711.5,28685,28691.5,1309
2026-07-23 09:30:11.196,28691.5,28703.5,28680,28683.5,522
2026-07-23 09:30:37.248,28683.5,28709.25,28677.75,28679.5,6812
2026-07-23 09:30:38.300,28679.5,28691.5,28675.5,28675.5,420
2026-07-23 09:30:40.368,28675.5,28687.5,28671.5,28671.5,729
2026-07-23 09:30:41.372,28671.5,28683.5,28663.75,28667.5,1001
2026-07-23 09:30:42.384,28667.5,28679.5,28661,28663.5,534
2026-07-23 09:30:43.648,28663.5,28675.5,28656,28659.5,767
2026-07-23 09:30:57.208,28659.5,28687.5,28656,28687.5,3698
2026-07-23 09:31:00.348,28687.5,28691.5,28675.5,28691.5,669
2026-07-23 09:31:01.740,28691.5,28695.5,28679.5,28695.5,371
2026-07-23 09:31:03.460,28695.5,28699.5,28683.5,28699.5,650
2026-07-23 09:31:04.460,28699.5,28709.25,28687.5,28707.5,582
2026-07-23 09:31:18.624,28707.5,28711.5,28681,28711.5,4044
2026-07-23 09:31:30.456,28711.5,28715.5,28695.75,28715.5,2767
2026-07-23 09:31:54.192,28715.5,28719.5,28697.25,28719.5,5846
2026-07-23 09:31:55.484,28719.5,28723.5,28707.5,28723.5,373
2026-07-23 09:32:00.552,28723.5,28727.5,28711.5,28727.5,1380
2026-07-23 09:32:02.340,28727.5,28731.5,28715.5,28731.5,818
2026-07-23 09:32:27.368,28731.5,28735.5,28710,28735.5,7172
2026-07-23 09:32:33.740,28735.5,28739.5,28723.5,28739.5,1476
2026-07-23 09:32:34.848,28739.5,28744.5,28727.5,28743.5,515
2026-07-23 09:32:45.324,28743.5,28747.5,28731.5,28747.5,2452
2026-07-23 09:33:01.332,28747.5,28748,28719.5,28719.5,3555
2026-07-23 09:33:24.148,28719.5,28740.25,28715.5,28715.5,5225
2026-07-23 09:33:25.148,28715.5,28727.5,28707,28711.5,532
2026-07-23 09:33:33.804,28711.5,28723.5,28707.5,28707.5,2055
2026-07-23 09:33:36.844,28707.5,28719.5,28703.5,28703.5,721
2026-07-23 09:33:37.844,28703.5,28715.5,28697,28699.5,472
2026-07-23 09:33:39.084,28699.5,28711.5,28693.25,28695.5,694
2026-07-23 09:33:48.332,28695.5,28723.5,28695.25,28723.5,2550
2026-07-23 09:34:00.420,28723.5,28727.5,28711.5,28727.5,2195
2026-07-23 09:34:01.420,28727.5,28735,28715.5,28731.5,371
2026-07-23 09:34:02.424,28731.5,28740,28719.5,28735.5,472
2026-07-23 09:34:05.080,28735.5,28739.5,28723.5,28739.5,554
2026-07-23 09:34:25.072,28739.5,28743.5,28727.5,28743.5,3407
2026-07-23 09:34:40.092,28743.5,28747.5,28731.5,28747.5,2214
2026-07-23 09:34:41.096,28747.5,28753.75,28735.5,28751.5,624
2026-07-23 09:34:44.564,28751.5,28755.5,28739.5,28755.5,762
2026-07-23 09:34:50.996,28755.5,28759.5,28743.5,28759.5,1310
2026-07-23 09:34:58.596,28759.5,28763.5,28747.5,28763.5,1370
2026-07-23 09:35:14.516,28763.5,28767.5,28749.25,28767.5,4814
2026-07-23 09:35:16.920,28767.5,28771.5,28755.5,28771.5,1133
2026-07-23 09:36:00.844,28771.5,28774.75,28743.5,28743.5,8249
2026-07-23 09:36:02.856,28743.5,28755.5,28739.5,28739.5,703
2026-07-23 09:36:29.376,28739.5,28767.5,28735.5,28767.5,5247
2026-07-23 09:36:30.376,28767.5,28772.25,28755.5,28771.5,438
2026-07-23 09:36:31.376,28771.5,28776,28759.5,28775.5,482
2026-07-23 09:36:36.300,28775.5,28779.5,28763.5,28779.5,1629
2026-07-23 09:36:37.568,28779.5,28783.5,28767.5,28783.5,470
2026-07-23 09:36:51.480,28783.5,28787.5,28771.5,28787.5,2926
2026-07-23 09:37:01.252,28787.5,28791.5,28775.5,28791.5,2197
2026-07-23 09:37:11.604,28791.5,28795.5,28777.25,28795.5,2827
2026-07-23 09:37:12.752,28795.5,28800,28783.5,28799.5,708
2026-07-23 09:37:36.376,28799.5,28803.5,28787.5,28803.5,4130
2026-07-23 09:37:41.576,28803.5,28807.5,28791.5,28807.5,1347
2026-07-23 09:38:05.624,28807.5,28811.5,28795.5,28811.5,4757
2026-07-23 09:38:06.628,28811.5,28817.25,28799.5,28815.5,557
2026-07-23 09:38:31.172,28815.5,28817.5,28787.5,28787.5,5901
2026-07-23 09:38:32.944,28787.5,28799.5,28783.5,28783.5,427
2026-07-23 09:38:34.064,28783.5,28795.5,28779.5,28779.5,375
2026-07-23 09:39:09.204,28779.5,28807.5,28777,28807.5,6584
2026-07-23 09:39:34.484,28807.5,28808.75,28779.5,28779.5,4303
2026-07-23 09:40:00.812,28779.5,28807.5,28779.25,28807.5,3983
2026-07-23 09:40:01.824,28807.5,28816.5,28795.5,28811.5,737
2026-07-23 09:40:02.824,28811.5,28820.25,28799.5,28815.5,772
2026-07-23 09:40:12.112,28815.5,28819.75,28803.5,28819.5,2262
2026-07-23 09:41:06.440,28819.5,28824.25,28806.5,28823.5,9490
2026-07-23 09:41:17.096,28823.5,28827.5,28811.5,28827.5,2453
2026-07-23 09:41:39.444,28827.5,28831.5,28815.5,28831.5,3626
2026-07-23 09:42:08.660,28831.5,28835.5,28813.25,28835.5,4609
2026-07-23 09:42:09.660,28835.5,28845.25,28823.5,28843.5,897
2026-07-23 09:42:26.136,28843.5,28847.5,28831.5,28847.5,2995
2026-07-23 09:42:27.140,28847.5,28853,28835.5,28851.5,612
2026-07-23 09:42:30.560,28851.5,28855.5,28839.5,28855.5,712
2026-07-23 09:42:31.708,28855.5,28859.5,28843.5,28859.5,353
2026-07-23 09:42:45.780,28859.5,28863.5,28847,28863.5,3147
2026-07-23 09:43:00.984,28863.5,28867.5,28851.5,28867.5,2470
2026-07-23 09:43:03.708,28867.5,28871.5,28855.5,28871.5,720
2026-07-23 09:43:12.620,28871.5,28875.5,28859.5,28875.5,1836
2026-07-23 09:43:34.236,28875.5,28879.5,28863.25,28879.5,4404
2026-07-23 09:43:35.804,28879.5,28883.5,28867.5,28883.5,419
2026-07-23 09:44:24.832,28883.5,28883.75,28855.5,28855.5,7665
2026-07-23 09:44:35.176,28855.5,28867.5,28851.5,28851.5,1683
2026-07-23 09:45:14.404,28851.5,28870.5,28847.5,28847.5,7031
2026-07-23 09:45:15.772,28847.5,28859.5,28841.5,28843.5,894
2026-07-23 09:45:19.328,28843.5,28855.5,28839.5,28839.5,1156
2026-07-23 09:45:23.280,28839.5,28851.5,28835.5,28835.5,1252
2026-07-23 09:45:39.720,28835.5,28847.5,28831.5,28831.5,2881
2026-07-23 09:45:41.404,28831.5,28843.5,28827.5,28827.5,496
2026-07-23 09:45:42.612,28827.5,28839.5,28823.5,28823.5,372
2026-07-23 09:45:53.240,28823.5,28851.5,28823.25,28851.5,2264
2026-07-23 09:46:02.136,28851.5,28855.5,28839.5,28855.5,2339
2026-07-23 09:46:13.512,28855.5,28858,28827.5,28827.5,2275
2026-07-23 09:46:16.544,28827.5,28839.5,28823.5,28823.5,639
2026-07-23 09:46:34.468,28823.5,28851.5,28820,28851.5,3565
2026-07-23 09:48:05.360,28851.5,28852.25,28823.5,28823.5,11685
2026-07-23 09:48:06.368,28823.5,28835.5,28795,28803.5,2699
2026-07-23 09:48:11.348,28803.5,28815.5,28799.5,28799.5,1462
2026-07-23 09:48:31.568,28799.5,28811.5,28795.5,28795.5,3774
2026-07-23 09:49:00.620,28795.5,28807.5,28791.5,28791.5,4483
2026-07-23 09:49:12.364,28791.5,28805.25,28787.5,28787.5,2336
2026-07-23 09:49:13.860,28787.5,28799.5,28783.5,28783.5,470
2026-07-23 09:49:17.452,28783.5,28795.5,28779.5,28779.5,900
2026-07-23 09:49:18.452,28779.5,28791.5,28770,28771.5,859
2026-07-23 09:49:19.588,28771.5,28783.5,28767.5,28767.5,516
2026-07-23 09:49:30.380,28767.5,28779.5,28763.5,28763.5,3017
2026-07-23 09:49:32.184,28763.5,28775.5,28759.5,28759.5,491
2026-07-23 09:49:34.292,28759.5,28771.5,28755.5,28755.5,755
2026-07-23 09:49:43.752,28755.5,28767.5,28751.25,28751.5,2399
2026-07-23 09:50:32.116,28751.5,28779.5,28748.5,28779.5,10226
2026-07-23 09:51:02.468,28779.5,28787.5,28756,28783.5,5855
2026-07-23 09:51:16.288,28783.5,28784.25,28755.5,28755.5,2557
2026-07-23 09:51:33.592,28755.5,28767.5,28751.5,28751.5,2522
2026-07-23 09:51:34.812,28751.5,28763.5,28747.5,28747.5,432
2026-07-23 09:51:35.812,28747.5,28759.5,28740.75,28743.5,858
2026-07-23 09:51:38.516,28743.5,28755.5,28739.5,28739.5,885
2026-07-23 09:51:39.516,28739.5,28751.5,28735.5,28735.5,467
2026-07-23 09:51:47.948,28735.5,28747.5,28731.5,28731.5,1978
2026-07-23 09:51:49.168,28731.5,28743.5,28727.5,28727.5,334
2026-07-23 09:52:14.244,28727.5,28745.5,28723.5,28723.5,5948
2026-07-23 09:52:19.524,28723.5,28735.5,28719.5,28719.5,1433
2026-07-23 09:52:58.144,28719.5,28747.5,28717.25,28747.5,6756
2026-07-23 09:53:05.532,28747.5,28751.5,28733.25,28751.5,2038
2026-07-23 09:53:19.212,28751.5,28755.5,28735.5,28755.5,2864
2026-07-23 09:53:32.852,28755.5,28759.5,28743.5,28759.5,2408
2026-07-23 09:53:33.876,28759.5,28764.5,28747.5,28763.5,342
2026-07-23 09:53:46.004,28763.5,28769,28747,28767.5,2344
2026-07-23 09:53:50.344,28767.5,28771.5,28755.5,28771.5,843
2026-07-23 09:54:03.072,28771.5,28775.75,28759.5,28775.5,2566
2026-07-23 09:54:05.596,28775.5,28779.5,28763.5,28779.5,569
2026-07-23 09:54:06.600,28779.5,28794,28767.5,28787.5,1003
2026-07-23 09:54:09.348,28787.5,28792.75,28775.5,28791.5,1051
2026-07-23 09:54:11.360,28791.5,28795.5,28779.5,28795.5,497
2026-07-23 09:54:15.552,28795.5,28799.5,28783.5,28799.5,1219
2026-07-23 09:54:16.552,28799.5,28804.75,28787.5,28803.5,514
2026-07-23 09:54:17.552,28803.5,28811.25,28791.5,28807.5,546
2026-07-23 09:54:43.048,28807.5,28811.5,28792,28811.5,5219
2026-07-23 09:54:54.504,28811.5,28815.5,28799.5,28815.5,2615
2026-07-23 09:54:57.592,28815.5,28819.5,28803.5,28819.5,641
2026-07-23 09:55:04.156,28819.5,28823.5,28807.5,28823.5,1910
2026-07-23 09:55:05.556,28823.5,28827.5,28811.5,28827.5,579
2026-07-23 09:55:12.768,28827.5,28832.25,28815.5,28831.5,2334
2026-07-23 09:55:44.616,28831.5,28835.75,28803.5,28803.5,6377
2026-07-23 09:55:59.132,28803.5,28819,28799.5,28799.5,2133
2026-07-23 09:56:01.016,28799.5,28811.5,28794.75,28795.5,670
2026-07-23 09:56:02.024,28795.5,28807.5,28789,28791.5,384
2026-07-23 09:56:03.376,28791.5,28803.5,28787.5,28787.5,474
2026-07-23 09:56:13.432,28787.5,28799.5,28783.5,28783.5,2497
2026-07-23 09:56:15.476,28783.5,28795.5,28779.5,28779.5,475
2026-07-23 09:56:26.708,28779.5,28791.5,28775,28775.5,2139
2026-07-23 09:56:27.816,28775.5,28787.5,28770.25,28771.5,463
2026-07-23 09:56:41.448,28771.5,28783.5,28767.5,28767.5,2681
2026-07-23 09:56:56.288,28767.5,28779.5,28763.5,28763.5,2209
2026-07-23 09:57:00.828,28763.5,28775.5,28759.5,28759.5,853
2026-07-23 09:57:03.736,28759.5,28771.5,28755.5,28755.5,831
2026-07-23 09:57:04.996,28755.5,28767.5,28751.5,28751.5,425
2026-07-23 09:57:09.760,28751.5,28763.5,28747.5,28747.5,1306
2026-07-23 09:57:12.572,28747.5,28759.5,28743.5,28743.5,511
2026-07-23 09:57:17.612,28743.5,28755.5,28739.5,28739.5,989
2026-07-23 09:57:19.876,28739.5,28751.5,28735.5,28735.5,529
2026-07-23 09:57:20.968,28735.5,28747.5,28730.25,28731.5,532
2026-07-23 09:57:22.940,28731.5,28743.5,28727.5,28727.5,652
2026-07-23 09:58:01.988,28727.5,28744.25,28723.5,28723.5,6548
2026-07-23 09:58:08.416,28723.5,28735.5,28719.5,28719.5,1252
2026-07-23 09:58:09.420,28719.5,28731.5,28710,28711.5,904
2026-07-23 09:58:10.608,28711.5,28723.5,28707.25,28707.5,400
2026-07-23 09:58:15.524,28707.5,28719.5,28703.5,28703.5,1387
2026-07-23 09:58:27.740,28703.5,28715.5,28699.5,28699.5,2610
2026-07-23 09:58:58.324,28699.5,28727.5,28696,28727.5,5703
2026-07-23 09:59:01.668,28727.5,28731.5,28715.5,28731.5,681
2026-07-23 09:59:04.048,28731.5,28736,28719.5,28735.5,751
2026-07-23 09:59:57.604,28735.5,28736.5,28707.5,28707.5,6892
2026-07-23 10:00:11.436,28707.5,28735.5,28705.25,28735.5,3584
2026-07-23 10:00:12.444,28735.5,28745.75,28723.5,28739.5,733
2026-07-23 10:00:13.456,28739.5,28746.75,28727.5,28743.5,391
2026-07-23 10:00:17.668,28743.5,28747.5,28731.5,28747.5,1184
2026-07-23 10:00:21.664,28747.5,28751.5,28735.5,28751.5,1148
2026-07-23 10:00:25.224,28751.5,28755.5,28739.5,28755.5,761
2026-07-23 10:00:33.152,28755.5,28759.5,28743.5,28759.5,1615
2026-07-23 10:00:47.456,28759.5,28763.5,28745.25,28763.5,2991
2026-07-23 10:00:51.444,28763.5,28767.5,28751.5,28767.5,765
2026-07-23 10:01:02.164,28767.5,28769.25,28739.5,28739.5,2321
2026-07-23 10:01:03.456,28739.5,28751.5,28734.75,28735.5,468
2026-07-23 10:01:04.456,28735.5,28747.5,28730.75,28731.5,340
2026-07-23 10:01:26.328,28731.5,28743.5,28727.5,28727.5,3718
2026-07-23 10:01:29.652,28727.5,28739.5,28723.5,28723.5,774
2026-07-23 10:01:35.696,28723.5,28735.5,28719.5,28719.5,1145
2026-07-23 10:01:37.476,28719.5,28731.5,28715.5,28715.5,491
2026-07-23 10:01:42.540,28715.5,28727.5,28711.5,28711.5,1191
2026-07-23 10:03:02.760,28711.5,28739.5,28708,28739.5,12144
2026-07-23 10:04:07.088,28739.5,28743.5,28717,28743.5,9143
2026-07-23 10:04:15.468,28743.5,28747.5,28731.5,28747.5,1281
2026-07-23 10:04:18.788,28747.5,28751.5,28735.5,28751.5,695
2026-07-23 10:04:21.096,28751.5,28755.5,28739.5,28755.5,616
2026-07-23 10:04:24.584,28755.5,28759.5,28743.5,28759.5,664
2026-07-23 10:04:30.336,28759.5,28763.5,28747.5,28763.5,1145
2026-07-23 10:05:42.300,28763.5,28767.5,28738.5,28767.5,11361
2026-07-23 10:05:43.308,28767.5,28778,28755.5,28771.5,1197
2026-07-23 10:05:44.592,28771.5,28775.5,28759.5,28775.5,299
2026-07-23 10:05:46.144,28775.5,28779.5,28763.5,28779.5,388
2026-07-23 10:05:47.164,28779.5,28784.25,28767.5,28783.5,386
2026-07-23 10:05:49.408,28783.5,28787.5,28771.5,28787.5,705
2026-07-23 10:05:53.300,28787.5,28791.5,28775.5,28791.5,927
2026-07-23 10:06:26.308,28791.5,28795.5,28777.5,28795.5,7213
2026-07-23 10:07:01.988,28795.5,28801.75,28767.5,28767.5,6382
2026-07-23 10:08:05.056,28767.5,28795.5,28762.75,28795.5,10312
2026-07-23 10:08:16.284,28795.5,28799.25,28767.5,28767.5,2358
2026-07-23 10:08:18.936,28767.5,28779.5,28762.75,28763.5,839
2026-07-23 10:08:19.936,28763.5,28775.5,28753.25,28755.5,649
2026-07-23 10:08:20.940,28755.5,28767.5,28745,28751.5,730
2026-07-23 10:08:22.696,28751.5,28763.5,28747.5,28747.5,630
2026-07-23 10:08:24.088,28747.5,28759.5,28743.5,28743.5,455
2026-07-23 10:08:25.092,28743.5,28755.5,28736,28739.5,478
2026-07-23 10:08:34.356,28739.5,28751.75,28735.5,28735.5,2268
2026-07-23 10:08:35.388,28735.5,28747.5,28731.5,28731.5,426
2026-07-23 10:08:40.140,28731.5,28743.5,28727.5,28727.5,1079
2026-07-23 10:08:45.968,28727.5,28739.5,28723.5,28723.5,1192
2026-07-23 10:08:51.292,28723.5,28735.5,28719.5,28719.5,1260
2026-07-23 10:08:54.088,28719.5,28731.5,28713.25,28715.5,739
2026-07-23 10:08:55.088,28715.5,28727.5,28710.5,28711.5,195
2026-07-23 10:09:02.848,28711.5,28723.5,28707.5,28707.5,1793
2026-07-23 10:09:06.200,28707.5,28719.5,28703.5,28703.5,1198
2026-07-23 10:09:09.212,28703.5,28715.5,28699.5,28699.5,933
2026-07-23 10:09:14.264,28699.5,28711.5,28695.5,28695.5,1403
2026-07-23 10:09:15.264,28695.5,28707.5,28686.75,28691.5,943
2026-07-23 10:09:16.264,28691.5,28703.5,28685.5,28687.5,512
2026-07-23 10:09:17.264,28687.5,28699.5,28680.5,28683.5,492
2026-07-23 10:09:19.700,28683.5,28695.5,28679.5,28679.5,822
2026-07-23 10:09:39.996,28679.5,28707.5,28678,28707.5,4966
2026-07-23 10:09:41.596,28707.5,28711.5,28695.5,28711.5,548
2026-07-23 10:09:42.908,28711.5,28715.5,28699.5,28715.5,376
2026-07-23 10:10:00.228,28715.5,28719.5,28703.5,28719.5,3130
2026-07-23 10:10:01.232,28719.5,28737.5,28707.5,28731.5,918
2026-07-23 10:10:02.312,28731.5,28737.75,28719.5,28735.5,760
2026-07-23 10:10:03.968,28735.5,28739.5,28723.5,28739.5,616
2026-07-23 10:10:08.512,28739.5,28743.5,28727.5,28743.5,1698
2026-07-23 10:10:09.512,28743.5,28750.5,28731.5,28747.5,413
2026-07-23 10:10:13.604,28747.5,28751.5,28735.5,28751.5,1441
2026-07-23 10:10:20.476,28751.5,28756,28723.5,28723.5,1873
2026-07-23 10:10:24.392,28723.5,28735.5,28719.5,28719.5,814
2026-07-23 10:10:25.708,28719.5,28731.5,28715.5,28715.5,366
2026-07-23 10:11:12.852,28715.5,28735.25,28711.5,28711.5,7068
2026-07-23 10:11:13.856,28711.5,28723.5,28703,28707.5,502
2026-07-23 10:11:14.856,28707.5,28719.5,28701.25,28703.5,290
2026-07-23 10:11:17.632,28703.5,28715.5,28699.5,28699.5,662
2026-07-23 10:11:20.588,28699.5,28711.5,28695.5,28695.5,894
2026-07-23 10:11:41.724,28695.5,28723.5,28694.25,28723.5,3397
2026-07-23 10:11:43.212,28723.5,28727.75,28711.5,28727.5,410
2026-07-23 10:11:47.856,28727.5,28731.5,28715.5,28731.5,862
2026-07-23 10:11:56.924,28731.5,28735.5,28719.5,28735.5,1497
2026-07-23 10:11:58.080,28735.5,28739.5,28723.5,28739.5,274
2026-07-23 10:12:01.352,28739.5,28743.5,28727.5,28743.5,638
2026-07-23 10:12:02.576,28743.5,28749,28731.5,28747.5,565
2026-07-23 10:12:08.072,28747.5,28751.5,28735.5,28751.5,1083
2026-07-23 10:12:11.468,28751.5,28755.5,28739.5,28755.5,587
2026-07-23 10:12:12.472,28755.5,28763.75,28743.5,28759.5,657
2026-07-23 10:12:24.908,28759.5,28762,28731.5,28731.5,2501
2026-07-23 10:12:34.436,28731.5,28747.5,28727.5,28727.5,2136
2026-07-23 10:12:59.820,28727.5,28755.5,28727.25,28755.5,3417
2026-07-23 10:13:01.796,28755.5,28759.5,28743.5,28759.5,478
2026-07-23 10:13:02.820,28759.5,28766,28747.5,28763.5,455
2026-07-23 10:13:04.032,28763.5,28770.5,28751.5,28767.5,543
2026-07-23 10:13:25.364,28767.5,28771,28739.5,28739.5,3616
2026-07-23 10:14:16.648,28739.5,28761.25,28735.5,28735.5,6256
2026-07-23 10:14:19.492,28735.5,28747.5,28731.5,28731.5,517
2026-07-23 10:14:30.756,28731.5,28743.5,28727.5,28727.5,1632
2026-07-23 10:14:32.436,28727.5,28739.5,28722.5,28723.5,477
2026-07-23 10:14:44.628,28723.5,28735.5,28719.5,28719.5,2000
2026-07-23 10:14:45.764,28719.5,28731.5,28703.5,28715.5,1380
2026-07-23 10:14:46.768,28715.5,28727.5,28708.25,28711.5,299
2026-07-23 10:14:47.776,28711.5,28723.5,28704.25,28707.5,218
2026-07-23 10:14:48.780,28707.5,28719.5,28695,28703.5,568
2026-07-23 10:14:50.112,28703.5,28715.5,28696.25,28699.5,369
2026-07-23 10:15:01.280,28699.5,28713,28695.5,28695.5,2180
2026-07-23 10:15:22.184,28695.5,28723.5,28691.5,28723.5,3874
2026-07-23 10:15:24.508,28723.5,28727.75,28711.5,28727.5,525
2026-07-23 10:15:50.044,28727.5,28729,28699.5,28699.5,2918
2026-07-23 10:15:51.060,28699.5,28711.5,28694,28695.5,216
2026-07-23 10:15:52.424,28695.5,28707.5,28690.75,28691.5,373
2026-07-23 10:16:15.208,28691.5,28706.5,28687.5,28687.5,3685
2026-07-23 10:16:56.540,28687.5,28715.5,28686.75,28715.5,5540
2026-07-23 10:16:57.588,28715.5,28719.5,28703.5,28719.5,281
2026-07-23 10:17:39.384,28719.5,28723.5,28702.5,28723.5,5364
2026-07-23 10:17:40.400,28723.5,28730,28711.5,28727.5,451
2026-07-23 10:17:49.460,28727.5,28729.25,28699.5,28699.5,1233
2026-07-23 10:17:59.128,28699.5,28727.5,28698,28727.5,1313
2026-07-23 10:18:15.604,28727.5,28733,28715.5,28731.5,2087
2026-07-23 10:18:18.980,28731.5,28735.5,28719.5,28735.5,522
2026-07-23 10:18:20.008,28735.5,28741.25,28723.5,28739.5,368
2026-07-23 10:19:00.144,28739.5,28743.25,28711.5,28711.5,4329
2026-07-23 10:19:15.532,28711.5,28723.5,28707.5,28707.5,1975
2026-07-23 10:19:19.676,28707.5,28719.5,28703.5,28703.5,748
2026-07-23 10:19:48.240,28703.5,28721,28698.25,28699.5,2812
2026-07-23 10:20:49.112,28699.5,28727.5,28695.75,28727.5,5381
2026-07-23 10:21:31.252,28727.5,28731.5,28701.25,28731.5,4068
2026-07-23 10:21:45.928,28731.5,28735.5,28719.5,28735.5,1192
2026-07-23 10:21:49.988,28735.5,28739.5,28723.5,28739.5,538
2026-07-23 10:21:51.000,28739.5,28749.75,28727.5,28743.5,743
2026-07-23 10:21:52.092,28743.5,28749,28731.5,28747.5,242
2026-07-23 10:21:55.280,28747.5,28751.5,28735.5,28751.5,579
2026-07-23 10:21:57.036,28751.5,28755.5,28739.5,28755.5,385
2026-07-23 10:22:01.316,28755.5,28759.5,28743.5,28759.5,780
2026-07-23 10:22:02.568,28759.5,28764,28747.5,28763.5,500
2026-07-23 10:22:36.860,28763.5,28767.5,28745.5,28767.5,4823
2026-07-23 10:22:37.876,28767.5,28777.75,28755.5,28771.5,795
2026-07-23 10:22:38.876,28771.5,28779.25,28759.5,28775.5,407
2026-07-23 10:23:13.364,28775.5,28780,28747.5,28747.5,4463
2026-07-23 10:23:15.136,28747.5,28759.5,28742.5,28743.5,542
2026-07-23 10:23:16.140,28743.5,28755.5,28736.5,28739.5,373
2026-07-23 10:23:41.444,28739.5,28759,28735.5,28735.5,2939
2026-07-23 10:23:57.124,28735.5,28747.5,28731.5,28731.5,1386
2026-07-23 10:24:05.988,28731.5,28743.5,28727.5,28727.5,1278
2026-07-23 10:24:06.988,28727.5,28739.5,28716.75,28719.5,657
2026-07-23 10:24:08.036,28719.5,28731.5,28710.5,28715.5,414
2026-07-23 10:24:09.380,28715.5,28727.5,28710.5,28711.5,225
2026-07-23 10:24:10.464,28711.5,28723.5,28707.5,28707.5,308
2026-07-23 10:24:11.576,28707.5,28719.5,28703.5,28703.5,291
2026-07-23 10:24:13.036,28703.5,28715.5,28698,28699.5,631
2026-07-23 10:24:15.804,28699.5,28711.5,28693,28695.5,1006
2026-07-23 10:24:18.864,28695.5,28707.5,28691.5,28691.5,813
2026-07-23 10:25:24.344,28691.5,28719.5,28689,28719.5,8066
2026-07-23 10:25:25.344,28719.5,28723.75,28707.5,28723.5,297
2026-07-23 10:25:31.564,28723.5,28727.5,28711.5,28727.5,788
2026-07-23 10:25:32.764,28727.5,28731.5,28715.5,28731.5,258
2026-07-23 10:25:34.400,28731.5,28736.5,28719.5,28735.5,488
2026-07-23 10:25:35.664,28735.5,28739.5,28723.5,28739.5,268
2026-07-23 10:26:10.952,28739.5,28742.75,28711.5,28711.5,4458
2026-07-23 10:26:21.684,28711.5,28723.5,28707.5,28707.5,1139
2026-07-23 10:26:23.016,28707.5,28719.5,28703.5,28703.5,226
2026-07-23 10:26:29.100,28703.5,28715.5,28699.5,28699.5,759
2026-07-23 10:26:33.400,28699.5,28711.5,28695.5,28695.5,516
2026-07-23 10:28:05.376,28695.5,28723.5,28694.25,28723.5,9156
2026-07-23 10:28:16.180,28723.5,28727.5,28711.5,28727.5,1309
2026-07-23 10:28:17.208,28727.5,28734.75,28715.5,28731.5,381
2026-07-23 10:28:19.084,28731.5,28738,28719.5,28735.5,444
2026-07-23 10:28:35.128,28735.5,28736,28707.5,28707.5,1594
2026-07-23 10:28:59.052,28707.5,28719.5,28703.5,28703.5,2205
2026-07-23 10:29:52.952,28703.5,28731.5,28700.25,28731.5,4316
2026-07-23 10:29:56.332,28731.5,28735.5,28719.5,28735.5,393
2026-07-23 10:29:58.284,28735.5,28739.5,28723.5,28739.5,281
2026-07-23 10:30:02.476,28739.5,28745.75,28727.5,28743.5,1457
2026-07-23 10:30:03.904,28743.5,28747.5,28731.5,28747.5,336
2026-07-23 10:30:38.272,28747.5,28747.5,28719.5,28719.5,4509
2026-07-23 10:30:49.780,28719.5,28747.5,28717.25,28747.5,1875
2026-07-23 10:31:01.868,28747.5,28748,28719.5,28719.5,1644
2026-07-23 10:31:12.540,28719.5,28747.5,28718.5,28747.5,1379
2026-07-23 10:31:17.444,28747.5,28751.5,28735.5,28751.5,685
2026-07-23 10:31:41.032,28751.5,28752,28723.5,28723.5,2292
2026-07-23 10:31:47.964,28723.5,28735.5,28719.5,28719.5,707
2026-07-23 10:31:55.044,28719.5,28731.5,28715.5,28715.5,911
2026-07-23 10:31:58.292,28715.5,28727.5,28711.5,28711.5,547
2026-07-23 10:32:04.208,28711.5,28723.5,28707.5,28707.5,921
2026-07-23 10:32:15.156,28707.5,28719.5,28703.5,28703.5,1561
2026-07-23 10:32:19.008,28703.5,28715.5,28699.5,28699.5,611
2026-07-23 10:32:35.880,28699.5,28711.5,28695.5,28695.5,2121
2026-07-23 10:32:45.328,28695.5,28707.5,28691.5,28691.5,1140
2026-07-23 10:32:46.332,28691.5,28703.5,28685.5,28687.5,795
2026-07-23 10:32:49.844,28687.5,28699.5,28683.5,28683.5,664
2026-07-23 10:32:52.600,28683.5,28695.5,28679.5,28679.5,681
2026-07-23 10:32:55.008,28679.5,28691.5,28675,28675.5,1215
2026-07-23 10:33:28.084,28675.5,28694.75,28671.5,28671.5,4855
2026-07-23 10:33:29.092,28671.5,28683.5,28665.25,28667.5,711
2026-07-23 10:33:33.592,28667.5,28679.5,28663.5,28663.5,996
2026-07-23 10:33:49.852,28663.5,28676.25,28659.5,28659.5,2756
2026-07-23 10:33:50.856,28659.5,28671.5,28646.75,28651.5,1845
2026-07-23 10:33:53.596,28651.5,28663.5,28647.5,28647.5,930
2026-07-23 10:33:57.996,28647.5,28659.5,28643.5,28643.5,975
2026-07-23 10:34:21.924,28643.5,28671.5,28640,28671.5,5018
2026-07-23 10:34:39.448,28671.5,28675.5,28659.5,28675.5,2572
2026-07-23 10:34:41.820,28675.5,28679.5,28663.5,28679.5,533
2026-07-23 10:35:14.268,28679.5,28680,28651.5,28651.5,5343
2026-07-23 10:35:15.272,28651.5,28663.5,28646.25,28647.5,339
2026-07-23 10:36:28.324,28647.5,28675.5,28646.75,28675.5,8367
2026-07-23 10:37:01.308,28675.5,28679.5,28657.25,28679.5,3484
2026-07-23 10:37:03.456,28679.5,28683.5,28667.5,28683.5,609
2026-07-23 10:37:09.384,28683.5,28687.5,28671.5,28687.5,1410
2026-07-23 10:37:10.384,28687.5,28693.25,28675.5,28691.5,400
2026-07-23 10:37:11.384,28691.5,28698.25,28679.5,28695.5,534
2026-07-23 10:37:17.688,28695.5,28699.5,28683.5,28699.5,1479
2026-07-23 10:37:20.728,28699.5,28703.5,28687.5,28703.5,673
2026-07-23 10:37:21.756,28703.5,28708,28691.5,28707.5,587
2026-07-23 10:37:22.756,28707.5,28716.5,28695.5,28711.5,737
2026-07-23 10:37:23.760,28711.5,28720,28699.5,28719.5,523
2026-07-23 10:37:24.764,28719.5,28727.25,28707.5,28723.5,712
2026-07-23 10:37:25.768,28723.5,28732,28711.5,28727.5,650
2026-07-23 10:37:27.584,28727.5,28731.5,28715.5,28731.5,535
2026-07-23 10:37:46.324,28731.5,28735.5,28719.5,28735.5,3675
2026-07-23 10:37:47.328,28735.5,28743.5,28723.5,28739.5,682
2026-07-23 10:37:49.224,28739.5,28743.5,28727.5,28743.5,657
2026-07-23 10:37:50.224,28743.5,28756,28731.5,28747.5,829
2026-07-23 10:37:51.224,28747.5,28760.75,28735.5,28751.5,1044
2026-07-23 10:37:58.004,28751.5,28755.5,28739.5,28755.5,1581
2026-07-23 10:37:59.832,28755.5,28759.5,28743.5,28759.5,269
2026-07-23 10:38:16.576,28759.5,28762.25,28731.5,28731.5,4441
2026-07-23 10:38:23.132,28731.5,28743.5,28727.5,28727.5,1468
2026-07-23 10:39:26.208,28727.5,28755.5,28723.75,28755.5,10212
2026-07-23 10:39:34.296,28755.5,28759.5,28743.5,28759.5,1498
2026-07-23 10:39:36.864,28759.5,28763.5,28747.5,28763.5,514
2026-07-23 10:40:26.140,28763.5,28767.5,28743,28767.5,8187
2026-07-23 10:40:29.536,28767.5,28772,28755.5,28771.5,1007
2026-07-23 10:40:40.088,28771.5,28773.25,28743.5,28743.5,2328
2026-07-23 10:40:46.364,28743.5,28755.5,28739.5,28739.5,1034
2026-07-23 10:40:51.760,28739.5,28751.5,28735.5,28735.5,976
2026-07-23 10:40:59.036,28735.5,28747.5,28731.5,28731.5,748
2026-07-23 10:41:00.956,28731.5,28743.5,28727.25,28727.5,504
2026-07-23 10:41:04.264,28727.5,28739.5,28723.5,28723.5,677
2026-07-23 10:41:15.328,28723.5,28738,28719,28719.5,2399
2026-07-23 10:41:18.652,28719.5,28731.5,28715.5,28715.5,562
2026-07-23 10:41:33.032,28715.5,28727.5,28711.25,28711.5,2319
2026-07-23 10:41:34.096,28711.5,28723.5,28707.25,28707.5,361
2026-07-23 10:41:35.096,28707.5,28719.5,28698.25,28703.5,723
2026-07-23 10:41:36.096,28703.5,28715.5,28696.5,28699.5,297
2026-07-23 10:41:37.232,28699.5,28711.5,28695.5,28695.5,265
2026-07-23 10:41:39.688,28695.5,28707.5,28691.5,28691.5,610
2026-07-23 10:41:41.012,28691.5,28703.5,28687.5,28687.5,396
2026-07-23 10:41:47.552,28687.5,28699.5,28683.5,28683.5,1546
2026-07-23 10:42:27.176,28683.5,28701.25,28679.5,28679.5,7255
2026-07-23 10:42:28.184,28679.5,28691.5,28675.5,28675.5,318
2026-07-23 10:42:29.288,28675.5,28687.5,28671.5,28671.5,446
2026-07-23 10:42:42.528,28671.5,28683.5,28667.5,28667.5,2136
2026-07-23 10:42:43.648,28667.5,28679.5,28663.5,28663.5,374
2026-07-23 10:42:44.652,28663.5,28675.5,28656.75,28659.5,499
2026-07-23 10:42:51.180,28659.5,28671.5,28655.5,28655.5,1407
2026-07-23 10:43:28.636,28655.5,28673.25,28651.5,28651.5,5684
2026-07-23 10:43:29.636,28651.5,28663.5,28643.25,28647.5,701
2026-07-23 10:43:30.636,28647.5,28659.5,28635.75,28643.5,1290
2026-07-23 10:43:32.280,28643.5,28655.5,28637.5,28639.5,713
2026-07-23 10:43:37.696,28639.5,28651.5,28635.5,28635.5,908
2026-07-23 10:43:38.704,28635.5,28647.5,28629.25,28631.5,552
2026-07-23 10:43:39.704,28631.5,28643.5,28625,28627.5,644
2026-07-23 10:44:30.628,28627.5,28655.5,28626,28655.5,8901
2026-07-23 10:45:43.828,28655.5,28659.5,28632.25,28659.5,10523
2026-07-23 10:45:58.276,28659.5,28660,28631.5,28631.5,1959
2026-07-23 10:46:02.716,28631.5,28643.5,28627.5,28627.5,792
2026-07-23 10:46:24.640,28627.5,28655.5,28627,28655.5,3519
2026-07-23 10:46:38.612,28655.5,28659.5,28643.5,28659.5,1793
2026-07-23 10:47:02.912,28659.5,28663.5,28647,28663.5,2997
2026-07-23 10:47:20.888,28663.5,28667.5,28651.5,28667.5,3988
2026-07-23 10:48:01.536,28667.5,28671,28639.5,28639.5,5895
2026-07-23 10:48:08.552,28639.5,28651.5,28635.5,28635.5,1151
2026-07-23 10:48:19.444,28635.5,28647.5,28631.5,28631.5,1510
2026-07-23 10:48:28.812,28631.5,28643.5,28627.5,28627.5,1201
2026-07-23 10:49:39.272,28627.5,28647.75,28623.5,28623.5,8040
2026-07-23 10:50:26.632,28623.5,28646.5,28617.25,28619.5,7480
2026-07-23 10:50:49.056,28619.5,28631.5,28615.5,28615.5,2737
2026-07-23 10:50:50.204,28615.5,28627.5,28611.5,28611.5,510
2026-07-23 10:51:26.572,28611.5,28623.5,28607.5,28607.5,4888
2026-07-23 10:51:31.476,28607.5,28619.5,28603.5,28603.5,798
2026-07-23 10:51:42.520,28603.5,28615.5,28599.5,28599.5,1912
2026-07-23 10:51:44.968,28599.5,28611.5,28595.5,28595.5,1046
2026-07-23 10:51:45.988,28595.5,28607.5,28591,28591.5,390
2026-07-23 10:51:50.024,28591.5,28603.5,28587.5,28587.5,1162
2026-07-23 10:52:46.000,28587.5,28615.5,28586.75,28615.5,7964
2026-07-23 10:53:29.312,28615.5,28619.75,28587.5,28587.5,5028
2026-07-23 10:54:30.956,28587.5,28602,28583.5,28583.5,5879
2026-07-23 10:54:32.804,28583.5,28595.5,28579.5,28579.5,480
2026-07-23 10:56:59.476,28579.5,28607.5,28577.5,28607.5,15909
2026-07-23 10:57:01.284,28607.5,28611.5,28595.5,28611.5,499
2026-07-23 10:57:02.624,28611.5,28615.5,28599.5,28615.5,459
2026-07-23 11:00:31.012,28615.5,28618.75,28587.5,28587.5,21658
2026-07-23 11:01:05.252,28587.5,28600.5,28583.5,28583.5,3412
2026-07-23 11:01:06.260,28583.5,28595.5,28578.75,28579.5,358
2026-07-23 11:01:10.876,28579.5,28591.5,28575.5,28575.5,838
2026-07-23 11:01:23.400,28575.5,28587.5,28571.5,28571.5,1823
2026-07-23 11:01:29.124,28571.5,28583.5,28567.5,28567.5,1006
2026-07-23 11:04:08.296,28567.5,28590.75,28563.5,28563.5,14811
2026-07-23 11:04:25.484,28563.5,28575.5,28559.5,28559.5,1744
2026-07-23 11:05:37.080,28559.5,28573.25,28555.5,28555.5,5859
2026-07-23 11:06:07.632,28555.5,28567.5,28551.5,28551.5,3383
2026-07-23 11:06:13.772,28551.5,28563.5,28547.5,28547.5,1218
2026-07-23 11:06:16.020,28547.5,28559.5,28543.5,28543.5,541
2026-07-23 11:06:26.644,28543.5,28555.5,28539.5,28539.5,1833
2026-07-23 11:06:39.392,28539.5,28551.5,28535.5,28535.5,1859
2026-07-23 11:07:12.028,28535.5,28547.5,28531.5,28531.5,4296
2026-07-23 11:09:11.896,28531.5,28559.5,28528.75,28559.5,11325
2026-07-23 11:09:39.412,28559.5,28560,28531.5,28531.5,2798
2026-07-23 11:09:48.228,28531.5,28543.5,28527.5,28527.5,1107
2026-07-23 11:10:02.088,28527.5,28539.5,28523.5,28523.5,1778
2026-07-23 11:11:38.508,28523.5,28544.5,28519.5,28519.5,9954
2026-07-23 11:11:53.384,28519.5,28531.5,28515.5,28515.5,1180
2026-07-23 11:11:59.044,28515.5,28527.5,28511.5,28511.5,669
2026-07-23 11:12:16.136,28511.5,28523.5,28507.5,28507.5,2634
2026-07-23 11:12:19.140,28507.5,28519.5,28503.5,28503.5,581
2026-07-23 11:12:30.228,28503.5,28515.5,28499.5,28499.5,2054
2026-07-23 11:12:33.100,28499.5,28511.5,28495.5,28495.5,645
2026-07-23 11:12:39.524,28495.5,28507.5,28491.5,28491.5,930
2026-07-23 11:12:50.868,28491.5,28503.5,28487.5,28487.5,1782
2026-07-23 11:14:26.200,28487.5,28509.75,28483.5,28483.5,10943
2026-07-23 11:15:22.056,28483.5,28511.5,28482.75,28511.5,7234
2026-07-23 11:15:33.500,28511.5,28515.5,28499.5,28515.5,1893
2026-07-23 11:17:13.124,28515.5,28519.5,28498.5,28519.5,10214
2026-07-23 11:17:20.996,28519.5,28523.5,28507.5,28523.5,1258
2026-07-23 11:17:23.136,28523.5,28527.5,28511.5,28527.5,431
2026-07-23 11:17:38.424,28527.5,28531.5,28515.5,28531.5,1925
2026-07-23 11:19:41.204,28531.5,28535.5,28517.25,28535.5,9887
2026-07-23 11:20:02.128,28535.5,28539.5,28523.5,28539.5,1892
2026-07-23 11:20:03.712,28539.5,28543.5,28527.5,28543.5,580
2026-07-23 11:20:11.976,28543.5,28547.5,28531.5,28547.5,1276
2026-07-23 11:20:13.004,28547.5,28552.5,28535.5,28551.5,455
2026-07-23 11:20:14.216,28551.5,28555.5,28539.5,28555.5,350
2026-07-23 11:20:17.444,28555.5,28559.5,28543.5,28559.5,718
2026-07-23 11:20:22.480,28559.5,28563.5,28547.5,28563.5,1239
2026-07-23 11:20:40.040,28563.5,28567.5,28551.5,28567.5,2401
2026-07-23 11:21:30.116,28567.5,28569,28539.5,28539.5,6091
2026-07-23 11:21:35.740,28539.5,28551.5,28535.5,28535.5,615
2026-07-23 11:21:36.760,28535.5,28547.5,28529.5,28531.5,341
2026-07-23 11:21:49.700,28531.5,28543.5,28527.5,28527.5,1265
2026-07-23 11:21:52.728,28527.5,28539.5,28523.5,28523.5,464
2026-07-23 11:21:56.044,28523.5,28535.5,28519.5,28519.5,468
2026-07-23 11:22:03.052,28519.5,28531.5,28515.5,28515.5,1070
2026-07-23 11:22:04.688,28515.5,28527.5,28511.5,28511.5,423
2026-07-23 11:22:47.588,28511.5,28534.5,28507.5,28507.5,6962
2026-07-23 11:22:48.588,28507.5,28519.5,28494,28495.5,1002
2026-07-23 11:22:49.588,28495.5,28507.5,28480,28487.5,1121
2026-07-23 11:22:50.664,28487.5,28499.5,28475.5,28483.5,602
2026-07-23 11:22:51.664,28483.5,28495.5,28461.75,28467.5,1168
2026-07-23 11:22:52.676,28467.5,28479.5,28459,28463.5,643
2026-07-23 11:23:01.672,28463.5,28491.5,28456.5,28491.5,2745
2026-07-23 11:23:04.536,28491.5,28495.5,28479.5,28495.5,563
2026-07-23 11:23:10.688,28495.5,28499.5,28483.5,28499.5,1375
2026-07-23 11:23:19.716,28499.5,28503.5,28487.5,28503.5,1341
2026-07-23 11:24:55.580,28503.5,28507.5,28486.25,28507.5,10654
2026-07-23 11:25:27.848,28507.5,28510,28479.5,28479.5,3650
2026-07-23 11:26:16.956,28479.5,28491.5,28475.5,28475.5,4000
2026-07-23 11:26:26.196,28475.5,28487.5,28471.5,28471.5,1059
2026-07-23 11:26:56.020,28471.5,28483.5,28467.5,28467.5,3602
2026-07-23 11:27:30.816,28467.5,28479.5,28463.5,28463.5,2801
2026-07-23 11:27:57.908,28463.5,28475.5,28459.5,28459.5,1955
2026-07-23 11:28:42.700,28459.5,28480.5,28455.5,28455.5,5380
2026-07-23 11:28:46.780,28455.5,28467.5,28451.5,28451.5,669
2026-07-23 11:30:36.936,28451.5,28476,28447.5,28447.5,11043
2026-07-23 11:31:03.320,28447.5,28459.5,28443.5,28443.5,2237
2026-07-23 11:31:04.700,28443.5,28455.5,28439.5,28439.5,362
2026-07-23 11:31:06.592,28439.5,28451.5,28435.5,28435.5,537
2026-07-23 11:31:43.800,28435.5,28463.5,28432.5,28463.5,4847
2026-07-23 11:31:46.056,28463.5,28467.5,28451.5,28467.5,318
2026-07-23 11:31:47.860,28467.5,28471.5,28455.5,28471.5,393
2026-07-23 11:32:01.696,28471.5,28475.5,28459.5,28475.5,1489
2026-07-23 11:32:02.700,28475.5,28482.75,28463.5,28479.5,470
2026-07-23 11:32:17.812,28479.5,28483.5,28467.5,28483.5,1665
2026-07-23 11:33:41.144,28483.5,28487.5,28466.5,28487.5,6587
2026-07-23 11:34:16.232,28487.5,28491.5,28470.25,28491.5,2754
2026-07-23 11:35:01.856,28491.5,28495.5,28479.25,28495.5,3293
2026-07-23 11:35:09.264,28495.5,28499.5,28483.5,28499.5,915
2026-07-23 11:35:17.328,28499.5,28503.5,28487.5,28503.5,1059
2026-07-23 11:35:20.584,28503.5,28507.5,28491.5,28507.5,448
2026-07-23 11:35:42.008,28507.5,28511.5,28495.5,28511.5,1841
2026-07-23 11:35:51.868,28511.5,28515.5,28499.5,28515.5,886
2026-07-23 11:37:23.068,28515.5,28519.5,28491.5,28519.5,8483
2026-07-23 11:37:24.068,28519.5,28534.5,28507.5,28531.5,1131
2026-07-23 11:37:34.516,28531.5,28535.75,28519.5,28535.5,2131
2026-07-23 11:40:10.192,28535.5,28539.5,28512,28539.5,10764
2026-07-23 11:40:11.224,28539.5,28543.75,28527.5,28543.5,253
2026-07-23 11:40:12.340,28543.5,28547.5,28531.5,28547.5,284
2026-07-23 11:40:17.004,28547.5,28551.5,28535.5,28551.5,686
2026-07-23 11:41:02.692,28551.5,28551.5,28523.5,28523.5,3423
2026-07-23 11:41:17.564,28523.5,28535.5,28519.5,28519.5,1713
2026-07-23 11:42:46.704,28519.5,28547.25,28515.5,28515.5,8049
2026-07-23 11:42:54.064,28515.5,28527.5,28511.5,28511.5,797
2026-07-23 11:42:56.584,28511.5,28523.5,28507.5,28507.5,402
2026-07-23 11:44:28.124,28507.5,28521.75,28503.5,28503.5,6049
2026-07-23 11:44:41.432,28503.5,28515.5,28499.5,28499.5,947
2026-07-23 11:44:58.896,28499.5,28511.5,28495.5,28495.5,1333
2026-07-23 11:45:02.140,28495.5,28507.5,28491.5,28491.5,385
2026-07-23 11:45:11.864,28491.5,28503.5,28487.25,28487.5,1523
2026-07-23 11:45:14.336,28487.5,28499.5,28483.5,28483.5,512
2026-07-23 11:45:18.024,28483.5,28495.5,28479.5,28479.5,548
2026-07-23 11:45:49.424,28479.5,28507.5,28478.5,28507.5,3461
2026-07-23 11:45:50.848,28507.5,28511.5,28495.5,28511.5,292
2026-07-23 11:49:26.208,28511.5,28515.5,28488,28515.5,12980
2026-07-23 11:49:40.356,28515.5,28519.5,28503.5,28519.5,1266
2026-07-23 11:49:48.572,28519.5,28523.5,28507.5,28523.5,909
2026-07-23 11:49:51.264,28523.5,28527.75,28511.5,28527.5,391
2026-07-23 11:50:50.788,28527.5,28531.5,28504,28531.5,4104
2026-07-23 11:51:01.128,28531.5,28535.5,28519.5,28535.5,913
2026-07-23 11:52:25.664,28535.5,28539.5,28512.5,28539.5,5155
2026-07-23 11:54:01.048,28539.5,28543.5,28527.5,28543.5,5754
2026-07-23 11:54:04.356,28543.5,28547.5,28531.5,28547.5,588
2026-07-23 11:54:13.012,28547.5,28551.5,28535.5,28551.5,1020
2026-07-23 11:54:25.136,28551.5,28555.5,28539.5,28555.5,1081
2026-07-23 11:55:07.912,28555.5,28559.5,28543.5,28559.5,3472
2026-07-23 11:55:14.584,28559.5,28563.5,28547.5,28563.5,1006
2026-07-23 11:55:38.488,28563.5,28567.5,28551.5,28567.5,1997
2026-07-23 11:56:06.892,28567.5,28571.5,28555.5,28571.5,1996
2026-07-23 11:56:08.640,28571.5,28576,28559.5,28575.5,513
2026-07-23 11:56:10.460,28575.5,28579.5,28563.5,28579.5,432
2026-07-23 11:57:19.916,28579.5,28583,28551.5,28551.5,5986
2026-07-23 11:58:36.040,28551.5,28579.5,28550.5,28579.5,4270
2026-07-23 11:58:40.684,28579.5,28583.5,28567.5,28583.5,451
2026-07-23 11:59:12.100,28583.5,28587.5,28571.5,28587.5,2164
2026-07-23 12:00:00.048,28587.5,28591.5,28575.5,28591.5,2580
2026-07-23 12:00:55.824,28591.5,28595.5,28577.75,28595.5,4945
2026-07-23 12:01:00.004,28595.5,28599.5,28583.5,28599.5,543
2026-07-23 12:02:11.224,28599.5,28603.5,28573,28603.5,5546
2026-07-23 12:02:12.312,28603.5,28609.25,28591.5,28607.5,586
2026-07-23 12:02:28.732,28607.5,28611.5,28595.5,28611.5,1419
2026-07-23 12:02:40.628,28611.5,28615.5,28599.5,28615.5,1092
2026-07-23 12:02:59.520,28615.5,28619.5,28603.5,28619.5,1461
2026-07-23 12:03:24.544,28619.5,28623.5,28607.5,28623.5,2217
2026-07-23 12:03:25.552,28623.5,28627.5,28611.5,28627.5,220
2026-07-23 12:05:24.712,28627.5,28628,28599.5,28599.5,8401
2026-07-23 12:05:26.696,28599.5,28611.5,28595.5,28595.5,357
2026-07-23 12:05:37.380,28595.5,28607.5,28591.5,28591.5,1282
2026-07-23 12:05:41.024,28591.5,28603.5,28587.5,28587.5,372
2026-07-23 12:05:46.276,28587.5,28599.5,28583.5,28583.5,671
2026-07-23 12:05:53.624,28583.5,28595.5,28579.5,28579.5,892
2026-07-23 12:08:32.256,28579.5,28607.5,28576.5,28607.5,11987
2026-07-23 12:08:51.992,28607.5,28611.5,28595.5,28611.5,1096
2026-07-23 12:08:56.316,28611.5,28615.5,28599.5,28615.5,399
2026-07-23 12:08:58.116,28615.5,28619.5,28603.5,28619.5,259
2026-07-23 12:09:55.752,28619.5,28623.5,28607.5,28623.5,3506
2026-07-23 12:10:10.076,28623.5,28627.5,28611.5,28627.5,979
2026-07-23 12:10:17.240,28627.5,28631.5,28615.5,28631.5,831
2026-07-23 12:11:11.100,28631.5,28635.5,28617.5,28635.5,3475
2026-07-23 12:12:16.868,28635.5,28639.5,28623.5,28639.5,3191
2026-07-23 12:12:19.808,28639.5,28643.5,28627.5,28643.5,863
2026-07-23 12:19:21.656,28643.5,28644.5,28615.5,28615.5,19804
2026-07-23 12:19:23.128,28615.5,28627.5,28611.5,28611.5,277
2026-07-23 12:20:09.400,28611.5,28639.5,28609.5,28639.5,3240
2026-07-23 12:20:13.380,28639.5,28643.5,28627.5,28643.5,532
2026-07-23 12:20:26.480,28643.5,28647.5,28631.5,28647.5,1197
2026-07-23 12:20:29.764,28647.5,28651.5,28635.5,28651.5,584
2026-07-23 12:20:57.432,28651.5,28655.5,28639.5,28655.5,1855
2026-07-23 12:22:35.444,28655.5,28659.5,28643.5,28659.5,5164
2026-07-23 12:22:44.016,28659.5,28663.5,28647.5,28663.5,708
2026-07-23 12:22:49.764,28663.5,28667.5,28651.5,28667.5,611
2026-07-23 12:22:50.800,28667.5,28678.75,28655.5,28671.5,1612
2026-07-23 12:23:21.376,28671.5,28675.5,28659.5,28675.5,2192
2026-07-23 12:23:23.652,28675.5,28679.5,28663.5,28679.5,313
2026-07-23 12:23:24.724,28679.5,28683.5,28667.5,28683.5,309
2026-07-23 12:23:27.196,28683.5,28687.5,28671.5,28687.5,556
2026-07-23 12:23:29.784,28687.5,28691.75,28675.5,28691.5,478
2026-07-23 12:23:32.560,28691.5,28695.5,28679.5,28695.5,507
2026-07-23 12:27:45.804,28695.5,28699.5,28673.5,28699.5,15702
2026-07-23 12:28:56.632,28699.5,28703.5,28687.5,28703.5,3001
2026-07-23 12:29:03.500,28703.5,28707.5,28691.5,28707.5,527
2026-07-23 12:29:05.248,28707.5,28711.5,28695.5,28711.5,441
2026-07-23 12:29:16.124,28711.5,28715.5,28699.5,28715.5,1378
2026-07-23 12:30:48.624,28715.5,28715.5,28687.5,28687.5,6374
2026-07-23 12:35:10.052,28687.5,28707.25,28683.5,28683.5,10859
2026-07-23 12:35:47.740,28683.5,28711.5,28682.25,28711.5,2690
2026-07-23 12:38:39.144,28711.5,28715.5,28694,28715.5,7732
2026-07-23 12:38:50.860,28715.5,28719.5,28703.5,28719.5,1054
2026-07-23 12:38:51.864,28719.5,28726,28707.5,28723.5,630
2026-07-23 12:38:56.068,28723.5,28727.5,28711.5,28727.5,660
2026-07-23 12:38:58.328,28727.5,28731.5,28715.5,28731.5,597
2026-07-23 12:39:03.368,28731.5,28735.5,28719.5,28735.5,737
2026-07-23 12:41:05.444,28735.5,28739,28707.5,28707.5,9297
2026-07-23 12:41:07.924,28707.5,28719.5,28703.5,28703.5,357
2026-07-23 12:41:09.152,28703.5,28715.5,28699.5,28699.5,341
2026-07-23 12:42:07.200,28699.5,28711.5,28695.5,28695.5,3220
2026-07-23 12:42:16.532,28695.5,28707.5,28691.5,28691.5,727
2026-07-23 12:44:50.172,28691.5,28711,28687.5,28687.5,7054
2026-07-23 12:45:00.908,28687.5,28699.5,28683.5,28683.5,967
2026-07-23 12:45:06.200,28683.5,28695.5,28679.5,28679.5,758
2026-07-23 12:45:07.520,28679.5,28691.5,28675.5,28675.5,236
2026-07-23 12:45:08.668,28675.5,28687.5,28671.5,28671.5,419
2026-07-23 12:45:11.696,28671.5,28683.5,28667.5,28667.5,759
2026-07-23 12:45:18.792,28667.5,28679.5,28663.5,28663.5,1030
2026-07-23 12:45:33.996,28663.5,28675.5,28659.5,28659.5,1544
2026-07-23 12:45:37.808,28659.5,28671.5,28655.5,28655.5,569
2026-07-23 12:45:57.272,28655.5,28667.5,28651.5,28651.5,2094
2026-07-23 12:46:00.196,28651.5,28663.5,28647.5,28647.5,436
2026-07-23 12:46:08.004,28647.5,28659.5,28643.5,28643.5,925
2026-07-23 12:47:25.600,28643.5,28655.75,28639.5,28639.5,5981
2026-07-23 12:48:19.980,28639.5,28658.25,28635.5,28635.5,3833
2026-07-23 12:50:00.676,28635.5,28653.5,28631.5,28631.5,5288
2026-07-23 12:50:01.856,28631.5,28643.5,28627,28627.5,483
2026-07-23 12:51:46.840,28627.5,28641.75,28623.5,28623.5,6641
2026-07-23 12:51:47.908,28623.5,28635.5,28618.25,28619.5,253
2026-07-23 12:53:25.808,28619.5,28647.25,28615.5,28615.5,6407
2026-07-23 12:53:33.088,28615.5,28627.5,28611.5,28611.5,752
2026-07-23 12:59:09.604,28611.5,28639.5,28609.5,28639.5,18040
2026-07-23 12:59:22.240,28639.5,28643.5,28627.5,28643.5,854
2026-07-23 13:00:15.860,28643.5,28646.5,28615.5,28615.5,3998
2026-07-23 13:00:41.100,28615.5,28643.5,28615.5,28643.5,2135
2026-07-23 13:00:42.100,28643.5,28650.75,28631.5,28647.5,403
2026-07-23 13:00:43.108,28647.5,28654.5,28635.5,28651.5,342
2026-07-23 13:00:47.944,28651.5,28655.5,28639.5,28655.5,574
2026-07-23 13:00:50.568,28655.5,28659.5,28643.5,28659.5,466
2026-07-23 13:02:12.264,28659.5,28662.75,28631.5,28631.5,5838
2026-07-23 13:02:13.616,28631.5,28643.5,28626.25,28627.5,372
2026-07-23 13:04:40.716,28627.5,28652,28623.5,28623.5,7581
2026-07-23 13:04:42.640,28623.5,28635.5,28619,28619.5,300
2026-07-23 13:04:56.996,28619.5,28631.5,28615.5,28615.5,859
2026-07-23 13:05:02.164,28615.5,28627.5,28611.5,28611.5,405
2026-07-23 13:05:03.424,28611.5,28623.5,28607.5,28607.5,391
2026-07-23 13:05:16.352,28607.5,28619.5,28603.5,28603.5,1660
2026-07-23 13:05:25.548,28603.5,28615.5,28599.5,28599.5,902
2026-07-23 13:05:27.916,28599.5,28611.5,28595.5,28595.5,475
2026-07-23 13:05:29.956,28595.5,28607.5,28591.5,28591.5,373
2026-07-23 13:08:11.660,28591.5,28619.5,28587.75,28619.5,11365
2026-07-23 13:08:18.724,28619.5,28623.5,28607.5,28623.5,712
2026-07-23 13:08:21.288,28623.5,28627.5,28611.5,28627.5,313
2026-07-23 13:09:09.256,28627.5,28628.5,28599.5,28599.5,3051
2026-07-23 13:09:40.548,28599.5,28627.5,28597.25,28627.5,2094
2026-07-23 13:10:03.516,28627.5,28631.5,28615.5,28631.5,1474
2026-07-23 13:10:06.808,28631.5,28635.5,28619.5,28635.5,410
2026-07-23 13:10:22.600,28635.5,28639.5,28623.5,28639.5,1042
2026-07-23 13:10:23.776,28639.5,28643.5,28627.5,28643.5,264
2026-07-23 13:10:31.060,28643.5,28647.5,28631.5,28647.5,674
2026-07-23 13:12:47.984,28647.5,28651.5,28625.75,28651.5,7415
2026-07-23 13:13:19.760,28651.5,28655.5,28639.5,28655.5,1918
2026-07-23 13:17:47.784,28655.5,28658.75,28627.5,28627.5,13229
2026-07-23 13:17:54.344,28627.5,28639.5,28623.5,28623.5,760
2026-07-23 13:18:01.812,28623.5,28635.5,28619.5,28619.5,697
2026-07-23 13:18:07.112,28619.5,28631.5,28615.5,28615.5,523
2026-07-23 13:20:01.032,28615.5,28643.5,28614.25,28643.5,5509
2026-07-23 13:20:03.768,28643.5,28647.5,28631.5,28647.5,256
2026-07-23 13:20:07.108,28647.5,28651.5,28635.5,28651.5,412
2026-07-23 13:20:17.960,28651.5,28656.25,28639.5,28655.5,943
2026-07-23 13:20:18.960,28655.5,28667,28643.5,28663.5,676
2026-07-23 13:20:19.964,28663.5,28671.5,28651.5,28667.5,503
2026-07-23 13:20:30.880,28667.5,28671.5,28655.5,28671.5,1098
2026-07-23 13:21:52.104,28671.5,28674.25,28643.5,28643.5,4843
2026-07-23 13:21:54.608,28643.5,28655.5,28639.5,28639.5,197
2026-07-23 13:22:02.528,28639.5,28651.5,28635.5,28635.5,776
2026-07-23 13:22:04.404,28635.5,28647.5,28631.5,28631.5,281
2026-07-23 13:23:58.156,28631.5,28659.5,28628,28659.5,5157
2026-07-23 13:24:01.632,28659.5,28663.5,28647.5,28663.5,344
2026-07-23 13:24:44.088,28663.5,28667.5,28651.5,28667.5,2185
2026-07-23 13:25:35.236,28667.5,28671.5,28655.5,28671.5,2191
2026-07-23 13:26:01.740,28671.5,28675.5,28659.5,28675.5,1073
2026-07-23 13:30:03.928,28675.5,28677.5,28647.5,28647.5,9080
2026-07-23 13:30:17.728,28647.5,28659.5,28643.5,28643.5,1014
2026-07-23 13:30:18.736,28643.5,28655.5,28636.5,28639.5,331
2026-07-23 13:31:22.040,28639.5,28653.75,28635.5,28635.5,3193
2026-07-23 13:31:40.784,28635.5,28647.5,28631.5,28631.5,1029
2026-07-23 13:31:43.468,28631.5,28643.5,28627.5,28627.5,289
2026-07-23 13:31:44.716,28627.5,28639.5,28621.5,28623.5,392
2026-07-23 13:31:47.012,28623.5,28635.5,28619.5,28619.5,338
2026-07-23 13:32:03.568,28619.5,28631.5,28615.5,28615.5,1147
2026-07-23 13:32:15.064,28615.5,28627.5,28611.5,28611.5,842
2026-07-23 13:32:24.492,28611.5,28623.5,28607.5,28607.5,762
2026-07-23 13:35:46.640,28607.5,28633.25,28603.5,28603.5,9342
2026-07-23 13:35:48.624,28603.5,28615.5,28599.5,28599.5,306
2026-07-23 13:36:00.456,28599.5,28611.5,28595.5,28595.5,904
2026-07-23 13:37:03.348,28595.5,28608,28591.5,28591.5,3227
2026-07-23 13:37:12.604,28591.5,28603.5,28587.5,28587.5,671
2026-07-23 13:40:31.116,28587.5,28602.75,28583.5,28583.5,8238
2026-07-23 13:40:35.196,28583.5,28595.5,28579.5,28579.5,587
2026-07-23 13:40:51.028,28579.5,28591.5,28575.5,28575.5,1234
2026-07-23 13:41:11.472,28575.5,28587.5,28571.5,28571.5,1628
2026-07-23 13:43:35.340,28571.5,28599.5,28571,28599.5,6674
2026-07-23 13:44:06.652,28599.5,28603.5,28587.5,28603.5,1506
2026-07-23 13:45:23.016,28603.5,28607.5,28582,28607.5,4742
2026-07-23 13:45:24.040,28607.5,28611.5,28595.5,28611.5,297
2026-07-23 13:45:43.988,28611.5,28615.5,28599.5,28615.5,1052
2026-07-23 13:45:47.112,28615.5,28619.5,28603.5,28619.5,416
2026-07-23 13:45:48.124,28619.5,28626.25,28607.5,28623.5,395
2026-07-23 13:47:42.584,28623.5,28627.5,28603.5,28627.5,5647
2026-07-23 13:54:03.160,28627.5,28629.75,28599.5,28599.5,15263
2026-07-23 13:55:00.752,28599.5,28612.25,28595.5,28595.5,2224
2026-07-23 13:55:01.832,28595.5,28607.5,28591.5,28591.5,280
2026-07-23 13:55:20.800,28591.5,28603.5,28587.5,28587.5,1098
2026-07-23 13:55:26.344,28587.5,28599.5,28583.5,28583.5,491
2026-07-23 13:56:08.624,28583.5,28595.5,28579.5,28579.5,2041
2026-07-23 13:56:17.580,28579.5,28591.5,28575.5,28575.5,452
2026-07-23 13:56:25.964,28575.5,28587.5,28571.5,28571.5,663
2026-07-23 13:58:11.084,28571.5,28583.75,28567.5,28567.5,4339
2026-07-23 14:00:03.168,28567.5,28579.5,28563.5,28563.5,4236
2026-07-23 14:00:04.316,28563.5,28575.5,28559.5,28559.5,300
2026-07-23 14:01:29.648,28559.5,28579.25,28555.5,28555.5,4944
2026-07-23 14:01:46.860,28555.5,28567.5,28551.5,28551.5,1006
2026-07-23 14:03:06.260,28551.5,28579.5,28551,28579.5,3551
2026-07-23 14:07:17.192,28579.5,28583,28551.5,28551.5,9460
2026-07-23 14:07:29.900,28551.5,28563.5,28547.5,28547.5,996
2026-07-23 14:07:56.648,28547.5,28559.5,28543.5,28543.5,1450
2026-07-23 14:12:33.212,28543.5,28571.5,28542.25,28571.5,9955
2026-07-23 14:12:43.424,28571.5,28575.5,28559.5,28575.5,896
2026-07-23 14:17:52.924,28575.5,28578.25,28547.5,28547.5,12400
2026-07-23 14:24:05.376,28547.5,28575.5,28544.75,28575.5,12828
2026-07-23 14:24:39.956,28575.5,28579.5,28563.5,28579.5,1591
2026-07-23 14:25:11.940,28579.5,28583.5,28567.5,28583.5,1272
2026-07-23 14:27:59.704,28583.5,28584.5,28555.5,28555.5,6322
2026-07-23 14:30:14.328,28555.5,28583.5,28555,28583.5,4575
2026-07-23 14:30:16.064,28583.5,28587.5,28571.5,28587.5,304
2026-07-23 14:32:05.044,28587.5,28591.5,28568,28591.5,4492
2026-07-23 14:34:22.848,28591.5,28595.5,28574.5,28595.5,5162
2026-07-23 14:35:00.332,28595.5,28599.5,28583.5,28599.5,1314
2026-07-23 14:36:23.196,28599.5,28603.25,28571.5,28571.5,4502
2026-07-23 14:36:53.096,28571.5,28583.5,28567.5,28567.5,1515
2026-07-23 14:37:15.672,28567.5,28579.5,28563.5,28563.5,902
2026-07-23 14:37:23.180,28563.5,28575.5,28559.5,28559.5,406
2026-07-23 14:38:51.264,28559.5,28572,28555.5,28555.5,3061
2026-07-23 14:42:10.060,28555.5,28576,28551.5,28551.5,7077
2026-07-23 14:42:25.908,28551.5,28563.5,28547.5,28547.5,744
2026-07-23 14:47:56.248,28547.5,28575.5,28545,28575.5,10912
2026-07-23 14:54:26.668,28575.5,28579,28547.5,28547.5,11298
2026-07-23 14:54:29.332,28547.5,28559.5,28543.5,28543.5,236
2026-07-23 14:54:31.152,28543.5,28555.5,28539.5,28539.5,404
2026-07-23 14:54:54.920,28539.5,28551.5,28535.5,28535.5,1669
2026-07-23 14:54:56.100,28535.5,28547.5,28530.75,28531.5,412
2026-07-23 14:55:12.128,28531.5,28543.5,28527.5,28527.5,1105
2026-07-23 15:00:00.160,28527.5,28555.5,28524.25,28555.5,10439
2026-07-23 15:00:02.088,28555.5,28560.25,28543.5,28559.5,490
2026-07-23 15:00:26.032,28559.5,28563.5,28547.5,28563.5,1713
2026-07-23 15:03:24.716,28563.5,28566.75,28535.5,28535.5,5094
2026-07-23 15:03:27.400,28535.5,28547.5,28531.5,28531.5,210
2026-07-23 15:03:33.176,28531.5,28543.5,28527.5,28527.5,499
2026-07-23 15:03:37.824,28527.5,28539.5,28523.5,28523.5,409
2026-07-23 15:04:00.276,28523.5,28535.5,28519.5,28519.5,1378
2026-07-23 15:04:52.068,28519.5,28531.5,28515.5,28515.5,1933
2026-07-23 15:05:11.480,28515.5,28527.5,28511.5,28511.5,778
2026-07-23 15:08:16.308,28511.5,28528.25,28507.5,28507.5,5869
2026-07-23 15:10:21.716,28507.5,28519.5,28503.5,28503.5,4044
2026-07-23 15:17:01.680,28503.5,28531.5,28501,28531.5,11265
2026-07-23 15:17:39.352,28531.5,28535.5,28519.5,28535.5,1480
2026-07-23 15:17:45.644,28535.5,28539.5,28523.5,28539.5,444
2026-07-23 15:21:06.740,28539.5,28543.5,28513.75,28543.5,7801
2026-07-23 15:21:08.560,28543.5,28547.5,28531.5,28547.5,309
2026-07-23 15:21:23.724,28547.5,28551.5,28535.5,28551.5,730
2026-07-23 15:21:38.380,28551.5,28555.5,28539.5,28555.5,911
2026-07-23 15:22:04.040,28555.5,28559.5,28543.5,28559.5,1370
2026-07-23 15:23:32.028,28559.5,28563.5,28545.25,28563.5,3280
2026-07-23 15:24:02.928,28563.5,28567.5,28551.5,28567.5,1296
2026-07-23 15:24:58.348,28567.5,28571.5,28555.5,28571.5,1543
2026-07-23 15:25:00.720,28571.5,28575.5,28559.5,28575.5,285
2026-07-23 15:25:02.204,28575.5,28579.5,28563.5,28579.5,292
2026-07-23 15:25:14.708,28579.5,28583.5,28567.5,28583.5,1059
2026-07-23 15:25:15.716,28583.5,28587.5,28571.5,28587.5,113
2026-07-23 15:25:20.724,28587.5,28591.5,28575.5,28591.5,469
2026-07-23 15:28:26.456,28591.5,28594.75,28563.5,28563.5,8405
2026-07-23 15:30:38.724,28563.5,28591.5,28561.5,28591.5,6586
2026-07-23 15:30:41.832,28591.5,28595.5,28579.5,28595.5,669
2026-07-23 15:31:33.052,28595.5,28595.5,28567.5,28567.5,3542
2026-07-23 15:31:38.580,28567.5,28579.5,28563.5,28563.5,398
2026-07-23 15:31:40.556,28563.5,28575.5,28559.5,28559.5,261
2026-07-23 15:31:59.676,28559.5,28571.5,28555.5,28555.5,1193
2026-07-23 15:32:03.076,28555.5,28567.5,28551.5,28551.5,402
2026-07-23 15:33:17.004,28551.5,28563.5,28547.5,28547.5,3454
2026-07-23 15:33:18.040,28547.5,28559.5,28543.5,28543.5,349
2026-07-23 15:33:30.512,28543.5,28555.5,28539.5,28539.5,1158
2026-07-23 15:33:32.968,28539.5,28551.5,28535.5,28535.5,289
2026-07-23 15:34:30.272,28535.5,28563.5,28532.5,28563.5,3356
2026-07-23 15:34:36.032,28563.5,28567.5,28551.5,28567.5,364
2026-07-23 15:36:20.524,28567.5,28570.25,28539.5,28539.5,5017
2026-07-23 15:40:35.640,28539.5,28564.5,28535.5,28535.5,9380
2026-07-23 15:41:13.252,28535.5,28547.5,28531.5,28531.5,1155
2026-07-23 15:42:10.044,28531.5,28543.5,28527.5,28527.5,2237
2026-07-23 15:42:12.028,28527.5,28539.5,28523.5,28523.5,247
2026-07-23 15:42:15.068,28523.5,28535.5,28519.5,28519.5,351
2026-07-23 15:42:33.696,28519.5,28531.5,28515.5,28515.5,1175
2026-07-23 15:42:57.496,28515.5,28527.5,28511.5,28511.5,1055
2026-07-23 15:43:11.236,28511.5,28523.5,28507.5,28507.5,751
2026-07-23 15:44:24.592,28507.5,28519.5,28503.5,28503.5,3107
2026-07-23 15:46:08.692,28503.5,28515.5,28499.5,28499.5,4669
2026-07-23 15:46:09.844,28499.5,28511.5,28495.5,28495.5,286
2026-07-23 15:46:15.500,28495.5,28507.5,28491.5,28491.5,674
2026-07-23 15:47:06.600,28491.5,28503.5,28487.5,28487.5,2645
2026-07-23 15:50:00.116,28487.5,28515.5,28485.75,28515.5,9001
2026-07-23 15:50:01.156,28515.5,28534.75,28503.5,28531.5,1283
2026-07-23 15:50:02.528,28531.5,28540.75,28519.5,28535.5,790
2026-07-23 15:50:04.676,28535.5,28539.5,28523.5,28539.5,606
2026-07-23 15:50:09.264,28539.5,28546.5,28527.5,28543.5,1056
2026-07-23 15:52:40.092,28543.5,28545.25,28515.5,28515.5,12004
2026-07-23 15:52:48.536,28515.5,28527.5,28510.5,28511.5,828
2026-07-23 15:54:00.244,28511.5,28525.5,28507.5,28507.5,4517
2026-07-23 15:54:40.060,28507.5,28535.5,28505,28535.5,4307
2026-07-23 15:55:00.048,28535.5,28539.5,28523.5,28539.5,1345
2026-07-23 15:55:01.068,28539.5,28561.5,28527.5,28555.5,1178
2026-07-23 15:55:06.080,28555.5,28561,28543.5,28559.5,958
2026-07-23 15:55:07.300,28559.5,28563.5,28547.5,28563.5,170
2026-07-23 15:55:21.988,28563.5,28567.5,28551.5,28567.5,1414
2026-07-23 15:55:24.140,28567.5,28571.5,28555.5,28571.5,299
2026-07-23 15:55:35.956,28571.5,28575.5,28559.5,28575.5,830
2026-07-23 15:56:05.912,28575.5,28579.5,28563.5,28579.5,1841
2026-07-23 15:56:17.152,28579.5,28583.5,28567.5,28583.5,666
2026-07-23 15:56:19.584,28583.5,28587.5,28571.5,28587.5,230
2026-07-23 15:57:03.072,28587.5,28591.5,28575.5,28591.5,2235
2026-07-23 15:57:40.168,28591.5,28595.5,28579.5,28595.5,1895
2026-07-23 15:57:44.492,28595.5,28599.5,28583.5,28599.5,340
2026-07-23 15:57:48.372,28599.5,28603.5,28587.5,28603.5,343
2026-07-23 15:58:00.148,28603.5,28607.5,28591.5,28607.5,994
2026-07-23 15:58:01.148,28607.5,28613,28595.5,28611.5,329
2026-07-23 15:58:02.544,28611.5,28615.5,28599.5,28615.5,180
2026-07-23 15:58:06.036,28615.5,28619.5,28603.5,28619.5,370
2026-07-23 15:58:19.348,28619.5,28623.5,28607.5,28623.5,1222
2026-07-23 15:58:21.316,28623.5,28627.5,28611.5,28627.5,222
2026-07-23 15:59:07.944,28627.5,28631.5,28615.5,28631.5,5108
2026-07-23 16:00:09.060,28631.5,28635.5,28606.25,28635.5,10271
2026-07-23 16:00:10.064,28635.5,28642.5,28623.5,28639.5,530
2026-07-23 16:00:15.020,28639.5,28643.5,28627.5,28643.5,696
2026-07-23 16:00:22.744,28643.5,28647.5,28631.5,28647.5,804
2026-07-23 16:00:23.864,28647.5,28651.5,28635.5,28651.5,207
2026-07-23 16:00:35.032,28651.5,28655.5,28639.5,28655.5,1366
2026-07-23 16:00:37.068,28655.5,28659.5,28643.5,28659.5,303
2026-07-23 16:00:38.076,28659.5,28666,28647.5,28663.5,299
2026-07-23 16:00:39.080,28663.5,28667.5,28651.5,28667.5,178
2026-07-23 16:00:52.136,28667.5,28671.5,28650.25,28671.5,1753
2026-07-23 16:00:53.136,28671.5,28676,28659.5,28675.5,218
2026-07-23 16:00:57.192,28675.5,28681.25,28663.5,28679.5,677
2026-07-23 16:01:17.032,28679.5,28683.5,28662.75,28683.5,2294
2026-07-23 16:01:20.424,28683.5,28687.75,28671.5,28687.5,378
2026-07-23 16:01:23.708,28687.5,28691.5,28675.5,28691.5,349
2026-07-23 16:01:28.520,28691.5,28694.75,28663.5,28663.5,959
2026-07-23 16:01:30.128,28663.5,28675.5,28659.5,28659.5,234
2026-07-23 16:01:31.248,28659.5,28671.5,28652.25,28655.5,211
2026-07-23 16:01:39.568,28655.5,28683.5,28653.5,28683.5,853
2026-07-23 16:02:01.360,28683.5,28687.5,28671.5,28687.5,1584
2026-07-23 16:02:04.248,28687.5,28691.5,28675.5,28691.5,234
2026-07-23 16:02:08.944,28691.5,28695.5,28679.5,28695.5,705
2026-07-23 16:02:25.908,28695.5,28696.25,28667.5,28667.5,1728
2026-07-23 16:03:06.112,28667.5,28695.5,28664.75,28695.5,2232
2026-07-23 16:03:08.780,28695.5,28699.5,28683.5,28699.5,308
2026-07-23 16:03:11.272,28699.5,28703.5,28687.5,28703.5,314
2026-07-23 16:03:12.832,28703.5,28707.5,28691.5,28707.5,198
2026-07-23 16:03:13.832,28707.5,28714.75,28695.5,28711.5,264
2026-07-23 16:03:20.644,28711.5,28718.5,28699.5,28715.5,1161
2026-07-23 16:03:21.652,28715.5,28719.5,28703.5,28719.5,87
2026-07-23 16:03:27.956,28719.5,28723.5,28707.5,28723.5,769
2026-07-23 16:10:29.256,28723.5,28727.5,28699.75,28727.5,17915
2026-07-23 16:11:23.440,28727.5,28731.5,28715.5,28731.5,1854
2026-07-23 16:12:07.012,28731.5,28735.5,28719.5,28735.5,1447
2026-07-23 16:12:10.128,28735.5,28739.5,28723.5,28739.5,351
2026-07-23 16:12:17.376,28739.5,28743.5,28727.5,28743.5,671
2026-07-23 16:16:31.676,28743.5,28747.5,28718,28747.5,8919
2026-07-23 16:18:18.128,28747.5,28752,28735.5,28751.5,2933
2026-07-23 16:18:31.228,28751.5,28755.5,28739.5,28755.5,469
2026-07-23 16:20:11.740,28755.5,28759.5,28743.5,28759.5,2467
2026-07-23 16:20:19.588,28759.5,28763.5,28747.5,28763.5,362
2026-07-23 16:20:28.168,28763.5,28767.5,28751.5,28767.5,456
2026-07-23 16:25:04.108,28767.5,28771.5,28749,28771.5,5641
2026-07-23 16:25:23.976,28771.5,28775.5,28759.5,28775.5,510
2026-07-23 16:32:38.720,28775.5,28779.5,28755.75,28779.5,8452
2026-07-23 16:40:41.216,28779.5,28782,28751.5,28751.5,6046
2026-07-23 16:41:01.176,28751.5,28763.5,28747.5,28747.5,393
2026-07-23 16:42:19.044,28747.5,28759.5,28743.5,28743.5,1135
2026-07-23 16:42:29.372,28743.5,28755.5,28739.5,28739.5,296
2026-07-23 16:43:02.424,28739.5,28751.5,28735.5,28735.5,874
2026-07-23 16:44:03.368,28735.5,28747.5,28731.5,28731.5,1036
2026-07-23 16:44:04.840,28731.5,28743.5,28727.5,28727.5,150
2026-07-23 16:59:59.964,28727.5,28747,28725.25,28740.75,7686
2026-07-23 18:00:13.112,28708,28709.5,28692,28692,858
2026-07-23 18:00:16.308,28692,28704,28688,28688,158
2026-07-23 18:01:15.364,28688,28700.25,28684,28684,1061
2026-07-23 18:01:22.160,28684,28696,28680,28680,231
2026-07-23 18:01:23.260,28680,28692,28670.5,28676,287
2026-07-23 18:01:27.712,28676,28688,28672,28672,95
2026-07-23 18:01:29.828,28672,28684,28668,28668,71
2026-07-23 18:01:32.896,28668,28680,28664,28664,116
2026-07-23 18:01:44.420,28664,28676,28660,28660,327
2026-07-23 18:05:00.164,28660,28682.75,28656,28656,3164
2026-07-23 18:05:24.036,28656,28668,28652,28652,404
2026-07-23 18:10:18.248,28652,28672.5,28648,28648,2873
2026-07-23 18:10:58.820,28648,28660,28644,28644,608
2026-07-23 18:11:14.576,28644,28656,28640,28640,350
2026-07-23 18:13:40.944,28640,28652,28636,28636,1787
2026-07-23 18:18:39.860,28636,28648,28632,28632,2715
2026-07-23 18:19:19.352,28632,28644,28628,28628,339
2026-07-23 18:19:29.720,28628,28640,28624,28624,243
2026-07-23 18:22:15.116,28624,28652,28622,28652,2440
2026-07-23 18:22:17.596,28652,28656,28640,28656,125
2026-07-23 18:22:19.364,28656,28660,28644,28660,175
2026-07-23 18:23:14.196,28660,28664,28648,28664,891
2026-07-23 18:23:18.860,28664,28668,28652,28668,117
2026-07-23 18:24:25.888,28668,28672,28656,28672,880
2026-07-23 18:24:26.948,28672,28676,28660,28676,96
2026-07-23 18:30:25.424,28676,28680,28652.5,28680,4401
2026-07-23 18:30:39.460,28680,28684,28668,28684,346
2026-07-23 18:31:20.192,28684,28688.25,28672,28688,1038
2026-07-23 18:31:34.232,28688,28692,28676,28692,423
2026-07-23 18:46:03.316,28692,28696,28666.25,28696,7293
2026-07-23 18:46:05.812,28696,28700,28684,28700,296
2026-07-23 18:46:07.356,28700,28704,28688,28704,157
2026-07-23 18:54:49.072,28704,28708,28692,28708,4595
2026-07-23 18:55:08.724,28708,28712,28696,28712,371
2026-07-23 18:55:13.680,28712,28716,28700,28716,279
2026-07-23 18:55:21.092,28716,28720,28704,28720,255
2026-07-23 18:55:22.672,28720,28724,28708,28724,143
2026-07-23 18:58:50.212,28724,28728,28712,28728,2086
2026-07-23 18:59:40.112,28728,28732,28716,28732,526
2026-07-23 19:04:27.912,28732,28734.75,28704,28704,4032
2026-07-23 19:04:36.064,28704,28716,28700,28700,222
2026-07-23 19:08:00.192,28700,28712.5,28696,28696,3231
2026-07-23 19:08:08.152,28696,28708,28692,28692,284
2026-07-23 19:12:26.316,28692,28705,28688,28688,2697
2026-07-23 19:31:43.404,28688,28708.5,28684,28684,9401
2026-07-23 19:39:26.692,28684,28697,28679.5,28680,3571
2026-07-23 19:39:41.512,28680,28692,28676,28676,600
2026-07-23 19:40:14.044,28676,28688,28672,28672,583
2026-07-23 19:40:15.988,28672,28684,28668,28668,257
2026-07-23 19:40:19.384,28668,28680,28664,28664,218
2026-07-23 19:42:34.344,28664,28692,28658.75,28692,2902
2026-07-23 19:42:36.952,28692,28696,28680,28696,328
2026-07-23 19:45:17.448,28696,28700,28678.25,28700,2593
2026-07-23 19:45:28.104,28700,28704,28688,28704,720
2026-07-23 19:45:40.348,28704,28708,28692,28708,502
2026-07-23 19:47:35.476,28708,28710.75,28680,28680,2584
2026-07-23 19:48:14.780,28680,28692,28676,28676,835
2026-07-23 19:50:49.432,28676,28693.75,28672,28672,1808
2026-07-23 19:51:42.276,28672,28684,28668,28668,886
2026-07-23 19:54:02.864,28668,28680,28664,28664,1861
2026-07-23 19:54:50.156,28664,28676,28660,28660,835
2026-07-23 19:58:28.496,28660,28688,28655.5,28688,3156
2026-07-23 19:58:42.880,28688,28692,28676,28692,265
2026-07-23 20:00:00.916,28692,28696,28673.25,28696,1539
2026-07-23 20:01:12.684,28696,28700.5,28679.25,28700,2405
2026-07-23 20:01:14.336,28700,28704.25,28688,28704,205
2026-07-23 20:01:15.540,28704,28708,28692,28708,152
2026-07-23 20:01:16.548,28708,28715.75,28696,28712,258
2026-07-23 20:01:23.124,28712,28716.25,28700,28716,450
2026-07-23 20:01:29.076,28716,28720,28704,28720,437
2026-07-23 20:01:31.568,28720,28724,28708,28724,220
2026-07-23 20:02:22.732,28724,28725,28696,28696,2337
2026-07-23 20:02:24.784,28696,28708,28692,28692,92
2026-07-23 20:03:09.456,28692,28710.5,28688,28688,2295
2026-07-23 20:03:10.492,28688,28700,28683.5,28684,117
2026-07-23 20:03:26.420,28684,28696,28680,28680,519
2026-07-23 20:04:12.608,28680,28692,28676,28676,1114
2026-07-23 20:04:24.092,28676,28688,28672,28672,359
2026-07-23 20:04:41.184,28672,28684,28668,28668,725
2026-07-23 20:04:45.020,28668,28680,28664,28664,196
2026-07-23 20:04:55.084,28664,28676,28660,28660,486
2026-07-23 20:04:57.352,28660,28672,28656,28656,216
2026-07-23 20:05:09.528,28656,28668,28652,28652,801
2026-07-23 20:05:12.684,28652,28664,28648,28648,305
2026-07-23 20:05:23.108,28648,28660,28644,28644,687
2026-07-23 20:06:08.048,28644,28656,28640,28640,1733
2026-07-23 20:06:52.276,28640,28668,28636.5,28668,2634
2026-07-23 20:07:43.036,28668,28671.75,28640,28640,1586
2026-07-23 20:07:45.828,28640,28652,28636,28636,108
2026-07-23 20:08:16.704,28636,28648,28632,28632,826
2026-07-23 20:09:45.824,28632,28644,28628,28628,2034
2026-07-23 20:10:42.240,28628,28650,28624,28624,2030
2026-07-23 20:11:17.640,28624,28636,28620,28620,1128
2026-07-23 20:16:07.928,28620,28647.75,28616,28616,7751
2026-07-23 20:18:41.116,28616,28644,28615.5,28644,3647
2026-07-23 20:18:42.788,28644,28648.25,28632,28648,103
2026-07-23 20:18:43.792,28648,28653.5,28636,28652,201
2026-07-23 20:18:44.804,28652,28660.25,28640,28656,421
2026-07-23 20:19:39.796,28656,28658.75,28628,28628,1580
2026-07-23 20:20:12.748,28628,28640,28624,28624,609
2026-07-23 20:21:11.504,28624,28652,28622,28652,1206
2026-07-23 20:21:19.592,28652,28656,28640,28656,335
2026-07-23 20:21:22.116,28656,28660,28644,28660,208
2026-07-23 20:21:23.200,28660,28665.25,28648,28664,149
2026-07-23 20:23:34.440,28664,28668,28643.75,28668,3198
2026-07-23 20:23:35.464,28668,28677.5,28656,28672,379
2026-07-23 20:23:36.468,28672,28679,28660,28676,193
2026-07-23 20:23:38.756,28676,28680,28664,28680,168
2026-07-23 20:27:03.216,28680,28683.75,28652,28652,5036
2026-07-23 20:27:41.792,28652,28664,28648,28648,858
2026-07-23 20:28:09.056,28648,28660,28644,28644,461
2026-07-23 20:28:14.872,28644,28656,28640,28640,270
2026-07-23 20:30:21.336,28640,28652,28636,28636,2073
2026-07-23 20:30:55.612,28636,28648,28632,28632,583
2026-07-23 20:31:06.492,28632,28644,28628,28628,222
2026-07-23 20:31:37.092,28628,28640,28624,28624,713
2026-07-23 20:39:13.024,28624,28652,28620.5,28652,7141
2026-07-23 20:39:16.932,28652,28656,28640,28656,192
2026-07-23 20:39:22.344,28656,28660,28644,28660,256
2026-07-23 20:39:27.744,28660,28664,28648,28664,277
2026-07-23 20:42:39.172,28664,28668,28643,28668,3770
2026-07-23 20:42:48.272,28668,28672,28656,28672,402
2026-07-23 20:42:55.500,28672,28676,28660,28676,387
2026-07-23 20:48:38.784,28676,28680,28650,28680,7015
2026-07-23 20:53:46.748,28680,28680,28652,28652,4261
2026-07-23 20:53:59.720,28652,28664,28648,28648,454
2026-07-23 20:54:02.724,28648,28660,28644,28644,178
2026-07-23 20:54:06.564,28644,28656,28640,28640,358
2026-07-23 20:54:31.196,28640,28652,28636,28636,630
2026-07-23 20:55:13.024,28636,28648,28632,28632,692
2026-07-23 20:55:14.144,28632,28644,28626.75,28628,202
2026-07-23 20:56:48.696,28628,28656,28626.5,28656,2140
2026-07-23 20:56:54.884,28656,28660,28644,28660,266
2026-07-23 20:57:24.656,28660,28664,28648,28664,689
2026-07-23 20:58:03.092,28664,28668,28652,28668,657
2026-07-23 20:58:09.556,28668,28672,28656,28672,191
2026-07-23 21:00:00.196,28672,28676,28660,28676,1710
2026-07-23 21:00:01.300,28676,28680,28664,28680,160
2026-07-23 21:01:09.888,28680,28684,28663.5,28684,2324
2026-07-23 21:01:59.800,28684,28688,28672,28688,1340
2026-07-23 21:03:18.860,28688,28689.25,28660,28660,2276
2026-07-23 21:04:52.836,28660,28688,28656,28688,2120
2026-07-23 21:05:02.700,28688,28692,28676,28692,543
2026-07-23 21:05:35.608,28692,28696,28680,28696,1029
2026-07-23 21:05:38.328,28696,28700,28684,28700,170
2026-07-23 21:11:14.252,28700,28701.75,28672,28672,6735
2026-07-23 21:12:16.624,28672,28684.5,28668,28668,1189
2026-07-23 21:14:41.556,28668,28683.25,28664,28664,2135
2026-07-23 21:14:50.772,28664,28676,28660,28660,457
2026-07-23 21:15:33.584,28660,28672,28656,28656,942
2026-07-23 21:18:46.364,28656,28683.75,28652,28652,4194
2026-07-23 21:23:15.072,28652,28672.75,28648,28648,4774
2026-07-23 21:23:30.988,28648,28660,28644,28644,378
2026-07-23 21:25:43.376,28644,28672,28641,28672,2738
2026-07-23 21:25:51.020,28672,28676,28660,28676,312
2026-07-23 21:25:53.724,28676,28680,28664,28680,114
2026-07-23 21:26:14.800,28680,28684,28668,28684,636
2026-07-23 21:26:35.396,28684,28688,28672,28688,608
2026-07-23 21:27:48.588,28688,28692,28676,28692,1277
2026-07-23 21:29:03.592,28692,28693.25,28664,28664,1909
2026-07-23 21:29:51.524,28664,28676,28660,28660,1044
2026-07-23 21:29:54.412,28660,28672,28656,28656,120
2026-07-23 21:30:31.928,28656,28668,28652,28652,1075
2026-07-23 21:31:54.848,28652,28669,28648,28648,1603
2026-07-23 21:33:50.496,28648,28676,28646.5,28676,2067
2026-07-23 21:33:54.440,28676,28680,28664,28680,172
2026-07-23 21:34:21.784,28680,28684,28668,28684,642
2026-07-23 21:39:52.196,28684,28685.25,28656,28656,5424
2026-07-23 21:40:30.972,28656,28668,28652,28652,625
2026-07-23 21:40:34.864,28652,28664,28648,28648,157
2026-07-23 21:42:08.804,28648,28676,28645.25,28676,1903
2026-07-23 21:44:07.040,28676,28680,28661.5,28680,1611
2026-07-23 21:44:10.632,28680,28684,28668,28684,93
2026-07-23 21:49:04.416,28684,28684.5,28656,28656,3417
2026-07-23 21:49:06.532,28656,28668,28652,28652,85
2026-07-23 21:49:38.984,28652,28664,28648,28648,417
2026-07-23 21:49:58.640,28648,28660,28644,28644,358
2026-07-23 21:50:00.936,28644,28656,28640,28640,197
2026-07-23 21:50:17.708,28640,28652,28636,28636,639
2026-07-23 21:52:16.028,28636,28648,28632,28632,1972
2026-07-23 21:56:48.512,28632,28652,28628,28628,4194
2026-07-23 21:57:02.196,28628,28640,28624,28624,577
2026-07-23 21:58:00.524,28624,28636,28620,28620,843
2026-07-23 21:58:01.556,28620,28632,28611.25,28616,551
2026-07-23 21:58:12.008,28616,28628,28612,28612,431
2026-07-23 22:01:12.332,28612,28624,28608,28608,3352
2026-07-23 22:04:55.656,28608,28622.75,28604,28604,3270
2026-07-23 22:05:06.124,28604,28616,28600,28600,636
2026-07-23 22:06:08.960,28600,28612,28596,28596,1479
2026-07-23 22:10:11.788,28596,28624,28593.75,28624,3729
2026-07-23 22:11:30.292,28624,28628,28608.5,28628,2078
2026-07-23 22:11:53.436,28628,28632,28616,28632,507
2026-07-23 22:15:32.388,28632,28632,28604,28604,3165
2026-07-23 22:18:47.052,28604,28625,28600,28600,2931
2026-07-23 22:20:12.360,28600,28614.5,28596,28596,1147
2026-07-23 22:21:39.928,28596,28608,28592,28592,1046
2026-07-23 22:22:29.588,28592,28604,28588,28588,1626
2026-07-23 22:25:42.168,28588,28616,28586.25,28616,2865
2026-07-23 22:25:54.424,28616,28620,28604,28620,362
2026-07-23 22:29:50.268,28620,28623.75,28592,28592,3991
2026-07-23 22:30:10.032,28592,28604,28588,28588,496
2026-07-23 22:30:14.512,28588,28600,28583,28584,398
2026-07-23 22:32:13.120,28584,28598.75,28580,28580,2210
2026-07-23 22:33:42.336,28580,28592,28576,28576,1547
2026-07-23 22:33:53.556,28576,28588,28572,28572,365
2026-07-23 22:35:25.480,28572,28584,28568,28568,1252
2026-07-23 22:35:34.312,28568,28580,28564,28564,190
2026-07-23 22:36:16.572,28564,28576,28560,28560,1325
2026-07-23 22:37:13.008,28560,28572,28553.5,28556,1446
2026-07-23 22:39:54.956,28556,28568,28552,28552,2451
2026-07-23 22:43:49.568,28552,28564,28548,28548,2860
2026-07-23 22:45:32.216,28548,28560,28544,28544,1538
2026-07-23 22:46:54.792,28544,28556,28540,28540,1492
2026-07-23 22:48:36.740,28540,28553.25,28536,28536,2110
2026-07-23 22:48:52.396,28536,28548,28532,28532,566
2026-07-23 22:57:33.980,28532,28549.25,28528,28528,6691
2026-07-23 22:58:55.968,28528,28540,28524,28524,1596
2026-07-23 22:59:41.696,28524,28536,28516.25,28520,1155
2026-07-23 23:16:49.012,28520,28548,28517,28548,13798
2026-07-23 23:16:51.552,28548,28552,28536,28552,212
2026-07-23 23:17:46.296,28552,28556,28540,28556,1134
2026-07-23 23:18:03.520,28556,28560,28544,28560,494
2026-07-23 23:19:57.428,28560,28561.5,28532,28532,2855
2026-07-23 23:20:19.976,28532,28544,28528,28528,533
2026-07-23 23:21:10.564,28528,28540,28524,28524,658
2026-07-23 23:27:25.764,28524,28552,28521.5,28552,5578
2026-07-23 23:27:30.336,28552,28556,28540,28556,214
2026-07-23 23:32:55.992,28556,28557.25,28528,28528,4279
2026-07-23 23:33:10.640,28528,28540,28524,28524,364
2026-07-23 23:33:57.268,28524,28537,28520,28520,790
2026-07-23 23:34:03.796,28520,28532,28516,28516,246
2026-07-23 23:34:22.016,28516,28528,28512,28512,783
2026-07-23 23:43:15.864,28512,28537.5,28508,28508,8296
2026-07-23 23:44:04.776,28508,28520,28504,28504,899
2026-07-23 23:44:19.560,28504,28516,28500,28500,485
2026-07-23 23:45:27.820,28500,28512,28496,28496,1502
2026-07-23 23:55:30.944,28496,28520,28492,28492,7912
2026-07-23 23:55:32.320,28492,28504,28488,28488,254
2026-07-23 23:57:32.208,28488,28500,28484,28484,1902
2026-07-24 00:00:11.332,28484,28496,28480,28480,1602
2026-07-24 00:00:37.216,28480,28492,28476,28476,557
2026-07-24 00:01:28.824,28476,28488,28472,28472,926
2026-07-24 00:04:12.860,28472,28484,28468,28468,2325
2026-07-24 00:05:37.332,28468,28496,28466.25,28496,2015
2026-07-24 00:05:46.036,28496,28500,28484,28500,291
2026-07-24 00:07:38.688,28500,28504,28488,28504,1760
2026-07-24 00:07:45.512,28504,28508,28492,28508,169
2026-07-24 00:07:55.980,28508,28512,28496,28512,348
2026-07-24 00:10:03.400,28512,28516,28500,28516,1517
2026-07-24 00:12:50.364,28516,28516.25,28488,28488,2323
2026-07-24 00:14:34.840,28488,28500,28484,28484,1153
2026-07-24 00:19:35.592,28484,28512,28481.75,28512,3118
2026-07-24 00:22:34.988,28512,28516,28494,28516,1942
2026-07-24 00:22:49.832,28516,28520,28504,28520,394
2026-07-24 00:23:26.532,28520,28524,28508,28524,563
2026-07-24 00:23:37.628,28524,28528,28512,28528,219
2026-07-24 00:24:09.052,28528,28532,28516,28532,504
2026-07-24 00:25:15.700,28532,28536,28520,28536,1028
2026-07-24 00:27:13.992,28536,28540,28522,28540,1444
2026-07-24 00:27:15.048,28540,28546.25,28528,28544,323
2026-07-24 00:27:18.496,28544,28548,28532,28548,205
2026-07-24 00:27:24.104,28548,28552,28536,28552,330
2026-07-24 00:28:34.672,28552,28556,28540,28556,1281
2026-07-24 00:39:52.808,28556,28558,28528,28528,7353
2026-07-24 00:40:31.288,28528,28540,28524,28524,570
2026-07-24 00:40:39.260,28524,28536,28520,28520,211
2026-07-24 00:40:40.976,28520,28532,28516,28516,105
2026-07-24 00:41:53.240,28516,28528,28512,28512,997
2026-07-24 00:50:21.972,28512,28540,28511.75,28540,5908
2026-07-24 00:50:24.236,28540,28547.75,28528,28544,304
2026-07-24 00:54:19.236,28544,28548,28529,28548,2365
2026-07-24 00:54:26.196,28548,28552,28536,28552,148
2026-07-24 00:57:30.492,28552,28556,28540,28556,1950
2026-07-24 00:57:39.100,28556,28560,28544,28560,276
2026-07-24 00:57:42.636,28560,28564,28548,28564,320
2026-07-24 00:57:54.136,28564,28568,28552,28568,489
2026-07-24 01:00:02.924,28568,28572,28554.25,28572,1704
2026-07-24 01:06:54.180,28572,28576,28547.75,28576,5322
2026-07-24 01:07:11.440,28576,28580,28564,28580,382
2026-07-24 01:07:13.536,28580,28584,28568,28584,223
2026-07-24 01:07:14.864,28584,28588,28572,28588,235
2026-07-24 01:08:20.576,28588,28592,28576,28592,1427
2026-07-24 01:08:57.340,28592,28596,28580,28596,756
2026-07-24 01:09:06.832,28596,28600,28584,28600,396
2026-07-24 01:19:15.764,28600,28600.25,28572,28572,7114
2026-07-24 01:21:11.964,28572,28600,28570.25,28600,1886
2026-07-24 01:33:28.788,28600,28603.25,28572,28572,8040
2026-07-24 01:35:41.376,28572,28584.75,28568,28568,1430
2026-07-24 01:45:37.552,28568,28596,28566,28596,6492
2026-07-24 01:47:32.924,28596,28600,28584,28600,1743
2026-07-24 01:47:40.244,28600,28604,28588,28604,178
2026-07-24 01:51:12.600,28604,28607.25,28576,28576,2752
2026-07-24 01:52:02.496,28576,28588,28572,28572,578
2026-07-24 01:52:46.272,28572,28584,28568,28568,667
2026-07-24 01:54:32.228,28568,28580,28564,28564,867
2026-07-24 01:54:38.792,28564,28576,28560,28560,167
2026-07-24 01:54:45.428,28560,28572,28556,28556,254
2026-07-24 01:55:01.804,28556,28568,28552,28552,411
2026-07-24 01:55:05.580,28552,28564,28548,28548,237
2026-07-24 01:55:06.864,28548,28560,28544,28544,171
2026-07-24 02:00:19.612,28544,28556.5,28540,28540,3213
2026-07-24 02:01:34.996,28540,28552,28536,28536,925
2026-07-24 02:03:25.144,28536,28548,28532,28532,1363
2026-07-24 02:04:01.728,28532,28544,28528,28528,392
2026-07-24 02:04:12.056,28528,28540,28524,28524,246
2026-07-24 02:05:06.360,28524,28536,28520,28520,669
2026-07-24 02:05:21.196,28520,28532,28516,28516,252
2026-07-24 02:11:46.916,28516,28529.25,28512,28512,4436
2026-07-24 02:12:30.024,28512,28524,28508,28508,572
2026-07-24 02:13:47.264,28508,28520,28504,28504,923
2026-07-24 02:19:06.124,28504,28532,28502.75,28532,3999
2026-07-24 02:19:17.048,28532,28536,28520,28536,295
2026-07-24 02:19:25.252,28536,28540,28524,28540,143
2026-07-24 02:19:47.760,28540,28544,28528,28544,401
2026-07-24 02:19:53.548,28544,28548,28532,28548,142
2026-07-24 02:20:05.280,28548,28552,28536,28552,356
2026-07-24 02:20:16.764,28552,28556,28540,28556,526
2026-07-24 02:21:04.028,28556,28560,28544,28560,792
2026-07-24 02:21:27.692,28560,28564,28548,28564,377
2026-07-24 02:25:35.780,28564,28568,28547.25,28568,2949
2026-07-24 02:25:40.700,28568,28572,28556,28572,201
2026-07-24 02:25:46.220,28572,28576,28560,28576,294
2026-07-24 02:27:48.152,28576,28576.25,28548,28548,1824
2026-07-24 02:28:14.324,28548,28560,28544,28544,444
2026-07-24 02:28:19.024,28544,28556,28540,28540,152
2026-07-24 02:28:33.016,28540,28552,28536,28536,397
2026-07-24 02:28:39.008,28536,28548,28532,28532,214
2026-07-24 02:28:56.364,28532,28544,28528,28528,441
2026-07-24 02:29:25.068,28528,28540,28524,28524,420
2026-07-24 02:36:38.620,28524,28552,28521.75,28552,5639
2026-07-24 02:36:43.320,28552,28556,28540,28556,164
2026-07-24 02:36:48.856,28556,28560,28544,28560,200
2026-07-24 02:41:10.200,28560,28561,28532,28532,2862
2026-07-24 02:42:23.384,28532,28544,28528,28528,510
2026-07-24 02:42:58.864,28528,28540,28524,28524,266
2026-07-24 02:43:05.460,28524,28536,28520,28520,172
2026-07-24 02:43:48.196,28520,28532,28516,28516,485
2026-07-24 02:44:34.628,28516,28528,28512,28512,420
2026-07-24 02:44:49.632,28512,28524,28508,28508,163
2026-07-24 02:45:06.148,28508,28520,28504,28504,421
2026-07-24 02:45:21.484,28504,28516,28500,28500,359
2026-07-24 02:45:29.784,28500,28512,28496,28496,260
2026-07-24 02:49:29.188,28496,28508,28492,28492,2976
2026-07-24 02:49:42.724,28492,28504,28488,28488,309
2026-07-24 02:49:49.892,28488,28500,28484,28484,229
2026-07-24 02:53:31.532,28484,28512,28481.5,28512,3040
2026-07-24 02:54:52.544,28512,28516,28500,28516,729
2026-07-24 02:56:32.248,28516,28520,28504,28520,959
2026-07-24 02:58:02.416,28520,28524,28508,28524,944
2026-07-24 02:58:10.060,28524,28528,28512,28528,158
2026-07-24 02:58:15.316,28528,28532,28516,28532,125
2026-07-24 02:58:59.092,28532,28536,28520,28536,588
2026-07-24 02:59:03.164,28536,28540,28524,28540,102
2026-07-24 02:59:05.032,28540,28544,28528,28544,149
2026-07-24 03:00:01.200,28544,28548,28532,28548,1185
2026-07-24 03:00:02.628,28548,28552,28536,28552,178
2026-07-24 03:00:39.208,28552,28556,28540,28556,1035
2026-07-24 03:01:10.112,28556,28560,28544,28560,840
2026-07-24 03:01:36.608,28560,28564,28548,28564,472
2026-07-24 03:01:47.904,28564,28568,28552,28568,423
2026-07-24 03:02:17.740,28568,28572,28556,28572,648
2026-07-24 03:02:47.600,28572,28576,28560,28576,708
2026-07-24 03:03:33.560,28576,28580,28564,28580,871
2026-07-24 03:04:21.192,28580,28584,28568,28584,736
2026-07-24 03:09:22.152,28584,28588,28557,28588,4295
2026-07-24 03:09:27.300,28588,28592,28576,28592,174
2026-07-24 03:09:29.932,28592,28596,28580,28596,170
2026-07-24 03:10:00.508,28596,28600,28584,28600,586
2026-07-24 03:10:01.712,28600,28604,28588,28604,223
2026-07-24 03:10:51.860,28604,28608,28592,28608,1064
2026-07-24 03:10:58.516,28608,28612,28596,28612,266
2026-07-24 03:11:26.392,28612,28616,28600,28616,600
2026-07-24 03:11:34.772,28616,28620,28604,28620,270
2026-07-24 03:12:15.976,28620,28624,28608,28624,1011
2026-07-24 03:12:26.144,28624,28628,28612,28628,368
2026-07-24 03:14:02.092,28628,28632,28616,28632,2058
2026-07-24 03:14:20.552,28632,28636,28620,28636,427
2026-07-24 03:16:18.180,28636,28640,28622,28640,2262
2026-07-24 03:16:51.604,28640,28644,28626.5,28644,761
2026-07-24 03:17:19.816,28644,28648,28632,28648,524
2026-07-24 03:17:54.728,28648,28652,28636,28652,953
2026-07-24 03:17:58.260,28652,28656,28640,28656,212
2026-07-24 03:26:04.008,28656,28660,28632,28660,6086
2026-07-24 03:38:55.108,28660,28663.5,28632,28632,7602
2026-07-24 03:40:43.604,28632,28644,28628,28628,976
2026-07-24 03:40:56.596,28628,28640,28624,28624,250
2026-07-24 03:41:16.660,28624,28636,28620,28620,436
2026-07-24 03:41:21.272,28620,28632,28616,28616,178
2026-07-24 03:43:08.976,28616,28628,28612,28612,1329
2026-07-24 04:01:07.816,28612,28633.75,28608,28608,10189
2026-07-24 04:02:01.076,28608,28620,28604,28604,1115
2026-07-24 04:02:07.892,28604,28616,28600,28600,221
2026-07-24 04:02:10.764,28600,28612,28596,28596,231
2026-07-24 04:03:18.784,28596,28608,28592,28592,1196
2026-07-24 04:05:15.652,28592,28605.5,28588,28588,1947
2026-07-24 04:05:18.096,28588,28600,28584,28584,118
2026-07-24 04:05:20.140,28584,28596,28580,28580,201
2026-07-24 04:05:37.280,28580,28592,28576,28576,594
2026-07-24 04:11:02.228,28576,28597.75,28572,28572,4687
2026-07-24 04:11:11.440,28572,28584,28568,28568,477
2026-07-24 04:12:12.788,28568,28580,28564,28564,780
2026-07-24 04:12:20.604,28564,28576,28560,28560,253
2026-07-24 04:16:34.572,28560,28588,28557,28588,4359
2026-07-24 04:16:53.024,28588,28592,28576,28592,333
2026-07-24 04:16:58.796,28592,28596,28580,28596,258
2026-07-24 04:17:27.576,28596,28600,28584,28600,452
2026-07-24 04:26:33.292,28600,28604,28574.75,28604,7834
2026-07-24 04:29:03.752,28604,28608.75,28592,28608,2122
2026-07-24 04:29:08.188,28608,28612,28596,28612,155
2026-07-24 04:29:16.744,28612,28616,28600,28616,199
2026-07-24 04:29:46.172,28616,28620,28604,28620,788
2026-07-24 04:30:41.328,28620,28624,28608,28624,1175
2026-07-24 04:30:42.984,28624,28628,28612,28628,101
2026-07-24 04:31:49.000,28628,28632,28615.75,28632,1387
2026-07-24 04:32:48.028,28632,28636,28620,28636,986
2026-07-24 04:33:19.504,28636,28640,28624,28640,524
2026-07-24 04:37:09.612,28640,28644,28628,28644,2880
2026-07-24 04:37:29.564,28644,28648,28632,28648,341
2026-07-24 04:43:17.140,28648,28649.5,28620,28620,3616
2026-07-24 04:48:25.088,28620,28634.25,28616,28616,3052
2026-07-24 04:48:36.516,28616,28628,28612,28612,251
2026-07-24 05:07:42.280,28612,28640,28608.75,28640,11876
2026-07-24 05:07:56.516,28640,28644,28628,28644,211
2026-07-24 05:07:59.432,28644,28648,28632,28648,173
2026-07-24 05:08:31.160,28648,28652,28636,28652,747
2026-07-24 05:09:11.768,28652,28656,28640,28656,548
2026-07-24 05:09:15.292,28656,28660,28644,28660,125
2026-07-24 05:09:17.088,28660,28664,28648,28664,177
2026-07-24 05:09:18.696,28664,28668,28652,28668,335
2026-07-24 05:09:35.248,28668,28672,28656,28672,569
2026-07-24 05:09:44.996,28672,28676,28660,28676,290
2026-07-24 05:09:53.828,28676,28680,28664,28680,310
2026-07-24 05:12:32.352,28680,28681.5,28652,28652,2548
2026-07-24 05:12:35.416,28652,28664,28648,28648,130
2026-07-24 05:12:49.728,28648,28660,28644,28644,357
2026-07-24 05:14:09.172,28644,28656,28640,28640,972
2026-07-24 05:15:40.420,28640,28652,28636,28636,890
2026-07-24 05:15:59.608,28636,28648,28632,28632,257
2026-07-24 05:21:59.172,28632,28660,28632,28660,4348
2026-07-24 05:25:05.180,28660,28664,28648,28664,1752
2026-07-24 05:25:16.424,28664,28668,28652,28668,212
2026-07-24 05:25:29.340,28668,28672,28656,28672,297
2026-07-24 05:25:39.180,28672,28676,28660,28676,225
2026-07-24 05:32:10.952,28676,28680,28660.75,28680,4637
2026-07-24 05:32:53.304,28680,28684,28668,28684,579
2026-07-24 05:33:02.612,28684,28688,28672,28688,219
2026-07-24 05:39:56.988,28688,28692,28672.25,28692,3883
2026-07-24 05:40:23.968,28692,28696,28680,28696,404
2026-07-24 05:42:55.992,28696,28700,28684,28700,1815
2026-07-24 05:59:43.956,28700,28704,28680.75,28704,8520
2026-07-24 06:05:12.624,28704,28705.75,28676,28676,3976
2026-07-24 06:07:24.520,28676,28688,28672,28672,1409
2026-07-24 06:07:55.316,28672,28684,28668,28668,513
2026-07-24 06:08:57.620,28668,28680,28664,28664,834
2026-07-24 06:14:03.112,28664,28676,28660,28660,2661
2026-07-24 06:19:04.056,28660,28672,28656,28656,2454
2026-07-24 06:31:54.608,28656,28684,28653.75,28684,6670
2026-07-24 06:35:12.736,28684,28685.75,28656,28656,2556
2026-07-24 06:37:33.096,28656,28668,28652,28652,1650
2026-07-24 06:37:34.176,28652,28664,28648,28648,174
2026-07-24 06:38:38.172,28648,28660,28644,28644,899
2026-07-24 06:40:25.556,28644,28656,28640,28640,914
2026-07-24 06:51:34.808,28640,28657,28636,28636,5909
2026-07-24 07:00:30.676,28636,28650,28632,28632,5801
2026-07-24 07:03:19.472,28632,28660,28631.75,28660,3056
2026-07-24 07:05:32.388,28660,28664,28648,28664,1565
2026-07-24 07:30:56.960,28664,28667,28636,28636,14687
2026-07-24 07:31:52.136,28636,28649,28632,28632,1016
2026-07-24 07:32:00.604,28632,28644,28628,28628,438
2026-07-24 07:32:15.660,28628,28640,28624,28624,470
2026-07-24 07:35:28.092,28624,28636,28620,28620,1893
2026-07-24 07:44:58.688,28620,28647.5,28616,28616,8104
2026-07-24 07:47:30.028,28616,28628.5,28612,28612,2030
2026-07-24 07:48:01.816,28612,28624,28608,28608,574
2026-07-24 07:48:46.840,28608,28620,28604,28604,729
2026-07-24 07:58:35.124,28604,28632,28601,28632,7956
2026-07-24 07:58:36.124,28632,28644,28620,28640,576
2026-07-24 07:58:41.948,28640,28644,28628,28644,518
2026-07-24 07:58:47.764,28644,28648,28632,28648,660
2026-07-24 07:58:52.640,28648,28652,28636,28652,614
2026-07-24 07:58:53.684,28652,28658.5,28640,28656,271
2026-07-24 07:58:57.780,28656,28662.25,28644,28660,485
2026-07-24 07:58:58.784,28660,28668.75,28648,28664,260
2026-07-24 07:58:59.808,28664,28677.25,28652,28672,258
2026-07-24 07:59:01.740,28672,28677,28660,28676,431
2026-07-24 07:59:04.440,28676,28681.25,28664,28680,408
2026-07-24 07:59:07.312,28680,28684,28668,28684,318
2026-07-24 07:59:08.436,28684,28692.25,28672,28688,254
2026-07-24 07:59:09.464,28688,28695,28676,28692,139
2026-07-24 07:59:10.596,28692,28698.25,28680,28696,143
2026-07-24 08:00:07.000,28696,28699,28668,28668,4357
2026-07-24 08:00:08.196,28668,28680,28664,28664,127
2026-07-24 08:00:10.884,28664,28676,28660,28660,286
2026-07-24 08:01:12.276,28660,28672.75,28656,28656,2413
2026-07-24 08:01:14.868,28656,28668,28652,28652,101
2026-07-24 08:01:43.616,28652,28664,28648,28648,1109
2026-07-24 08:01:44.932,28648,28660,28644,28644,107
2026-07-24 08:02:34.312,28644,28656,28640,28640,1584
2026-07-24 08:02:36.428,28640,28652,28636,28636,131
2026-07-24 08:02:40.940,28636,28648,28632,28632,359
2026-07-24 08:05:45.564,28632,28654,28628,28628,4695
2026-07-24 08:07:47.312,28628,28656,28625,28656,2821
2026-07-24 08:07:49.240,28656,28660,28644,28660,188
2026-07-24 08:09:10.272,28660,28664,28648,28664,1750
2026-07-24 08:09:22.164,28664,28668,28652,28668,627
2026-07-24 08:09:24.600,28668,28672,28656,28672,267
2026-07-24 08:09:28.028,28672,28676,28660,28676,231
2026-07-24 08:14:17.716,28676,28680,28663.5,28680,4755
2026-07-24 08:14:25.156,28680,28684,28668,28684,284
2026-07-24 08:14:27.704,28684,28688,28672,28688,124
2026-07-24 08:14:33.292,28688,28692,28676,28692,270
2026-07-24 08:25:08.916,28692,28695.25,28664,28664,13181
2026-07-24 08:25:09.916,28664,28676,28651.5,28660,638
2026-07-24 08:26:32.512,28660,28688,28657.5,28688,2874
2026-07-24 08:34:13.592,28688,28691.25,28660,28660,7325
2026-07-24 08:34:26.740,28660,28672,28656,28656,342
2026-07-24 08:34:33.660,28656,28668,28652,28652,205
2026-07-24 08:34:36.952,28652,28664,28648,28648,305
2026-07-24 08:34:52.048,28648,28660,28644,28644,557
2026-07-24 08:41:15.740,28644,28664.5,28640,28640,8176
2026-07-24 08:41:27.004,28640,28652,28636,28636,386
2026-07-24 08:42:23.804,28636,28648,28632,28632,1373
2026-07-24 08:44:11.912,28632,28644,28628,28628,1477
2026-07-24 08:44:18.868,28628,28640,28624,28624,226
2026-07-24 08:47:11.408,28624,28636,28620,28620,3050
2026-07-24 08:52:15.280,28620,28632,28616,28616,4782
2026-07-24 08:52:23.144,28616,28628,28612,28612,383
2026-07-24 08:53:14.128,28612,28624,28608,28608,1152
2026-07-24 08:55:50.416,28608,28620,28604,28604,2730
2026-07-24 08:56:16.904,28604,28616,28600,28600,598
2026-07-24 08:56:40.700,28600,28612,28596,28596,1082
2026-07-24 08:57:02.192,28596,28608,28592,28592,557
2026-07-24 08:58:26.524,28592,28604,28588,28588,2025
2026-07-24 09:01:00.944,28588,28601,28584,28584,4797
2026-07-24 09:07:09.340,28584,28602.5,28580,28580,9342
2026-07-24 09:07:25.364,28580,28592,28576,28576,844
2026-07-24 09:08:07.456,28576,28588,28572,28572,1265
2026-07-24 09:17:30.428,28572,28600,28571.75,28600,12545
2026-07-24 09:17:37.780,28600,28604,28588,28604,483
2026-07-24 09:18:29.004,28604,28608,28592,28608,1557
2026-07-24 09:22:16.412,28608,28609.75,28580,28580,6031
2026-07-24 09:25:00.072,28580,28608,28578.75,28608,3622
2026-07-24 09:25:01.096,28608,28615.5,28596,28612,472
2026-07-24 09:26:14.056,28612,28616,28584,28584,2820
2026-07-24 09:27:14.792,28584,28600.25,28580,28580,1881
2026-07-24 09:27:40.040,28580,28592,28576,28576,1080
2026-07-24 09:27:41.040,28576,28588,28564.5,28568,630
2026-07-24 09:27:45.044,28568,28580,28564,28564,302
2026-07-24 09:27:50.036,28564,28576,28560,28560,375
2026-07-24 09:27:59.872,28560,28572,28556,28556,837
2026-07-24 09:29:08.792,28556,28568,28551,28552,3615
2026-07-24 09:29:24.332,28552,28564,28548,28548,968
2026-07-24 09:29:30.308,28548,28560,28544,28544,503
2026-07-24 09:29:59.192,28544,28556,28540,28540,1720
2026-07-24 09:30:00.196,28540,28552,28529.5,28532,712
2026-07-24 09:30:02.232,28532,28544,28528,28528,1117
2026-07-24 09:30:04.860,28528,28542,28524,28524,1484
2026-07-24 09:30:08.344,28524,28537.5,28520,28520,1475
2026-07-24 09:30:11.020,28520,28532,28516,28516,1009
2026-07-24 09:30:12.620,28516,28528,28512,28512,563
2026-07-24 09:30:18.492,28512,28524,28508,28508,1691
2026-07-24 09:30:35.800,28508,28536,28504.75,28536,4858
2026-07-24 09:31:02.060,28536,28541.25,28519.25,28540,4664
2026-07-24 09:31:13.516,28540,28543.75,28512,28512,2991
2026-07-24 09:31:19.056,28512,28524.75,28508,28508,1149
2026-07-24 09:31:20.944,28508,28520,28504,28504,566
2026-07-24 09:31:26.732,28504,28516,28500,28500,2053
2026-07-24 09:31:30.220,28500,28528,28499.25,28528,1365
2026-07-24 09:31:45.144,28528,28532,28515.5,28532,3350
2026-07-24 09:32:00.104,28532,28536,28520,28536,3971
2026-07-24 09:32:01.104,28536,28541,28524,28540,506
2026-07-24 09:32:02.108,28540,28546.75,28528,28544,460
2026-07-24 09:32:03.112,28544,28552,28532,28548,591
2026-07-24 09:32:17.784,28548,28550,28520,28520,3722
2026-07-24 09:32:34.792,28520,28548,28517.5,28548,4081
2026-07-24 09:32:42.052,28548,28552,28534.75,28552,1808
2026-07-24 09:32:47.276,28552,28556,28540,28556,1067
2026-07-24 09:32:59.124,28556,28560,28544,28560,2456
2026-07-24 09:33:00.744,28560,28564,28548,28564,445
2026-07-24 09:33:01.828,28564,28568,28552,28568,397
2026-07-24 09:33:02.828,28568,28577.25,28556,28572,756
2026-07-24 09:33:03.832,28572,28576.75,28560,28576,478
2026-07-24 09:33:05.260,28576,28580,28564,28580,629
2026-07-24 09:33:09.916,28580,28584,28568,28584,1530
2026-07-24 09:33:22.440,28584,28586,28556,28556,3860
2026-07-24 09:33:53.424,28556,28570,28552,28552,5896
2026-07-24 09:34:16.256,28552,28580,28550.75,28580,4132
2026-07-24 09:34:20.544,28580,28584,28568,28584,924
2026-07-24 09:34:21.760,28584,28588,28572,28588,474
2026-07-24 09:34:45.524,28588,28592,28575.25,28592,4428
2026-07-24 09:34:48.648,28592,28596,28580,28596,767
2026-07-24 09:34:55.960,28596,28600,28584,28600,1859
2026-07-24 09:34:56.964,28600,28604,28588,28604,367
2026-07-24 09:35:00.292,28604,28608,28592,28608,1080
2026-07-24 09:35:01.388,28608,28612,28596,28612,779
2026-07-24 09:35:02.388,28612,28621.5,28600,28616,1077
2026-07-24 09:35:07.244,28616,28620,28604,28620,1917
2026-07-24 09:35:49.504,28620,28622.25,28592,28592,10610
2026-07-24 09:35:50.504,28592,28604,28585.75,28588,419
2026-07-24 09:35:51.616,28588,28600,28583.25,28584,445
2026-07-24 09:35:52.620,28584,28596,28572.75,28580,758
2026-07-24 09:35:53.648,28580,28592,28571.25,28576,510
2026-07-24 09:36:00.684,28576,28588,28570.25,28572,2124
2026-07-24 09:36:01.688,28572,28584,28564.25,28568,598
2026-07-24 09:36:02.704,28568,28580,28560.25,28564,448
2026-07-24 09:36:05.784,28564,28576,28557.5,28560,997
2026-07-24 09:36:06.784,28560,28572,28549.25,28552,602
2026-07-24 09:36:08.344,28552,28564,28548,28548,748
2026-07-24 09:36:23.008,28548,28560,28544,28544,4301
2026-07-24 09:36:24.296,28544,28556,28538.75,28540,482
2026-07-24 09:36:25.300,28540,28552,28534,28536,426
2026-07-24 09:36:26.300,28536,28548,28529.5,28532,452
2026-07-24 09:36:28.168,28532,28544,28528,28528,584
2026-07-24 09:36:29.428,28528,28540,28523.5,28524,394
2026-07-24 09:37:23.396,28524,28544,28520,28520,12267
2026-07-24 09:37:52.152,28520,28548,28518.25,28548,5816
2026-07-24 09:38:01.532,28548,28554,28536,28552,2061
2026-07-24 09:38:02.704,28552,28557.5,28540,28556,544
2026-07-24 09:38:04.352,28556,28560,28544,28560,536
2026-07-24 09:38:15.520,28560,28564,28548,28564,2778
2026-07-24 09:38:32.068,28564,28564.5,28536,28536,3678
2026-07-24 09:38:38.652,28536,28548,28532,28532,1438
2026-07-24 09:38:44.684,28532,28544,28528,28528,1058
2026-07-24 09:38:45.776,28528,28540,28520.25,28524,557
2026-07-24 09:38:47.304,28524,28536,28520,28520,489
2026-07-24 09:39:00.240,28520,28532,28515.75,28516,2914
2026-07-24 09:39:01.412,28516,28528,28510.75,28512,613
2026-07-24 09:39:03.780,28512,28524,28508,28508,895
2026-07-24 09:39:04.792,28508,28520,28504,28504,441
2026-07-24 09:40:33.440,28504,28531.75,28500,28500,19337
2026-07-24 09:40:34.440,28500,28512,28492.5,28496,1133
2026-07-24 09:40:45.744,28496,28515,28492,28492,2750
2026-07-24 09:40:53.452,28492,28504,28488,28488,1610
2026-07-24 09:41:34.072,28488,28505.5,28484,28484,9208
2026-07-24 09:41:40.040,28484,28496,28480,28480,1726
2026-07-24 09:41:54.784,28480,28492,28476,28476,3359
2026-07-24 09:42:18.252,28476,28491.25,28472,28472,5224
2026-07-24 09:42:19.408,28472,28484,28468,28468,463
2026-07-24 09:42:20.452,28468,28480,28463.25,28464,772
2026-07-24 09:42:23.120,28464,28476,28460,28460,717
2026-07-24 09:44:01.308,28460,28488,28458,28488,10798
2026-07-24 09:44:02.668,28488,28492,28476,28492,362
2026-07-24 09:44:04.360,28492,28496,28480,28496,430
2026-07-24 09:45:44.592,28496,28498.25,28468,28468,11475
2026-07-24 09:45:46.052,28468,28480,28464,28464,402
2026-07-24 09:46:07.048,28464,28478,28460,28460,2943
2026-07-24 09:46:13.060,28460,28472,28450,28456,2011
2026-07-24 09:46:14.064,28456,28468,28452,28452,424
2026-07-24 09:46:21.996,28452,28464,28448,28448,1816
2026-07-24 09:47:25.828,28448,28476,28445.5,28476,9850
2026-07-24 09:49:11.636,28476,28480,28450,28480,13802
2026-07-24 09:49:21.464,28480,28484,28468,28484,1915
2026-07-24 09:49:22.464,28484,28490,28472,28488,429
2026-07-24 09:49:23.520,28488,28493,28476,28492,408
2026-07-24 09:49:25.480,28492,28496,28480,28496,932
2026-07-24 09:49:27.440,28496,28500,28484,28500,676
2026-07-24 09:49:32.032,28500,28504,28488,28504,1751
2026-07-24 09:49:33.064,28504,28508,28492,28508,380
2026-07-24 09:50:09.296,28508,28510.25,28480,28480,7885
2026-07-24 09:50:14.808,28480,28492,28476,28476,1307
2026-07-24 09:50:16.116,28476,28488,28472,28472,306
2026-07-24 09:50:17.832,28472,28484,28468,28468,650
2026-07-24 09:50:18.860,28468,28480,28464,28464,363
2026-07-24 09:50:21.628,28464,28476,28460,28460,730
2026-07-24 09:50:22.640,28460,28472,28451,28456,565
2026-07-24 09:50:23.644,28456,28468,28448,28452,469
2026-07-24 09:50:24.644,28452,28464,28442.5,28448,695
2026-07-24 09:50:25.660,28448,28460,28439.5,28440,509
2026-07-24 09:50:28.840,28440,28452,28436,28436,1398
2026-07-24 09:50:29.840,28436,28448,28415.25,28420,2817
2026-07-24 09:50:30.960,28420,28432,28412.25,28416,937
2026-07-24 09:50:32.084,28416,28428,28412,28412,492
2026-07-24 09:51:12.036,28412,28437.75,28408,28408,10028
2026-07-24 09:51:17.368,28408,28420,28404,28404,1778
2026-07-24 09:51:21.368,28404,28416,28400,28400,1091
2026-07-24 09:51:28.268,28400,28412,28395.25,28396,2228
2026-07-24 09:51:30.440,28396,28408,28392,28392,615
2026-07-24 09:51:32.648,28392,28404,28388,28388,866
2026-07-24 09:51:35.912,28388,28400,28384,28384,1202
2026-07-24 09:52:12.164,28384,28399.5,28380,28380,7794
2026-07-24 09:52:16.540,28380,28392,28376,28376,1313
2026-07-24 09:52:17.684,28376,28388,28371.5,28372,472
2026-07-24 09:52:18.872,28372,28384,28368,28368,462
2026-07-24 09:52:20.536,28368,28380,28364,28364,586
2026-07-24 09:52:24.188,28364,28376,28360,28360,1077
2026-07-24 09:52:45.212,28360,28372,28356,28356,4746
2026-07-24 09:53:19.848,28356,28371.75,28352,28352,5571
2026-07-24 09:53:20.860,28352,28364,28345.75,28348,602
2026-07-24 09:53:34.796,28348,28361.25,28344,28344,2728
2026-07-24 09:54:11.340,28344,28358.5,28340,28340,5220
2026-07-24 09:54:18.536,28340,28352,28336,28336,1332
2026-07-24 09:55:03.016,28336,28357.75,28332,28332,7122
2026-07-24 09:55:04.816,28332,28344,28328,28328,743
2026-07-24 09:55:05.820,28328,28340,28322,28324,672
2026-07-24 09:55:17.848,28324,28336,28320,28320,2806
2026-07-24 09:55:20.668,28320,28332,28316,28316,812
2026-07-24 09:56:32.708,28316,28344,28313.25,28344,12616
2026-07-24 09:56:36.200,28344,28348,28332,28348,902
2026-07-24 09:56:38.832,28348,28352,28336,28352,1279
2026-07-24 09:56:59.612,28352,28355.75,28324,28324,3624
2026-07-24 09:57:02.144,28324,28336,28320,28320,727
2026-07-24 09:58:09.944,28320,28348,28317.5,28348,7393
2026-07-24 09:58:12.560,28348,28352,28336,28352,513
2026-07-24 09:58:14.212,28352,28356,28340,28356,437
2026-07-24 09:58:16.816,28356,28360,28344,28360,632
2026-07-24 09:58:17.820,28360,28364,28348,28364,357
2026-07-24 09:58:38.908,28364,28368,28347.25,28368,3308
2026-07-24 09:58:55.560,28368,28368,28340,28340,2189
2026-07-24 09:59:08.284,28340,28352.75,28336,28336,1294
2026-07-24 09:59:14.596,28336,28348,28330.5,28332,750
2026-07-24 09:59:47.024,28332,28352.5,28328,28328,2714
2026-07-24 09:59:56.404,28328,28340,28324,28324,969
2026-07-24 10:00:00.096,28324,28336,28320,28320,709
2026-07-24 10:00:10.184,28320,28337.75,28316,28316,2386
2026-07-24 10:00:11.184,28316,28328,28305.25,28312,1191
2026-07-24 10:00:19.744,28312,28340,28309.75,28340,1917
2026-07-24 10:00:20.920,28340,28346.25,28328,28344,746
2026-07-24 10:00:29.680,28344,28348,28332,28348,2129
2026-07-24 10:00:30.824,28348,28353,28336,28352,377
2026-07-24 10:00:31.988,28352,28356,28340,28356,358
2026-07-24 10:00:33.552,28356,28360,28344,28360,539
2026-07-24 10:00:34.724,28360,28365,28348,28364,423
2026-07-24 10:00:40.620,28364,28368,28352,28368,1161
2026-07-24 10:00:41.664,28368,28373.75,28356,28372,640
2026-07-24 10:00:43.588,28372,28376,28360,28376,731
2026-07-24 10:01:01.176,28376,28380,28361.75,28380,3748
2026-07-24 10:01:04.192,28380,28384,28368,28384,1216
2026-07-24 10:02:06.960,28384,28388,28357.25,28388,12777
2026-07-24 10:02:24.852,28388,28392,28376,28392,3700
2026-07-24 10:03:00.868,28392,28395,28364,28364,6807
2026-07-24 10:03:01.896,28364,28376,28353.25,28356,762
2026-07-24 10:03:02.896,28356,28368,28346.25,28352,704
2026-07-24 10:03:05.660,28352,28364,28348,28348,647
2026-07-24 10:03:10.432,28348,28360,28344,28344,1038
2026-07-24 10:03:12.916,28344,28356,28340,28340,623
2026-07-24 10:03:20.344,28340,28352,28336,28336,1457
2026-07-24 10:03:57.016,28336,28364,28333,28364,6831
2026-07-24 10:04:00.704,28364,28368,28352,28368,788
2026-07-24 10:04:01.704,28368,28373.25,28356,28372,530
2026-07-24 10:04:23.216,28372,28377.5,28344,28344,4409
2026-07-24 10:04:25.496,28344,28356,28340,28340,643
2026-07-24 10:04:29.296,28340,28352,28336,28336,693
2026-07-24 10:04:31.432,28336,28348,28331.75,28332,520
2026-07-24 10:05:20.420,28332,28360,28328,28360,8606
2026-07-24 10:05:22.404,28360,28364.75,28348,28364,597
2026-07-24 10:05:23.404,28364,28370.25,28352,28368,319
2026-07-24 10:05:25.848,28368,28372,28356,28372,610
2026-07-24 10:05:26.872,28372,28378,28360,28376,267
2026-07-24 10:06:02.504,28376,28380,28361.5,28380,6021
2026-07-24 10:06:54.320,28380,28383.25,28352,28352,9217
2026-07-24 10:07:08.408,28352,28365.75,28348,28348,2058
2026-07-24 10:07:21.664,28348,28376,28346.75,28376,2299
2026-07-24 10:07:23.944,28376,28380,28364,28380,447
2026-07-24 10:07:32.680,28380,28384,28368,28384,1392
2026-07-24 10:07:35.524,28384,28388,28372,28388,859
2026-07-24 10:07:36.532,28388,28392,28376,28392,424
2026-07-24 10:07:39.664,28392,28396,28380,28396,1188
2026-07-24 10:08:04.360,28396,28400,28384,28400,4301
2026-07-24 10:08:16.072,28400,28404,28381.75,28404,2616
2026-07-24 10:08:19.624,28404,28408,28392,28408,1176
2026-07-24 10:08:25.780,28408,28412,28396,28412,1279
2026-07-24 10:08:27.496,28412,28416,28400,28416,790
2026-07-24 10:08:40.028,28416,28420,28403.25,28420,2698
2026-07-24 10:08:41.572,28420,28424.75,28408,28424,720
2026-07-24 10:09:25.764,28424,28428,28405.75,28428,8647
2026-07-24 10:09:34.364,28428,28432,28416,28432,1887
2026-07-24 10:09:40.548,28432,28436,28420,28436,1196
2026-07-24 10:10:23.696,28436,28439.75,28408,28408,9420
2026-07-24 10:11:38.796,28408,28436,28406.5,28436,11813
2026-07-24 10:12:02.204,28436,28438,28408,28408,3900
2026-07-24 10:12:41.828,28408,28430.25,28404,28404,6095
2026-07-24 10:12:43.040,28404,28416,28400,28400,518
2026-07-24 10:12:55.552,28400,28412.75,28396,28396,2395
2026-07-24 10:13:04.448,28396,28408,28392,28392,2581
2026-07-24 10:13:05.900,28392,28404,28387.75,28388,536
2026-07-24 10:13:39.900,28388,28416,28386,28416,5345
2026-07-24 10:13:40.900,28416,28423.25,28404,28420,559
2026-07-24 10:13:44.100,28420,28424,28408,28424,472
2026-07-24 10:14:05.456,28424,28428,28412,28428,2619
2026-07-24 10:14:06.708,28428,28432.25,28416,28432,460
2026-07-24 10:14:08.188,28432,28437.25,28420,28436,466
2026-07-24 10:14:09.188,28436,28447.25,28424,28444,1303
2026-07-24 10:14:14.344,28444,28448,28432,28448,1416
2026-07-24 10:14:59.080,28448,28451.75,28420,28420,8562
2026-07-24 10:15:17.000,28420,28432.25,28416,28416,2948
2026-07-24 10:15:21.416,28416,28428,28412,28412,826
2026-07-24 10:15:22.452,28412,28424,28404.75,28408,440
2026-07-24 10:15:23.456,28408,28420,28400,28404,500
2026-07-24 10:15:33.760,28404,28416,28400,28400,1583
2026-07-24 10:15:34.788,28400,28412,28396,28396,256
2026-07-24 10:15:36.164,28396,28408,28392,28392,631
2026-07-24 10:15:48.324,28392,28404,28388,28388,2040
2026-07-24 10:15:49.336,28388,28400,28383.5,28384,484
2026-07-24 10:15:56.820,28384,28396,28380,28380,1265
2026-07-24 10:16:04.884,28380,28392,28376,28376,1764
2026-07-24 10:16:13.616,28376,28388,28372,28372,1737
2026-07-24 10:16:19.532,28372,28384,28368,28368,1419
2026-07-24 10:16:20.636,28368,28380,28362.5,28364,456
2026-07-24 10:16:24.004,28364,28376,28360,28360,930
2026-07-24 10:17:07.752,28360,28378.75,28356,28356,6635
2026-07-24 10:17:08.756,28356,28368,28351,28352,434
2026-07-24 10:17:10.576,28352,28364,28348,28348,576
2026-07-24 10:17:11.636,28348,28360,28344,28344,427
2026-07-24 10:17:23.128,28344,28356,28340,28340,2203
2026-07-24 10:17:24.804,28340,28352,28336,28336,455
2026-07-24 10:17:26.096,28336,28348,28332,28332,449
2026-07-24 10:17:35.356,28332,28344,28328,28328,2012
2026-07-24 10:18:06.296,28328,28356,28327,28356,5191
2026-07-24 10:18:07.936,28356,28360,28344,28360,461
2026-07-24 10:18:09.080,28360,28364,28348,28364,364
2026-07-24 10:18:22.528,28364,28364,28336,28336,2619
2026-07-24 10:18:24.044,28336,28348,28332,28332,413
2026-07-24 10:18:35.128,28332,28344,28328,28328,1625
2026-07-24 10:18:39.084,28328,28340,28324,28324,790
2026-07-24 10:18:41.044,28324,28336,28320,28320,864
2026-07-24 10:18:55.212,28320,28332,28316,28316,2211
2026-07-24 10:19:00.424,28316,28328,28312,28312,833
2026-07-24 10:19:07.884,28312,28324,28308,28308,2464
2026-07-24 10:19:08.884,28308,28320,28300,28304,1555
2026-07-24 10:19:30.080,28304,28332,28299,28332,4274
2026-07-24 10:19:58.532,28332,28336,28316.5,28336,4051
2026-07-24 10:20:17.224,28336,28338.25,28308,28308,4046
2026-07-24 10:20:43.048,28308,28336,28306,28336,3700
2026-07-24 10:20:44.456,28336,28340,28324,28340,344
2026-07-24 10:20:45.596,28340,28344,28328,28344,433
2026-07-24 10:20:48.084,28344,28348.25,28332,28348,738
2026-07-24 10:21:10.400,28348,28352,28333.25,28352,3201
2026-07-24 10:21:12.616,28352,28356,28340,28356,549
2026-07-24 10:21:14.288,28356,28360,28344,28360,434
2026-07-24 10:21:15.396,28360,28364.5,28348,28364,366
2026-07-24 10:21:23.460,28364,28368,28352,28368,1713
2026-07-24 10:21:35.720,28368,28372,28356,28372,1726
2026-07-24 10:21:46.600,28372,28376,28360,28376,1528
2026-07-24 10:21:51.620,28376,28381,28364,28380,960
2026-07-24 10:22:01.932,28380,28384,28368,28384,1458
2026-07-24 10:22:16.804,28384,28388,28370.75,28388,2679
2026-07-24 10:22:19.484,28388,28392,28376,28392,774
2026-07-24 10:22:20.648,28392,28397,28380,28396,411
2026-07-24 10:23:19.412,28396,28400,28375.25,28400,7237
2026-07-24 10:23:20.416,28400,28410.25,28388,28404,889
2026-07-24 10:23:29.144,28404,28408.5,28392,28408,1284
2026-07-24 10:23:32.900,28408,28412,28396,28412,692
2026-07-24 10:23:34.620,28412,28416.25,28400,28416,378
2026-07-24 10:23:38.908,28416,28420,28404,28420,652
2026-07-24 10:24:35.632,28420,28424,28392,28392,8597
2026-07-24 10:24:46.116,28392,28404,28388,28388,1250
2026-07-24 10:24:50.068,28388,28400,28384,28384,569
2026-07-24 10:25:16.524,28384,28401.25,28380,28380,4089
2026-07-24 10:25:17.980,28380,28392,28375,28376,605
2026-07-24 10:25:19.528,28376,28388,28372,28372,375
2026-07-24 10:25:21.024,28372,28384,28368,28368,517
2026-07-24 10:26:20.452,28368,28396,28365.25,28396,7656
2026-07-24 10:26:44.332,28396,28400,28370.5,28400,4459
2026-07-24 10:27:21.180,28400,28404,28385,28404,4974
2026-07-24 10:27:38.584,28404,28406.5,28376,28376,2432
2026-07-24 10:27:41.056,28376,28388,28371.75,28372,613
2026-07-24 10:27:43.948,28372,28384,28368,28368,403
2026-07-24 10:27:46.904,28368,28380,28364,28364,559
2026-07-24 10:28:44.052,28364,28392,28362.5,28392,6769
2026-07-24 10:28:45.660,28392,28396,28380,28396,306
2026-07-24 10:29:01.172,28396,28400,28383.75,28400,1595
2026-07-24 10:29:19.512,28400,28404,28388,28404,2243
2026-07-24 10:29:31.952,28404,28408,28392,28408,1379
2026-07-24 10:30:09.572,28408,28408,28380,28380,5355
2026-07-24 10:30:11.040,28380,28392,28376,28376,406
2026-07-24 10:30:17.132,28376,28388,28372,28372,1729
2026-07-24 10:30:19.176,28372,28384,28368,28368,362
2026-07-24 10:30:22.892,28368,28380,28364,28364,824
2026-07-24 10:30:33.268,28364,28377.25,28360,28360,2059
2026-07-24 10:30:34.332,28360,28372,28354.75,28356,660
2026-07-24 10:30:38.948,28356,28368,28352,28352,818
2026-07-24 10:30:45.040,28352,28364,28348,28348,1260
2026-07-24 10:30:47.196,28348,28360,28344,28344,596
2026-07-24 10:30:48.196,28344,28356,28337,28340,473
2026-07-24 10:30:49.996,28340,28352,28333,28336,614
2026-07-24 10:31:20.136,28336,28364,28335,28364,5188
2026-07-24 10:31:22.660,28364,28368,28352,28368,449
2026-07-24 10:32:09.628,28368,28369.5,28340,28340,6170
2026-07-24 10:32:15.800,28340,28352,28336,28336,1059
2026-07-24 10:32:18.372,28336,28348,28332,28332,478
2026-07-24 10:33:02.068,28332,28349.5,28328,28328,5967
2026-07-24 10:34:01.840,28328,28351,28324,28324,7538
2026-07-24 10:34:13.312,28324,28339.25,28320,28320,1646
2026-07-24 10:34:47.080,28320,28335,28316,28316,3602
2026-07-24 10:34:53.664,28316,28328,28312,28312,948
2026-07-24 10:34:57.808,28312,28324,28308,28308,619
2026-07-24 10:35:01.576,28308,28320,28304,28304,1144
2026-07-24 10:35:10.084,28304,28332,28302,28332,2395
2026-07-24 10:35:26.192,28332,28336,28320,28336,2279
2026-07-24 10:36:00.416,28336,28340,28320.5,28340,3816
2026-07-24 10:36:05.196,28340,28344,28328,28344,1032
2026-07-24 10:37:31.664,28344,28344.5,28316,28316,9858
2026-07-24 10:37:37.300,28316,28328,28312,28312,743
2026-07-24 10:37:53.364,28312,28324,28308,28308,1803
2026-07-24 10:39:07.992,28308,28322.5,28304,28304,7270
2026-07-24 10:39:20.076,28304,28316,28300,28300,1459
2026-07-24 10:39:21.080,28300,28312,28291.25,28296,1664
2026-07-24 10:39:22.244,28296,28308,28292,28292,415
2026-07-24 10:39:24.772,28292,28304,28288,28288,1007
2026-07-24 10:39:25.772,28288,28300,28282.5,28284,663
2026-07-24 10:39:27.496,28284,28296,28280,28280,694
2026-07-24 10:39:28.516,28280,28292,28275.75,28276,698
2026-07-24 10:40:22.188,28276,28291,28272,28272,8974
2026-07-24 10:40:23.192,28272,28284,28268,28268,428
2026-07-24 10:41:53.908,28268,28296,28266,28296,13788
2026-07-24 10:42:45.832,28296,28297,28268,28268,6694
2026-07-24 10:42:48.196,28268,28280,28264,28264,600
2026-07-24 10:44:01.324,28264,28292,28262.75,28292,7285
2026-07-24 10:44:11.816,28292,28296,28280,28296,1631
2026-07-24 10:44:39.212,28296,28305,28284,28300,3822
2026-07-24 10:44:40.628,28300,28304,28288,28304,237
2026-07-24 10:45:15.108,28304,28306.75,28276,28276,4519
2026-07-24 10:45:36.008,28276,28288,28272,28272,1980
2026-07-24 10:45:37.120,28272,28284,28268,28268,303
2026-07-24 10:45:39.468,28268,28280,28264,28264,522
2026-07-24 10:46:02.544,28264,28276,28260,28260,2669
2026-07-24 10:46:03.648,28260,28272,28254.25,28256,577
2026-07-24 10:46:35.208,28256,28284,28254.5,28284,4784
2026-07-24 10:46:56.748,28284,28288,28272,28288,2022
2026-07-24 10:46:57.752,28288,28295.25,28276,28292,601
2026-07-24 10:47:00.752,28292,28296,28280,28296,573
2026-07-24 10:47:02.152,28296,28300,28284,28300,436
2026-07-24 10:47:07.832,28300,28304,28288,28304,1212
2026-07-24 10:47:08.876,28304,28308,28292,28308,344
2026-07-24 10:47:43.584,28308,28310,28280,28280,3963
2026-07-24 10:47:47.316,28280,28292,28276,28276,625
2026-07-24 10:47:48.400,28276,28288,28272,28272,222
2026-07-24 10:47:52.168,28272,28284,28268,28268,871
2026-07-24 10:47:53.180,28268,28280,28261.75,28264,312
2026-07-24 10:49:08.868,28264,28292,28263.75,28292,5066
2026-07-24 10:49:16.100,28292,28296,28280,28296,674
2026-07-24 10:49:18.788,28296,28300.25,28284,28300,517
2026-07-24 10:49:20.656,28300,28304,28288,28304,333
2026-07-24 10:49:21.656,28304,28308,28292,28308,197
2026-07-24 10:49:22.660,28308,28312.75,28296,28312,379
2026-07-24 10:49:29.444,28312,28316,28300,28316,947
2026-07-24 10:49:36.356,28316,28320,28304,28320,938
2026-07-24 10:49:37.600,28320,28324,28308,28324,513
2026-07-24 10:50:02.496,28324,28328,28311.5,28328,2772
2026-07-24 10:50:09.552,28328,28332.25,28316,28332,1103
2026-07-24 10:50:10.556,28332,28339.5,28320,28336,419
2026-07-24 10:50:11.556,28336,28341,28324,28340,302
2026-07-24 10:50:17.728,28340,28344,28328,28344,939
2026-07-24 10:50:20.256,28344,28348,28332,28348,489
2026-07-24 10:50:27.236,28348,28352,28336,28352,1157
2026-07-24 10:50:31.412,28352,28356,28340,28356,754
2026-07-24 10:50:58.016,28356,28360,28344,28360,2910
2026-07-24 10:51:03.044,28360,28364,28348,28364,770
2026-07-24 10:52:39.552,28364,28364,28336,28336,9610
2026-07-24 10:52:41.072,28336,28348,28332,28332,412
2026-07-24 10:52:43.364,28332,28344,28327.5,28328,480
2026-07-24 10:52:52.428,28328,28340,28324,28324,921
2026-07-24 10:52:53.552,28324,28336,28320,28320,262
2026-07-24 10:53:01.196,28320,28332,28316,28316,1137
2026-07-24 10:53:02.768,28316,28328,28312,28312,430
2026-07-24 10:53:20.072,28312,28340,28311.25,28340,2458
2026-07-24 10:53:30.244,28340,28344,28328,28344,850
2026-07-24 10:53:35.636,28344,28348,28332,28348,497
2026-07-24 10:53:42.940,28348,28352,28336,28352,645
2026-07-24 10:53:44.288,28352,28356,28340,28356,258
2026-07-24 10:53:45.404,28356,28360.25,28344,28360,214
2026-07-24 10:53:46.440,28360,28364,28348,28364,265
2026-07-24 10:54:35.868,28364,28365.5,28336,28336,5089
2026-07-24 10:54:38.084,28336,28348,28332,28332,324
2026-07-24 10:54:39.216,28332,28344,28327.75,28328,241
2026-07-24 10:55:02.104,28328,28356,28325.5,28356,2097
2026-07-24 10:55:05.408,28356,28360,28344,28360,407
2026-07-24 10:55:10.112,28360,28364,28348,28364,613
2026-07-24 10:55:11.116,28364,28368.5,28352,28368,282
2026-07-24 10:55:15.248,28368,28372,28356,28372,694
2026-07-24 10:55:27.796,28372,28376,28360,28376,1726
2026-07-24 10:55:38.728,28376,28380,28364,28380,1308
2026-07-24 10:56:49.200,28380,28384,28366.5,28384,7156
2026-07-24 10:57:00.904,28384,28388,28372,28388,1345
2026-07-24 10:57:01.904,28388,28402.75,28376,28400,1308
2026-07-24 10:57:03.192,28400,28407.25,28388,28404,786
2026-07-24 10:57:06.780,28404,28408,28392,28408,649
2026-07-24 10:57:16.932,28408,28412,28396,28412,1483
2026-07-24 10:57:22.116,28412,28416,28400,28416,947
2026-07-24 10:57:41.592,28416,28420,28404,28420,2583
2026-07-24 10:58:46.676,28420,28424,28400.75,28424,7655
2026-07-24 10:58:47.972,28424,28428,28412,28428,423
2026-07-24 10:58:54.576,28428,28432,28416,28432,1248
2026-07-24 10:58:56.040,28432,28436,28420,28436,352
2026-07-24 10:58:59.824,28436,28440,28424,28440,720
2026-07-24 10:59:02.556,28440,28444,28428,28444,612
2026-07-24 10:59:04.576,28444,28448,28432,28448,464
2026-07-24 10:59:05.576,28448,28461.75,28436,28460,1219
2026-07-24 11:00:19.188,28460,28460.75,28432,28432,12157
2026-07-24 11:00:53.236,28432,28460,28431.5,28460,4577
2026-07-24 11:00:56.288,28460,28464,28448,28464,706
2026-07-24 11:00:57.548,28464,28468,28452,28468,355
2026-07-24 11:01:01.188,28468,28472,28456,28472,880
2026-07-24 11:01:02.200,28472,28477,28460,28476,528
2026-07-24 11:01:38.488,28476,28478.5,28448,28448,5375
2026-07-24 11:01:45.028,28448,28460,28444,28444,848
2026-07-24 11:01:47.096,28444,28456,28440,28440,348
2026-07-24 11:01:51.552,28440,28452,28436,28436,558
2026-07-24 11:01:55.312,28436,28448,28432,28432,462
2026-07-24 11:02:00.552,28432,28444,28428,28428,808
2026-07-24 11:02:01.640,28428,28440,28424,28424,456
2026-07-24 11:02:17.700,28424,28436,28420,28420,2722
2026-07-24 11:02:18.804,28420,28432,28416,28416,281
2026-07-24 11:04:13.624,28416,28438.75,28412,28412,11624
2026-07-24 11:04:51.676,28412,28424,28408,28408,3042
2026-07-24 11:05:01.076,28408,28420,28404,28404,1142
2026-07-24 11:06:29.008,28404,28421,28400,28400,7581
2026-07-24 11:06:33.808,28400,28412,28396,28396,986
2026-07-24 11:06:56.696,28396,28410.25,28392,28392,2436
2026-07-24 11:06:59.760,28392,28404,28385.75,28388,797
2026-07-24 11:07:00.760,28388,28400,28381.5,28384,766
2026-07-24 11:07:01.772,28384,28396,28377.5,28380,496
2026-07-24 11:07:04.812,28380,28392,28376,28376,531
2026-07-24 11:08:01.700,28376,28404,28372.75,28404,6806
2026-07-24 11:08:02.700,28404,28409,28392,28408,376
2026-07-24 11:08:03.700,28408,28415.25,28396,28412,388
2026-07-24 11:08:14.660,28412,28416,28400,28416,1471
2026-07-24 11:08:15.696,28416,28420,28404,28420,241
2026-07-24 11:08:17.008,28420,28424,28408,28424,314
2026-07-24 11:08:35.320,28424,28424,28396,28396,2324
2026-07-24 11:09:32.140,28396,28413.5,28392,28392,4550
2026-07-24 11:09:33.140,28392,28404,28387,28388,275
2026-07-24 11:09:35.120,28388,28400,28384,28384,462
2026-07-24 11:09:37.928,28384,28396,28380,28380,526
2026-07-24 11:09:39.568,28380,28392,28376,28376,358
2026-07-24 11:09:40.580,28376,28388,28370.5,28372,394
2026-07-24 11:09:41.616,28372,28384,28368,28368,320
2026-07-24 11:09:58.108,28368,28380,28364,28364,2026
2026-07-24 11:10:01.120,28364,28376,28360,28360,546
2026-07-24 11:10:02.120,28360,28372,28355.5,28356,273
2026-07-24 11:10:49.848,28356,28384,28355,28384,5245
2026-07-24 11:10:50.904,28384,28389.5,28372,28388,455
2026-07-24 11:10:51.904,28388,28395.5,28376,28392,372
2026-07-24 11:10:52.920,28392,28406,28380,28400,619
2026-07-24 11:10:53.920,28400,28416.75,28388,28412,1077
2026-07-24 11:10:54.924,28412,28428.25,28400,28424,796
2026-07-24 11:10:55.924,28424,28429,28412,28428,584
2026-07-24 11:10:56.948,28428,28435.25,28416,28432,690
2026-07-24 11:11:03.148,28432,28436,28415.75,28436,1992
2026-07-24 11:11:04.148,28436,28459,28424,28456,1176
2026-07-24 11:11:05.148,28456,28467.5,28444,28460,587
2026-07-24 11:11:06.400,28460,28464,28448,28464,542
2026-07-24 11:11:07.400,28464,28471.25,28452,28468,537
2026-07-24 11:11:09.964,28468,28475.25,28456,28472,1179
2026-07-24 11:11:18.544,28472,28476,28456,28476,2983
2026-07-24 11:11:21.936,28476,28488,28464,28480,1766
2026-07-24 11:11:28.772,28480,28486,28452,28452,2129
2026-07-24 11:11:29.808,28452,28464,28446.5,28448,333
2026-07-24 11:11:31.648,28448,28460,28444,28444,369
2026-07-24 11:11:32.848,28444,28456,28439.25,28440,447
2026-07-24 11:11:36.632,28440,28452,28436,28436,1096
2026-07-24 11:11:41.672,28436,28448,28432,28432,1091
2026-07-24 11:11:47.476,28432,28444,28426.25,28428,1241
2026-07-24 11:11:49.128,28428,28440,28424,28424,289
2026-07-24 11:11:50.128,28424,28436,28417.5,28420,311
2026-07-24 11:12:10.776,28420,28448,28415.5,28448,4474
2026-07-24 11:12:12.544,28448,28452,28436,28452,413
2026-07-24 11:12:23.016,28452,28456,28440,28456,1507
2026-07-24 11:12:53.044,28456,28458.25,28428,28428,3686
2026-07-24 11:12:54.512,28428,28440,28423.25,28424,270
2026-07-24 11:14:05.372,28424,28452,28424,28452,6599
2026-07-24 11:14:06.628,28452,28456,28440,28456,221
2026-07-24 11:14:08.428,28456,28460,28444,28460,318
2026-07-24 11:14:20.984,28460,28464,28448,28464,1634
2026-07-24 11:14:22.168,28464,28468,28452,28468,224
2026-07-24 11:14:25.224,28468,28472,28456,28472,690
2026-07-24 11:14:29.160,28472,28476,28460,28476,940
2026-07-24 11:14:31.312,28476,28480,28464,28480,384
2026-07-24 11:14:35.092,28480,28484.25,28468,28484,716
2026-07-24 11:14:36.092,28484,28493.75,28472,28488,599
2026-07-24 11:14:37.368,28488,28492.5,28476,28492,320
2026-07-24 11:14:39.620,28492,28496,28480,28496,457
2026-07-24 11:14:45.872,28496,28500,28484,28500,1566
2026-07-24 11:14:51.532,28500,28504,28488,28504,1274
2026-07-24 11:14:52.532,28504,28510,28492,28508,461
2026-07-24 11:15:07.184,28508,28512,28482.25,28512,4192
2026-07-24 11:15:08.184,28512,28528.5,28500,28524,1344
2026-07-24 11:15:30.164,28524,28546,28499.5,28528,5814
2026-07-24 11:15:33.088,28528,28532,28516,28532,734
2026-07-24 11:15:35.080,28532,28537.75,28520,28536,502
2026-07-24 11:15:42.028,28536,28540.25,28524,28540,1461
2026-07-24 11:15:46.480,28540,28544,28528,28544,792
2026-07-24 11:15:48.220,28544,28548,28532,28548,357
2026-07-24 11:15:49.228,28548,28554.75,28536,28552,537
2026-07-24 11:15:54.372,28552,28556,28540,28556,964
2026-07-24 11:16:12.692,28556,28556.75,28528,28528,4164
2026-07-24 11:16:13.984,28528,28540,28524,28524,291
2026-07-24 11:16:53.032,28524,28536,28520,28520,5126
2026-07-24 11:16:55.696,28520,28532,28516,28516,337
2026-07-24 11:17:00.540,28516,28528,28512,28512,754
2026-07-24 11:17:30.448,28512,28527.75,28508,28508,3898
2026-07-24 11:17:42.976,28508,28520,28504,28504,1759
2026-07-24 11:17:43.996,28504,28516,28496.75,28500,469
2026-07-24 11:17:45.004,28500,28512,28494.25,28496,204
2026-07-24 11:17:54.632,28496,28508,28492,28492,1241
2026-07-24 11:17:56.888,28492,28504,28488,28488,387
2026-07-24 11:18:24.364,28488,28510.25,28484,28484,4257
2026-07-24 11:18:27.904,28484,28496,28480,28480,686
2026-07-24 11:18:37.676,28480,28492,28476,28476,1378
2026-07-24 11:18:42.592,28476,28488,28472,28472,917
2026-07-24 11:19:04.716,28472,28491.5,28468,28468,3136
2026-07-24 11:19:13.784,28468,28496,28467,28496,1346
2026-07-24 11:19:35.032,28496,28496,28468,28468,2574
2026-07-24 11:19:36.520,28468,28480,28464,28464,329
2026-07-24 11:19:40.120,28464,28476,28460,28460,560
2026-07-24 11:20:14.592,28460,28488,28456.5,28488,5068
2026-07-24 11:20:17.716,28488,28492,28476,28492,556
2026-07-24 11:20:21.268,28492,28496,28480,28496,545
2026-07-24 11:20:28.224,28496,28500,28484,28500,1113
2026-07-24 11:20:29.248,28500,28504,28488,28504,237
2026-07-24 11:20:30.308,28504,28510.25,28492,28508,414
2026-07-24 11:21:06.240,28508,28512,28496,28512,4451
2026-07-24 11:21:33.492,28512,28516,28496.25,28516,3278
2026-07-24 11:23:19.752,28516,28520,28493.5,28520,10687
2026-07-24 11:23:32.872,28520,28524,28508,28524,1298
2026-07-24 11:25:59.084,28524,28528,28496.5,28528,13950
2026-07-24 11:26:01.044,28528,28532,28516,28532,323
2026-07-24 11:26:03.168,28532,28536,28520,28536,586
2026-07-24 11:28:02.212,28536,28540,28509.5,28540,9888
2026-07-24 11:28:04.792,28540,28544,28528,28544,498
2026-07-24 11:28:17.920,28544,28548,28532,28548,1457
2026-07-24 11:28:59.504,28548,28551.75,28520,28520,4498
2026-07-24 11:29:04.972,28520,28532,28516,28516,732
2026-07-24 11:29:06.128,28516,28528,28511.5,28512,302
2026-07-24 11:29:07.132,28512,28524,28506.25,28508,264
2026-07-24 11:29:08.268,28508,28520,28504,28504,204
2026-07-24 11:29:33.128,28504,28516.5,28500,28500,2852
2026-07-24 11:29:46.516,28500,28512,28496,28496,1532
2026-07-24 11:30:00.988,28496,28508,28492,28492,2012
2026-07-24 11:30:02.036,28492,28504,28488,28488,433
2026-07-24 11:31:02.332,28488,28516,28483.75,28516,7221
2026-07-24 11:31:03.556,28516,28520,28504,28520,276
2026-07-24 11:31:09.192,28520,28524,28508,28524,685
2026-07-24 11:31:16.392,28524,28528,28512,28528,815
2026-07-24 11:31:33.980,28528,28532,28516,28532,1405
2026-07-24 11:31:42.536,28532,28536,28520,28536,806
2026-07-24 11:32:12.948,28536,28540,28524,28540,2691
2026-07-24 11:32:21.172,28540,28542.5,28512,28512,1693
2026-07-24 11:32:40.688,28512,28524,28508,28508,2138
2026-07-24 11:33:01.092,28508,28520,28504,28504,2071
2026-07-24 11:33:18.068,28504,28516,28500,28500,2029
2026-07-24 11:33:21.132,28500,28512,28496,28496,314
2026-07-24 11:34:42.244,28496,28513.75,28492,28492,5962
2026-07-24 11:34:58.632,28492,28504,28488,28488,1472
2026-07-24 11:35:56.948,28488,28516,28485.75,28516,5154
2026-07-24 11:36:01.096,28516,28520,28504,28520,465
2026-07-24 11:36:45.044,28520,28524,28504,28524,3350
2026-07-24 11:37:44.440,28524,28528,28497.75,28528,5243
2026-07-24 11:37:59.724,28528,28532,28516,28532,1789
2026-07-24 11:38:00.808,28532,28536,28520,28536,315
2026-07-24 11:38:05.668,28536,28540,28524,28540,908
2026-07-24 11:38:41.080,28540,28544,28528,28544,2741
2026-07-24 11:38:44.588,28544,28548,28532,28548,415
2026-07-24 11:38:46.772,28548,28552,28536,28552,393
2026-07-24 11:39:02.144,28552,28556,28540,28556,1638
2026-07-24 11:39:16.088,28556,28560,28544,28560,1631
2026-07-24 11:39:20.376,28560,28564,28548,28564,755
2026-07-24 11:40:02.456,28564,28568,28552,28568,2933
2026-07-24 11:40:17.956,28568,28572,28556,28572,1630
2026-07-24 11:40:23.264,28572,28576,28560,28576,649
2026-07-24 11:41:09.104,28576,28577,28548,28548,3909
2026-07-24 11:41:20.696,28548,28560,28544,28544,1729
2026-07-24 11:41:21.712,28544,28556,28529.25,28540,937
2026-07-24 11:41:22.712,28540,28552,28525.25,28532,607
2026-07-24 11:41:47.124,28532,28544,28528,28528,2744
2026-07-24 11:42:21.880,28528,28543,28524,28524,3503
2026-07-24 11:42:24.220,28524,28536,28520,28520,287
2026-07-24 11:42:27.096,28520,28532,28516,28516,565
2026-07-24 11:43:41.040,28516,28530.25,28512,28512,5284
2026-07-24 11:43:42.076,28512,28524,28508,28508,211
2026-07-24 11:43:43.472,28508,28520,28503.75,28504,345
2026-07-24 11:43:46.596,28504,28516,28500,28500,795
2026-07-24 11:43:48.772,28500,28512,28496,28496,458
2026-07-24 11:43:50.648,28496,28508,28492,28492,326
2026-07-24 11:44:26.296,28492,28520,28489.5,28520,3556
2026-07-24 11:45:20.668,28520,28524,28502.5,28524,4040
2026-07-24 11:45:24.616,28524,28528,28512,28528,334
2026-07-24 11:47:51.040,28528,28531,28500,28500,9607
2026-07-24 11:47:52.052,28500,28512,28496,28496,250
2026-07-24 11:48:04.252,28496,28508,28492,28492,1239
2026-07-24 11:50:12.768,28492,28520,28491.75,28520,9389
2026-07-24 11:50:29.240,28520,28524,28508,28524,1625
2026-07-24 11:50:30.968,28524,28528.75,28512,28528,333
2026-07-24 11:50:34.472,28528,28532,28516,28532,479
2026-07-24 11:50:45.856,28532,28536,28520,28536,1186
2026-07-24 11:50:48.704,28536,28540,28524,28540,527
2026-07-24 11:51:02.936,28540,28544,28528,28544,1394
2026-07-24 11:51:14.408,28544,28548,28532,28548,1145
2026-07-24 11:53:10.192,28548,28548.5,28520,28520,7764
2026-07-24 11:53:12.168,28520,28532,28516,28516,287
2026-07-24 11:53:45.528,28516,28544,28516,28544,2121
2026-07-24 11:53:47.132,28544,28548,28532,28548,273
2026-07-24 11:55:22.688,28548,28552,28532.5,28552,5305
2026-07-24 11:55:30.324,28552,28556,28540,28556,535
2026-07-24 11:55:37.184,28556,28560,28544,28560,516
2026-07-24 11:56:06.392,28560,28564,28548,28564,1784
2026-07-24 11:56:34.064,28564,28568,28551,28568,1871
2026-07-24 11:56:48.836,28568,28572,28556,28572,949
2026-07-24 11:57:48.684,28572,28576,28560,28576,3188
2026-07-24 11:59:06.912,28576,28580,28555.75,28580,5246
2026-07-24 12:01:08.684,28580,28583.75,28552,28552,7902
2026-07-24 12:03:45.080,28552,28580,28548.75,28580,7213
2026-07-24 12:04:05.232,28580,28584,28568,28584,1055
2026-07-24 12:04:32.080,28584,28588,28572,28588,1690
2026-07-24 12:04:42.604,28588,28592,28576,28592,847
2026-07-24 12:05:45.528,28592,28596,28580,28596,3328
2026-07-24 12:07:28.700,28596,28600,28579.75,28600,6838
2026-07-24 12:07:45.196,28600,28604,28588,28604,1561
2026-07-24 12:07:49.200,28604,28608,28592,28608,530
2026-07-24 12:07:55.416,28608,28612,28596,28612,712
2026-07-24 12:08:00.624,28612,28616,28600,28616,1021
2026-07-24 12:10:16.864,28616,28620,28600.25,28620,8689
2026-07-24 12:10:17.876,28620,28626.5,28608,28624,898
2026-07-24 12:10:38.116,28624,28628,28612,28628,1814
2026-07-24 12:12:48.312,28628,28631.25,28600,28600,10062
2026-07-24 12:12:50.232,28600,28612,28596,28596,409
2026-07-24 12:13:06.996,28596,28608,28592,28592,1889
2026-07-24 12:13:12.656,28592,28604,28588,28588,798
2026-07-24 12:13:15.452,28588,28600,28584,28584,405
2026-07-24 12:13:49.552,28584,28596,28580,28580,2659
2026-07-24 12:14:22.800,28580,28592,28576,28576,2922
2026-07-24 12:14:34.076,28576,28588,28572,28572,887
2026-07-24 12:15:11.920,28572,28584,28568,28568,2396
2026-07-24 12:15:16.536,28568,28580,28563,28564,629
2026-07-24 12:16:24.560,28564,28576,28560,28560,4434
2026-07-24 12:17:04.580,28560,28572,28556,28556,2334
2026-07-24 12:20:51.224,28556,28584,28552.5,28584,12927
2026-07-24 12:21:01.820,28584,28588,28572,28588,578
2026-07-24 12:22:58.988,28588,28592,28563,28592,6906
2026-07-24 12:30:01.820,28592,28594,28564,28564,17575
2026-07-24 12:30:04.076,28564,28576,28560,28560,388
2026-07-24 12:30:06.892,28560,28572,28556,28556,481
2026-07-24 12:30:10.080,28556,28568,28552,28552,378
2026-07-24 12:30:15.896,28552,28564,28548,28548,994
2026-07-24 12:30:16.972,28548,28560,28544,28544,335
2026-07-24 12:30:28.876,28544,28556,28540,28540,1232
2026-07-24 12:30:47.980,28540,28552,28536,28536,1789
2026-07-24 12:30:48.980,28536,28548,28527.75,28532,1415
2026-07-24 12:31:22.164,28532,28548.75,28528,28528,4309
2026-07-24 12:38:39.548,28528,28555.75,28524,28524,21057
2026-07-24 12:38:53.584,28524,28536,28520,28520,848
2026-07-24 12:40:07.684,28520,28532,28516,28516,3879
2026-07-24 12:40:25.232,28516,28528,28512,28512,1463
2026-07-24 12:41:03.128,28512,28524,28508,28508,2419
2026-07-24 12:42:34.648,28508,28520,28504,28504,4235
2026-07-24 12:43:11.224,28504,28516,28500,28500,2127
2026-07-24 12:43:12.228,28500,28512,28495.25,28496,580
2026-07-24 12:45:03.672,28496,28512.25,28492,28492,5275
2026-07-24 12:47:02.112,28492,28511,28488,28488,6152
2026-07-24 12:47:38.352,28488,28500,28484,28484,1990
2026-07-24 12:47:40.128,28484,28496,28480,28480,358
2026-07-24 12:48:14.128,28480,28492,28476,28476,1864
2026-07-24 12:48:28.732,28476,28488,28472,28472,1062
2026-07-24 12:49:21.736,28472,28484,28468,28468,2849
2026-07-24 12:53:32.836,28468,28488.25,28464,28464,10317
2026-07-24 12:55:32.556,28464,28492,28460.5,28492,7135
2026-07-24 12:57:02.256,28492,28496,28480,28496,4255
2026-07-24 12:57:20.860,28496,28500,28484,28500,1063
2026-07-24 12:58:16.396,28500,28504,28488,28504,2300
2026-07-24 12:58:17.764,28504,28508,28492,28508,270
2026-07-24 13:01:10.240,28508,28511,28480,28480,8634
2026-07-24 13:01:14.864,28480,28492,28476,28476,466
2026-07-24 13:01:18.404,28476,28488,28472,28472,683
2026-07-24 13:01:32.956,28472,28484,28468,28468,998
2026-07-24 13:06:10.536,28468,28488,28464,28464,13508
2026-07-24 13:06:11.540,28464,28476,28442.5,28456,2364
2026-07-24 13:06:14.772,28456,28468.5,28452,28452,1561
2026-07-24 13:06:19.444,28452,28464,28448,28448,968
2026-07-24 13:06:32.420,28448,28476,28445.25,28476,2934
2026-07-24 13:07:44.060,28476,28476.5,28448,28448,4570
2026-07-24 13:08:04.828,28448,28460,28444,28444,1663
2026-07-24 13:08:12.616,28444,28456,28440,28440,1188
2026-07-24 13:08:16.828,28440,28452,28436,28436,528
2026-07-24 13:10:02.352,28436,28453.5,28432,28432,6472
2026-07-24 13:10:05.624,28432,28444,28428,28428,532
2026-07-24 13:11:27.820,28428,28456,28427,28456,6230
2026-07-24 13:12:12.048,28456,28460,28444,28460,2306
2026-07-24 13:12:32.392,28460,28464,28448,28464,1141
2026-07-24 13:14:13.080,28464,28468,28451,28468,4306
2026-07-24 13:17:53.192,28468,28472,28440.75,28472,11794
2026-07-24 13:18:01.152,28472,28476,28460,28476,702
2026-07-24 13:18:39.736,28476,28480,28461.5,28480,2383
2026-07-24 13:18:41.264,28480,28486,28468,28484,537
2026-07-24 13:18:48.184,28484,28488,28472,28488,625
2026-07-24 13:20:14.076,28488,28492,28474.5,28492,4965
2026-07-24 13:22:48.684,28492,28494.5,28464,28464,7826
2026-07-24 13:25:03.868,28464,28492,28461.75,28492,6301
2026-07-24 13:26:01.824,28492,28496,28472.25,28496,3031
2026-07-24 13:26:41.632,28496,28500,28484,28500,1571
2026-07-24 13:26:57.796,28500,28504,28488,28504,928
2026-07-24 13:27:02.192,28504,28508,28492,28508,872
2026-07-24 13:27:17.356,28508,28512,28496,28512,1248
2026-07-24 13:27:22.776,28512,28516,28500,28516,593
2026-07-24 13:28:09.048,28516,28520,28504,28520,2519
2026-07-24 13:30:21.856,28520,28524,28504.25,28524,7801
2026-07-24 13:33:30.280,28524,28528,28506.5,28528,6847
2026-07-24 13:33:33.704,28528,28532,28516,28532,648
2026-07-24 13:33:51.056,28532,28536,28520,28536,1118
2026-07-24 13:34:36.116,28536,28540,28524,28540,2106
2026-07-24 13:34:57.392,28540,28544,28528,28544,879
2026-07-24 13:37:03.544,28544,28544.25,28516,28516,6008
2026-07-24 13:37:29.120,28516,28528,28512,28512,1163
2026-07-24 13:37:33.612,28512,28524,28508,28508,675
2026-07-24 13:37:47.952,28508,28520,28504,28504,960
2026-07-24 13:38:06.604,28504,28516,28500,28500,899
2026-07-24 13:39:22.332,28500,28512,28496,28496,3550
2026-07-24 13:39:25.240,28496,28508,28492,28492,317
2026-07-24 13:39:33.132,28492,28504,28488,28488,1071
2026-07-24 13:40:03.040,28488,28500,28484,28484,1622
2026-07-24 13:40:17.552,28484,28496,28480,28480,982
2026-07-24 13:40:19.916,28480,28492,28476,28476,395
2026-07-24 13:41:22.544,28476,28489.75,28472,28472,3680
2026-07-24 13:41:23.564,28472,28484,28466.5,28468,482
2026-07-24 13:42:14.456,28468,28480,28464,28464,2421
2026-07-24 13:45:01.440,28464,28483,28460,28460,6826
2026-07-24 13:45:04.180,28460,28472,28456,28456,649
2026-07-24 13:45:44.516,28456,28468,28452,28452,2554
2026-07-24 13:47:14.084,28452,28480,28452,28480,3859
2026-07-24 13:49:55.476,28480,28484,28458.5,28484,5900
2026-07-24 13:50:38.408,28484,28488,28472,28488,2057
2026-07-24 13:50:45.528,28488,28492,28476,28492,533
2026-07-24 13:51:00.280,28492,28496,28480,28496,908
2026-07-24 13:51:01.328,28496,28500,28484,28500,272
2026-07-24 13:51:55.976,28500,28501.5,28472,28472,3042
2026-07-24 13:52:29.072,28472,28484,28468,28468,1770
2026-07-24 14:00:00.952,28468,28492,28464,28464,13368
2026-07-24 14:00:04.608,28464,28476,28460,28460,568
2026-07-24 14:02:03.100,28460,28487,28456,28456,5419
2026-07-24 14:04:25.460,28456,28470.75,28452,28452,4538
2026-07-24 14:06:40.224,28452,28464,28448,28448,4643
2026-07-24 14:06:53.316,28448,28460,28444,28444,486
2026-07-24 14:10:38.292,28444,28468,28440,28440,8687
2026-07-24 14:11:37.080,28440,28452,28436,28436,1697
2026-07-24 14:12:27.308,28436,28448,28432,28432,1487
2026-07-24 14:12:28.508,28432,28444,28428,28428,232
2026-07-24 14:14:01.392,28428,28440.5,28424,28424,3832
2026-07-24 14:14:14.948,28424,28436,28420,28420,615
2026-07-24 14:18:13.908,28420,28434.75,28416,28416,8106
2026-07-24 14:18:38.244,28416,28428,28412,28412,1377
2026-07-24 14:18:40.856,28412,28424,28408,28408,399
2026-07-24 14:19:24.544,28408,28420,28404,28404,2569
2026-07-24 14:19:27.484,28404,28416,28400,28400,422
2026-07-24 14:19:54.068,28400,28412,28396,28396,1568
2026-07-24 14:20:06.876,28396,28408,28392,28392,687
2026-07-24 14:20:43.120,28392,28404,28388,28388,1961
2026-07-24 14:21:28.564,28388,28400,28384,28384,2145
2026-07-24 14:22:37.052,28384,28396,28380,28380,2847
2026-07-24 14:23:19.520,28380,28392,28376,28376,1779
2026-07-24 14:25:08.140,28376,28390.25,28372,28372,4953
2026-07-24 14:25:25.880,28372,28384,28368,28368,786
2026-07-24 14:25:27.676,28368,28380,28364,28364,412
2026-07-24 14:25:32.668,28364,28376,28360,28360,703
2026-07-24 14:26:31.376,28360,28372,28356,28356,3422
2026-07-24 14:27:40.004,28356,28368,28352,28352,3423
2026-07-24 14:27:55.068,28352,28364,28348,28348,1086
2026-07-24 14:28:02.044,28348,28360,28344,28344,636
2026-07-24 14:28:25.908,28344,28356,28340,28340,1796
2026-07-24 14:29:33.648,28340,28355,28336,28336,3897
2026-07-24 14:30:55.804,28336,28348,28332,28332,5121
2026-07-24 14:31:07.644,28332,28344,28328,28328,979
2026-07-24 14:31:16.120,28328,28340,28324,28324,920
2026-07-24 14:31:18.908,28324,28336,28320,28320,410
2026-07-24 14:31:27.376,28320,28332,28316,28316,847
2026-07-24 14:31:46.696,28316,28328,28312,28312,1487
2026-07-24 14:33:42.116,28312,28327.75,28308,28308,7088
2026-07-24 14:33:50.372,28308,28320,28304,28304,1030
2026-07-24 14:34:17.624,28304,28316,28300,28300,2034
2026-07-24 14:34:30.436,28300,28312,28296,28296,890
2026-07-24 14:34:32.276,28296,28308,28292,28292,473
2026-07-24 14:35:05.072,28292,28304,28288,28288,2543
2026-07-24 14:35:08.124,28288,28300,28284,28284,605
2026-07-24 14:35:17.604,28284,28296,28280,28280,893
2026-07-24 14:36:16.548,28280,28308,28278.75,28308,5877
2026-07-24 14:36:18.624,28308,28312,28296,28312,359
2026-07-24 14:36:22.704,28312,28316,28300,28316,722
2026-07-24 14:36:27.408,28316,28320,28304,28320,987
2026-07-24 14:38:03.332,28320,28321.25,28292,28292,6068
2026-07-24 14:39:41.272,28292,28314.5,28288,28288,5592
2026-07-24 14:39:47.392,28288,28300,28284,28284,1730
2026-07-24 14:40:14.936,28284,28298.25,28280,28280,3164
2026-07-24 14:40:41.440,28280,28292,28275,28276,2156
2026-07-24 14:41:29.768,28276,28288,28272,28272,3029
2026-07-24 14:41:34.284,28272,28284,28268,28268,746
2026-07-24 14:42:03.916,28268,28280,28264,28264,2300
2026-07-24 14:42:10.416,28264,28276,28260,28260,767
2026-07-24 14:43:23.672,28260,28288,28259,28288,5658
2026-07-24 14:45:19.656,28288,28292,28269.5,28292,5817
2026-07-24 14:45:22.056,28292,28296,28280,28296,418
2026-07-24 14:45:30.232,28296,28300,28284,28300,948
2026-07-24 14:45:31.260,28300,28306.5,28288,28304,431
2026-07-24 14:46:00.684,28304,28308,28292,28308,1846
2026-07-24 14:46:02.756,28308,28312,28296,28312,330
2026-07-24 14:46:24.876,28312,28316,28300,28316,1856
2026-07-24 14:46:29.568,28316,28320,28304,28320,428
2026-07-24 14:46:35.112,28320,28324,28308,28324,652
2026-07-24 14:50:33.796,28324,28325.25,28296,28296,12058
2026-07-24 14:50:35.892,28296,28308,28292,28292,291
2026-07-24 14:50:39.396,28292,28304,28288,28288,512
2026-07-24 14:51:20.060,28288,28316,28287,28316,2388
2026-07-24 14:51:22.552,28316,28320,28304,28320,298
2026-07-24 14:54:14.404,28320,28320,28292,28292,7422
2026-07-24 14:56:41.728,28292,28320,28290,28320,7018
2026-07-24 14:56:51.640,28320,28324,28308,28324,798
2026-07-24 14:57:13.692,28324,28328,28312,28328,1850
2026-07-24 14:59:03.376,28328,28328,28300,28300,5374
2026-07-24 15:00:24.100,28300,28316.5,28296,28296,3342
2026-07-24 15:00:28.512,28296,28308,28292,28292,441
2026-07-24 15:01:18.268,28292,28320,28290.5,28320,3061
2026-07-24 15:01:21.656,28320,28324,28308,28324,466
2026-07-24 15:01:26.588,28324,28328,28312,28328,543
2026-07-24 15:02:03.360,28328,28329.75,28300,28300,2496
2026-07-24 15:02:23.904,28300,28312,28296,28296,1364
2026-07-24 15:02:36.524,28296,28308,28292,28292,628
2026-07-24 15:02:49.184,28292,28304,28288,28288,762
2026-07-24 15:03:06.156,28288,28300,28284,28284,959
2026-07-24 15:04:56.044,28284,28296,28280,28280,4901
2026-07-24 15:06:01.672,28280,28308,28276.5,28308,4047
2026-07-24 15:06:54.700,28308,28311.25,28280,28280,3237
2026-07-24 15:06:56.224,28280,28292,28276,28276,364
2026-07-24 15:07:04.516,28276,28288,28272,28272,860
2026-07-24 15:07:05.980,28272,28284,28268,28268,334
2026-07-24 15:07:10.680,28268,28280,28264,28264,589
2026-07-24 15:07:20.716,28264,28276,28260,28260,1057
2026-07-24 15:07:22.916,28260,28272,28256,28256,446
2026-07-24 15:07:24.076,28256,28268,28251.75,28252,858
2026-07-24 15:07:32.592,28252,28264,28248,28248,1285
2026-07-24 15:07:43.072,28248,28260,28244,28244,1317
2026-07-24 15:07:45.564,28244,28256,28240,28240,435
2026-07-24 15:09:17.860,28240,28252,28236,28236,7221
2026-07-24 15:09:32.996,28236,28248,28232,28232,989
2026-07-24 15:09:38.332,28232,28244,28228,28228,914
2026-07-24 15:10:01.920,28228,28240,28224,28224,2270
2026-07-24 15:12:14.820,28224,28252,28221.5,28252,9849
2026-07-24 15:12:19.196,28252,28256,28240,28256,688
2026-07-24 15:14:02.748,28256,28259.75,28228,28228,6051
2026-07-24 15:14:05.212,28228,28240,28224,28224,327
2026-07-24 15:14:56.668,28224,28236,28220,28220,2240
2026-07-24 15:15:04.768,28220,28232,28216,28216,1051
2026-07-24 15:19:53.180,28216,28244,28212.5,28244,16601
2026-07-24 15:21:40.424,28244,28248,28227.5,28248,5399
2026-07-24 15:21:44.296,28248,28252,28236,28252,403
2026-07-24 15:22:14.568,28252,28256,28240,28256,1655
2026-07-24 15:24:23.144,28256,28257.25,28228,28228,5606
2026-07-24 15:24:24.144,28228,28240,28221.25,28224,374
2026-07-24 15:24:25.192,28224,28236,28219.25,28220,218
2026-07-24 15:27:21.052,28220,28248,28219.25,28248,8700
2026-07-24 15:27:25.964,28248,28252,28236,28252,379
2026-07-24 15:28:46.784,28252,28256,28240,28256,3625
2026-07-24 15:29:00.364,28256,28260,28244,28260,750
2026-07-24 15:29:34.232,28260,28264,28248,28264,2590
2026-07-24 15:30:12.584,28264,28268,28251.75,28268,2760
2026-07-24 15:31:19.548,28268,28272,28252.25,28272,4531
2026-07-24 15:32:03.800,28272,28276,28256.5,28276,4160
2026-07-24 15:32:42.356,28276,28280,28264,28280,2332
2026-07-24 15:32:49.416,28280,28284,28268,28284,640
2026-07-24 15:33:14.336,28284,28288,28272,28288,2078
2026-07-24 15:33:17.084,28288,28292,28276,28292,510
2026-07-24 15:34:14.532,28292,28296,28278.25,28296,4502
2026-07-24 15:35:14.972,28296,28300,28274.75,28300,5206
2026-07-24 15:39:55.072,28300,28303,28272,28272,18800
2026-07-24 15:40:34.324,28272,28284,28268,28268,3224
2026-07-24 15:41:02.872,28268,28280,28264,28264,1527
2026-07-24 15:41:06.332,28264,28276,28260,28260,340
2026-07-24 15:41:20.308,28260,28272,28256,28256,1172
2026-07-24 15:41:23.708,28256,28268,28252,28252,647
2026-07-24 15:42:17.760,28252,28264,28248,28248,3445
2026-07-24 15:43:21.792,28248,28261,28244,28244,3535
2026-07-24 15:43:24.528,28244,28256,28240,28240,482
2026-07-24 15:44:27.392,28240,28268,28238.25,28268,4342
2026-07-24 15:44:30.220,28268,28272,28256,28272,364
2026-07-24 15:44:50.960,28272,28276,28260,28276,1368
2026-07-24 15:45:05.060,28276,28280,28264,28280,1071
2026-07-24 15:46:01.104,28280,28283.5,28252,28252,3909
2026-07-24 15:49:06.256,28252,28269.25,28248,28248,8285
2026-07-24 15:49:17.892,28248,28260,28244,28244,655
2026-07-24 15:49:53.148,28244,28272,28242.25,28272,2321
2026-07-24 15:49:57.524,28272,28276,28260,28276,311
2026-07-24 15:50:00.024,28276,28280,28264,28280,309
2026-07-24 15:50:12.792,28280,28291,28252,28252,3348
2026-07-24 15:50:16.932,28252,28264,28248,28248,567
2026-07-24 15:50:18.528,28248,28260,28244,28244,193
2026-07-24 15:50:26.284,28244,28256,28240,28240,778
2026-07-24 15:50:59.172,28240,28252,28236,28236,2180
2026-07-24 15:51:00.804,28236,28248,28231.5,28232,443
2026-07-24 15:51:02.008,28232,28244,28228,28228,360
2026-07-24 15:53:10.036,28228,28243.25,28224,28224,7573
2026-07-24 15:54:13.876,28224,28252,28223.25,28252,4757
2026-07-24 15:54:22.180,28252,28256,28240,28256,609
2026-07-24 15:54:26.616,28256,28260,28244,28260,324
2026-07-24 15:54:28.708,28260,28264,28248,28264,208
2026-07-24 15:54:40.028,28264,28268,28252,28268,1053
2026-07-24 15:54:41.044,28268,28272.75,28256,28272,305
2026-07-24 15:54:51.752,28272,28276,28260,28276,1321
2026-07-24 15:54:52.836,28276,28280,28264,28280,333
2026-07-24 15:55:51.088,28280,28280,28252,28252,6346
2026-07-24 15:56:00.112,28252,28264,28248,28248,457
2026-07-24 15:58:19.960,28248,28276,28246.5,28276,6963
2026-07-24 15:59:38.428,28276,28280,28250,28280,7347
2026-07-24 15:59:50.196,28280,28284,28268,28284,2641
2026-07-24 15:59:51.740,28284,28288,28272,28288,500
2026-07-24 15:59:52.772,28288,28292,28276,28292,279
2026-07-24 16:01:09.156,28292,28296,28266.75,28296,9542
2026-07-24 16:01:16.044,28296,28300,28284,28300,534
2026-07-24 16:03:55.036,28300,28303.5,28272,28272,6721
2026-07-24 16:04:03.448,28272,28284,28267.75,28268,469
2026-07-24 16:04:08.476,28268,28280,28264,28264,227
2026-07-24 16:05:57.684,28264,28277.75,28260,28260,2639
2026-07-24 16:11:51.836,28260,28288,28260,28288,6839
2026-07-24 16:13:00.296,28288,28292,28276,28292,1371
2026-07-24 16:15:00.192,28292,28296,28280,28296,2105
2026-07-24 16:15:27.216,28296,28300,28284,28300,579
2026-07-24 16:15:28.724,28300,28304.25,28288,28304,170
2026-07-24 16:16:45.840,28304,28308,28292,28308,1251
2026-07-24 16:18:42.036,28308,28312,28296,28312,1700
2026-07-24 16:18:59.972,28312,28316,28300,28316,554
2026-07-24 16:21:09.092,28316,28320.75,28304,28320,1803
2026-07-24 16:23:04.988,28320,28324,28308,28324,1145
2026-07-24 16:23:22.264,28324,28328,28312,28328,336
2026-07-24 16:30:19.520,28328,28329.25,28300,28300,5605
2026-07-24 16:30:39.536,28300,28312,28296,28296,329
2026-07-24 16:30:43.388,28296,28308,28292,28292,98
2026-07-24 16:31:21.416,28292,28304,28288,28288,766
2026-07-24 16:59:59.852,28288,28313,28284.75,28306.75,14345
