time,open,high,low,close,volume
2026-07-15 18:02:02.916,29707.75,29732.75,29698,29732.75,2664
2026-07-15 18:02:17.692,29732.75,29739,29714,29739,398
2026-07-15 18:06:11.592,29739,29745.25,29720.25,29745.25,3186
2026-07-15 18:36:07.920,29745.25,29749,29701.5,29701.5,14444
2026-07-15 18:36:17.136,29701.5,29720.25,29695.25,29695.25,470
2026-07-15 18:38:45.672,29695.25,29714,29689,29689,1929
2026-07-15 18:49:25.836,29689,29707.75,29682.75,29682.75,5255
2026-07-15 19:00:42.244,29682.75,29726.5,29677.75,29726.5,12640
2026-07-15 19:12:21.208,29726.5,29732.75,29707.75,29732.75,6143
2026-07-15 19:49:57.752,29732.75,29737,29689,29689,23697
2026-07-15 19:59:17.344,29689,29707.75,29682.75,29682.75,5759
2026-07-15 20:02:09.264,29682.75,29726.5,29682.25,29726.5,5007
2026-07-15 20:02:13.572,29726.5,29732.75,29707.75,29732.75,360
2026-07-15 20:02:44.920,29732.75,29739,29714,29739,1170
2026-07-15 20:05:03.080,29739,29745.25,29720.25,29745.25,4638
2026-07-15 20:13:52.404,29745.25,29751.5,29719.75,29751.5,10603
2026-07-15 20:15:02.864,29751.5,29757.75,29732.75,29757.75,2740
2026-07-15 20:15:13.484,29757.75,29764,29739,29764,736
2026-07-15 20:16:31.584,29764,29765.25,29720.25,29720.25,3619
2026-07-15 20:16:37.340,29720.25,29739,29714,29714,438
2026-07-15 20:18:31.740,29714,29732.75,29707.75,29707.75,2674
2026-07-15 20:19:14.676,29707.75,29726.5,29701.5,29701.5,970
2026-07-15 20:19:43.012,29701.5,29720.25,29695.25,29695.25,617
2026-07-15 20:20:03.908,29695.25,29714,29689,29689,827
2026-07-15 20:26:55.492,29689,29707.75,29682.75,29682.75,8480
2026-07-15 20:26:56.508,29682.75,29701.5,29670.25,29676.5,803
2026-07-15 20:27:12.976,29676.5,29695.25,29670.25,29670.25,845
2026-07-15 20:27:38.816,29670.25,29689,29664,29664,1159
2026-07-15 20:30:16.272,29664,29686.75,29657.75,29657.75,4514
2026-07-15 20:39:12.896,29657.75,29696.25,29651.5,29651.5,13194
2026-07-15 20:40:28.516,29651.5,29670.25,29645.25,29645.25,1668
2026-07-15 20:42:10.136,29645.25,29664,29639,29639,2066
2026-07-15 20:42:58.392,29639,29657.75,29632.75,29632.75,974
2026-07-15 20:44:59.764,29632.75,29651.5,29626.5,29626.5,2394
2026-07-15 20:52:34.252,29626.5,29670.25,29622.25,29670.25,10766
2026-07-15 20:52:37.260,29670.25,29676.5,29651.5,29676.5,282
2026-07-15 21:01:46.504,29676.5,29679.75,29632.75,29632.75,11770
2026-07-15 21:12:32.068,29632.75,29669,29626.5,29626.5,11320
2026-07-15 21:13:06.532,29626.5,29645.25,29620.25,29620.25,858
2026-07-15 21:16:15.252,29620.25,29639,29614,29614,4235
2026-07-15 21:18:02.756,29614,29632.75,29607.75,29607.75,2054
2026-07-15 21:30:09.024,29607.75,29629,29601.5,29601.5,11316
2026-07-15 21:34:06.980,29601.5,29620.25,29595.25,29595.25,4509
2026-07-15 21:39:43.856,29595.25,29639,29593.5,29639,7204
2026-07-15 21:41:42.272,29639,29645.25,29620.25,29645.25,1948
2026-07-15 21:47:15.660,29645.25,29651.5,29607.75,29651.5,6254
2026-07-15 21:48:36.936,29651.5,29657.75,29632.75,29657.75,1557
2026-07-15 21:49:02.484,29657.75,29664,29639,29664,816
2026-07-15 21:49:21.496,29664,29670.25,29645.25,29670.25,785
2026-07-15 21:49:51.620,29670.25,29676.5,29651.5,29676.5,921
2026-07-15 21:50:13.480,29676.5,29682.75,29657.75,29682.75,1102
2026-07-15 22:01:30.148,29682.75,29686.5,29639,29639,12591
2026-07-15 22:01:48.236,29639,29657.75,29632.75,29632.75,490
2026-07-15 22:02:13.672,29632.75,29651.5,29626.5,29626.5,650
2026-07-15 22:10:05.916,29626.5,29645.25,29620.25,29620.25,5944
2026-07-15 22:19:45.244,29620.25,29664,29620,29664,8771
2026-07-15 22:20:37.276,29664,29670.25,29645.25,29670.25,877
2026-07-15 22:22:31.408,29670.25,29676.5,29651.5,29676.5,1312
2026-07-15 22:23:29.488,29676.5,29682.75,29657.75,29682.75,837
2026-07-15 22:23:52.120,29682.75,29689,29664,29689,634
2026-07-15 22:24:54.564,29689,29695.25,29670.25,29695.25,1422
2026-07-15 22:26:27.904,29695.25,29701.5,29676.5,29701.5,1587
2026-07-15 22:49:22.188,29701.5,29707.75,29672,29707.75,16481
2026-07-15 22:49:25.752,29707.75,29714,29689,29714,434
2026-07-15 22:54:02.032,29714,29720.25,29695.25,29720.25,4222
2026-07-15 22:55:58.992,29720.25,29726.5,29701.5,29726.5,1790
2026-07-15 22:58:56.456,29726.5,29732.75,29707.75,29732.75,1693
2026-07-15 23:05:47.092,29732.75,29739,29714,29739,5211
2026-07-15 23:06:04.400,29739,29745.25,29720.25,29745.25,743
2026-07-15 23:11:27.020,29745.25,29751.5,29726.5,29751.5,3462
2026-07-15 23:45:39.796,29751.5,29752.5,29707.75,29707.75,20514
2026-07-16 00:14:09.952,29707.75,29751.5,29705.75,29751.5,14863
2026-07-16 00:37:04.204,29751.5,29756,29707.75,29707.75,10053
2026-07-16 00:40:20.728,29707.75,29726.5,29701.5,29701.5,1343
2026-07-16 01:14:19.604,29701.5,29745.25,29695.75,29745.25,16336
2026-07-16 01:15:12.000,29745.25,29751.5,29726.5,29751.5,617
2026-07-16 01:15:21.952,29751.5,29757.75,29732.75,29757.75,408
2026-07-16 01:15:24.036,29757.75,29764,29739,29764,369
2026-07-16 01:25:26.664,29764,29771.25,29739.25,29770.25,7589
2026-07-16 01:30:09.760,29770.25,29776.5,29751.5,29776.5,3795
2026-07-16 01:30:10.764,29776.5,29795,29757.75,29789,1037
2026-07-16 01:30:18.616,29789,29795.25,29770.25,29795.25,578
2026-07-16 01:32:16.104,29795.25,29796.5,29751.5,29751.5,2718
2026-07-16 01:32:32.860,29751.5,29770.25,29745.25,29745.25,407
2026-07-16 01:33:32.488,29745.25,29764,29739,29739,1091
2026-07-16 01:33:42.636,29739,29757.75,29732.75,29732.75,399
2026-07-16 01:34:07.888,29732.75,29751.5,29726.5,29726.5,510
2026-07-16 01:34:10.328,29726.5,29745.25,29718.75,29720.25,466
2026-07-16 01:34:16.188,29720.25,29739,29714,29714,254
2026-07-16 01:35:00.492,29714,29732.75,29707.75,29707.75,1137
2026-07-16 01:35:07.868,29707.75,29726.5,29701.5,29701.5,386
2026-07-16 01:35:11.440,29701.5,29720.25,29695.25,29695.25,335
2026-07-16 01:35:14.556,29695.25,29714,29689,29689,371
2026-07-16 01:35:46.172,29689,29707.75,29682.75,29682.75,1250
2026-07-16 01:35:55.648,29682.75,29701.5,29676.5,29676.5,357
2026-07-16 01:36:07.860,29676.5,29695.25,29670.25,29670.25,744
2026-07-16 01:43:39.476,29670.25,29714,29667,29714,10060
2026-07-16 02:00:16.288,29714,29720.25,29678,29720.25,10937
2026-07-16 02:00:29.704,29720.25,29726.5,29701.5,29726.5,724
2026-07-16 02:05:48.716,29726.5,29730,29682.75,29682.75,6609
2026-07-16 02:05:53.632,29682.75,29701.5,29675.75,29676.5,338
2026-07-16 02:06:17.268,29676.5,29695.25,29670.25,29670.25,818
2026-07-16 02:06:44.676,29670.25,29689,29664,29664,616
2026-07-16 02:07:25.412,29664,29682.75,29657.75,29657.75,1047
2026-07-16 02:07:33.404,29657.75,29676.5,29651.5,29651.5,376
2026-07-16 02:08:50.464,29651.5,29695.25,29646,29695.25,2571
2026-07-16 02:08:51.472,29695.25,29730.5,29676.5,29726.5,1383
2026-07-16 02:09:07.196,29726.5,29734,29701,29732.75,1744
2026-07-16 02:09:09.692,29732.75,29739,29714,29739,274
2026-07-16 02:17:30.568,29739,29745.25,29699.25,29745.25,9688
2026-07-16 02:23:07.428,29745.25,29748.75,29701.5,29701.5,4943
2026-07-16 02:24:05.276,29701.5,29720.25,29695.25,29695.25,695
2026-07-16 02:27:35.816,29695.25,29714,29689,29689,2031
2026-07-16 02:30:00.096,29689,29707.75,29682.75,29682.75,1482
2026-07-16 02:33:49.772,29682.75,29701.5,29676.5,29676.5,2740
2026-07-16 02:34:18.536,29676.5,29695.25,29670.25,29670.25,446
2026-07-16 02:34:32.268,29670.25,29689,29664,29664,322
2026-07-16 02:35:47.104,29664,29682.75,29657.75,29657.75,957
2026-07-16 02:36:21.632,29657.75,29676.5,29651.5,29651.5,579
2026-07-16 02:37:11.904,29651.5,29670.25,29645.25,29645.25,664
2026-07-16 02:55:38.176,29645.25,29689,29642.25,29689,8603
2026-07-16 03:01:02.748,29689,29694,29645.25,29645.25,3730
2026-07-16 03:01:29.176,29645.25,29664,29639,29639,613
2026-07-16 03:12:37.184,29639,29665,29632.75,29632.75,7175
2026-07-16 03:13:16.592,29632.75,29651.5,29626.5,29626.5,537
2026-07-16 03:15:02.836,29626.5,29645.25,29620.25,29620.25,1571
2026-07-16 03:16:36.036,29620.25,29639,29614,29614,1354
2026-07-16 03:32:36.452,29614,29649.5,29607.75,29607.75,9839
2026-07-16 03:33:49.900,29607.75,29626.5,29601.5,29601.5,973
2026-07-16 03:36:19.296,29601.5,29620.25,29595.25,29595.25,2057
2026-07-16 03:39:12.156,29595.25,29614,29589,29589,1897
2026-07-16 03:39:55.584,29589,29607.75,29582.75,29582.75,1111
2026-07-16 03:40:09.472,29582.75,29601.5,29576.5,29576.5,418
2026-07-16 03:44:57.380,29576.5,29595.25,29570.25,29570.25,3337
2026-07-16 03:45:12.152,29570.25,29589,29564,29564,483
2026-07-16 03:46:21.652,29564,29582.75,29557.75,29557.75,1216
2026-07-16 03:56:04.028,29557.75,29584.5,29551.5,29551.5,7383
2026-07-16 04:01:45.844,29551.5,29572.75,29545.25,29545.25,5800
2026-07-16 04:03:21.580,29545.25,29564,29539,29539,1867
2026-07-16 04:03:39.384,29539,29557.75,29532.75,29532.75,406
2026-07-16 04:03:47.336,29532.75,29551.5,29526.5,29526.5,347
2026-07-16 04:10:13.040,29526.5,29549,29520.25,29520.25,6433
2026-07-16 04:10:20.100,29520.25,29539,29514,29514,364
2026-07-16 04:11:09.512,29514,29532.75,29507.75,29507.75,954
2026-07-16 04:11:16.288,29507.75,29526.5,29501.5,29501.5,458
2026-07-16 04:12:09.468,29501.5,29520.25,29495.25,29495.25,1488
2026-07-16 04:14:29.724,29495.25,29514,29489,29489,3185
2026-07-16 04:16:16.952,29489,29507.75,29482.75,29482.75,1937
2026-07-16 04:20:17.804,29482.75,29526.5,29478,29526.5,4005
2026-07-16 04:21:15.608,29526.5,29532.75,29507.75,29532.75,772
2026-07-16 04:21:50.692,29532.75,29539,29514,29539,684
2026-07-16 04:22:44.836,29539,29545.25,29520.25,29545.25,866
2026-07-16 04:23:01.336,29545.25,29551.5,29526.5,29551.5,500
2026-07-16 04:35:30.972,29551.5,29557.75,29519.5,29557.75,9275
2026-07-16 04:36:52.336,29557.75,29564,29539,29564,1024
2026-07-16 04:37:01.596,29564,29570.25,29545.25,29570.25,243
2026-07-16 04:38:31.964,29570.25,29576.5,29551.5,29576.5,1303
2026-07-16 04:47:13.040,29576.5,29582.75,29543.25,29582.75,5977
2026-07-16 04:49:21.568,29582.75,29589,29564,29589,1673
2026-07-16 04:59:14.928,29589,29595.25,29570.25,29595.25,4179
2026-07-16 05:00:06.460,29595.25,29601.5,29576.5,29601.5,676
2026-07-16 05:00:11.952,29601.5,29607.75,29582.75,29607.75,303
2026-07-16 05:00:16.000,29607.75,29614,29589,29614,360
2026-07-16 05:04:12.436,29614,29620.25,29595.25,29620.25,3575
2026-07-16 05:11:46.008,29620.25,29626.5,29601.25,29626.5,4027
2026-07-16 05:13:16.332,29626.5,29632.75,29607.75,29632.75,1009
2026-07-16 05:15:50.412,29632.75,29639,29614,29639,1439
2026-07-16 05:40:02.652,29639,29644.75,29595.25,29595.25,12138
2026-07-16 05:44:53.820,29595.25,29614,29589,29589,2285
2026-07-16 05:45:00.192,29589,29607.75,29582.75,29582.75,192
2026-07-16 05:45:53.448,29582.75,29601.5,29576.5,29576.5,893
2026-07-16 05:46:52.908,29576.5,29595.25,29570.25,29570.25,981
2026-07-16 05:50:04.180,29570.25,29589,29564,29564,2061
2026-07-16 05:55:33.888,29564,29584,29557.75,29557.75,4214
2026-07-16 05:56:41.256,29557.75,29576.5,29551.5,29551.5,886
2026-07-16 05:58:21.540,29551.5,29570.25,29545.25,29545.25,1611
2026-07-16 05:58:26.724,29545.25,29564,29539,29539,287
2026-07-16 05:58:37.928,29539,29557.75,29532.75,29532.75,277
2026-07-16 06:00:06.436,29532.75,29551.5,29526.5,29526.5,1524
2026-07-16 06:01:02.088,29526.5,29545.25,29520.25,29520.25,1353
2026-07-16 06:24:03.532,29520.25,29562,29514,29514,14395
2026-07-16 06:47:26.748,29514,29555.75,29507.75,29507.75,14118
2026-07-16 07:00:53.080,29507.75,29538.5,29501.5,29501.5,9664
2026-07-16 07:00:54.108,29501.5,29520.25,29494.5,29495.25,404
2026-07-16 07:01:03.564,29495.25,29514,29489,29489,502
2026-07-16 07:01:15.196,29489,29507.75,29482.75,29482.75,541
2026-07-16 07:01:16.196,29482.75,29501.5,29475,29476.5,520
2026-07-16 07:09:06.428,29476.5,29497.75,29470.25,29470.25,8371
2026-07-16 07:09:31.776,29470.25,29489,29464,29464,847
2026-07-16 07:16:09.116,29464,29491,29457.75,29457.75,6634
2026-07-16 07:16:18.916,29457.75,29476.5,29451.5,29451.5,525
2026-07-16 07:24:50.608,29451.5,29495.25,29447.25,29495.25,8882
2026-07-16 07:28:26.392,29495.25,29501.5,29476.5,29501.5,2368
2026-07-16 07:31:06.748,29501.5,29501.5,29457.75,29457.75,2913
2026-07-16 07:31:30.104,29457.75,29476.5,29451.5,29451.5,518
2026-07-16 07:31:54.672,29451.5,29470.25,29445.25,29445.25,831
2026-07-16 07:31:58.220,29445.25,29464,29439,29439,398
2026-07-16 07:44:31.876,29439,29471,29432.75,29432.75,12069
2026-07-16 07:49:51.952,29432.75,29456.5,29426.5,29426.5,4281
2026-07-16 07:49:52.964,29426.5,29445.25,29410,29420.25,1363
2026-07-16 07:49:54.552,29420.25,29439,29413.75,29414,446
2026-07-16 07:49:55.552,29414,29432.75,29353.5,29376.5,2868
2026-07-16 07:49:56.552,29376.5,29395.25,29362.25,29364,662
2026-07-16 07:50:02.204,29364,29407.75,29359.25,29407.75,1670
2026-07-16 07:50:47.104,29407.75,29414,29387.75,29414,2764
2026-07-16 07:51:00.664,29414,29420.25,29395.25,29420.25,509
2026-07-16 07:51:54.124,29420.25,29426.5,29401.5,29426.5,1344
2026-07-16 07:57:22.752,29426.5,29432.75,29407.75,29432.75,4960
2026-07-16 07:58:00.860,29432.75,29439,29414,29439,598
2026-07-16 07:58:22.900,29439,29445.25,29420.25,29445.25,477
2026-07-16 08:00:01.432,29445.25,29451.5,29426.5,29451.5,1745
2026-07-16 08:00:04.612,29451.5,29457.75,29432.75,29457.75,206
2026-07-16 08:04:48.320,29457.75,29458.25,29414,29414,4882
2026-07-16 08:05:21.488,29414,29432.75,29407.75,29407.75,1230
2026-07-16 08:05:22.488,29407.75,29426.5,29400,29401.5,391
2026-07-16 08:05:51.140,29401.5,29420.25,29395.25,29395.25,947
2026-07-16 08:21:09.572,29395.25,29439,29392.75,29439,12897
2026-07-16 08:24:16.200,29439,29441,29395.25,29395.25,5130
2026-07-16 08:24:17.392,29395.25,29414,29389,29389,188
2026-07-16 08:24:29.276,29389,29407.75,29382.75,29382.75,652
2026-07-16 08:30:03.096,29382.75,29426.5,29378,29426.5,5145
2026-07-16 08:37:17.264,29426.5,29432,29382.75,29382.75,10489
2026-07-16 08:37:20.252,29382.75,29401.5,29376.5,29376.5,377
2026-07-16 08:37:32.780,29376.5,29395.25,29370.25,29370.25,858
2026-07-16 08:45:36.056,29370.25,29390.75,29364,29364,12205
2026-07-16 08:53:27.380,29364,29407.75,29363.25,29407.75,10813
2026-07-16 08:54:16.012,29407.75,29414,29389,29414,1053
2026-07-16 09:00:50.052,29414,29420.25,29387.5,29420.25,8559
2026-07-16 09:00:57.320,29420.25,29426.5,29401.5,29426.5,643
2026-07-16 09:01:16.144,29426.5,29432.75,29407.75,29432.75,877
2026-07-16 09:07:30.464,29432.75,29439,29404.25,29439,11364
2026-07-16 09:08:22.568,29439,29445.25,29420.25,29445.25,1420
2026-07-16 09:12:26.312,29445.25,29451.5,29426.5,29451.5,5332
2026-07-16 09:14:03.196,29451.5,29457.75,29432.75,29457.75,2133
2026-07-16 09:20:15.808,29457.75,29464,29439,29464,7981
2026-07-16 09:21:28.428,29464,29470.25,29445.25,29470.25,1930
2026-07-16 09:21:42.972,29470.25,29476.5,29451.5,29476.5,793
2026-07-16 09:24:24.488,29476.5,29482.75,29457.75,29482.75,3851
2026-07-16 09:30:01.364,29482.75,29489,29447,29489,15011
2026-07-16 09:30:02.372,29489,29495.25,29470.25,29495.25,626
2026-07-16 09:30:04.652,29495.25,29501.5,29476.5,29501.5,1410
2026-07-16 09:30:05.696,29501.5,29507.75,29482.75,29507.75,489
2026-07-16 09:30:12.320,29507.75,29514,29489,29514,2207
2026-07-16 09:30:29.308,29514,29520.25,29495.25,29520.25,3007
2026-07-16 09:30:33.244,29520.25,29526.5,29501.5,29526.5,922
2026-07-16 09:31:13.076,29526.5,29532,29482.75,29482.75,9252
2026-07-16 09:31:50.564,29482.75,29526.5,29478.5,29526.5,6175
2026-07-16 09:32:29.724,29526.5,29529.5,29482.75,29482.75,7676
2026-07-16 09:32:54.744,29482.75,29501.5,29476.5,29476.5,3940
2026-07-16 09:33:08.312,29476.5,29495.25,29470.25,29470.25,2833
2026-07-16 09:34:12.132,29470.25,29501.75,29464,29464,11275
2026-07-16 09:34:31.256,29464,29482.75,29457.75,29457.75,2935
2026-07-16 09:34:32.280,29457.75,29476.5,29451,29451.5,600
2026-07-16 09:34:36.180,29451.5,29470.25,29445.25,29445.25,1345
2026-07-16 09:34:43.308,29445.25,29464,29439,29439,1969
2026-07-16 09:34:44.392,29439,29457.75,29432.5,29432.75,595
2026-07-16 09:35:05.188,29432.75,29451.5,29426.5,29426.5,5711
2026-07-16 09:35:06.932,29426.5,29445.25,29420.25,29420.25,758
2026-07-16 09:35:07.944,29420.25,29439,29413,29414,706
2026-07-16 09:35:10.632,29414,29432.75,29407.75,29407.75,1058
2026-07-16 09:35:21.316,29407.75,29426.5,29401.5,29401.5,2812
2026-07-16 09:37:01.636,29401.5,29445.25,29400,29445.25,20444
2026-07-16 09:37:07.220,29445.25,29451.5,29426.5,29451.5,1892
2026-07-16 09:37:08.220,29451.5,29464.25,29432.75,29457.75,975
2026-07-16 09:37:10.076,29457.75,29464,29439,29464,633
2026-07-16 09:37:13.688,29464,29470.25,29445.25,29470.25,1212
2026-07-16 09:38:01.844,29470.25,29472.75,29426.5,29426.5,8556
2026-07-16 09:38:06.384,29426.5,29445.25,29420.25,29420.25,1080
2026-07-16 09:38:08.636,29420.25,29439,29414,29414,667
2026-07-16 09:38:18.112,29414,29432.75,29407.75,29407.75,1833
2026-07-16 09:38:28.540,29407.75,29426.5,29401.5,29401.5,2142
2026-07-16 09:39:31.664,29401.5,29422.25,29395.25,29395.25,11268
2026-07-16 09:39:33.424,29395.25,29414,29389,29389,965
2026-07-16 09:39:53.480,29389,29407.75,29382.75,29382.75,3892
2026-07-16 09:40:00.580,29382.75,29401.5,29376.5,29376.5,1769
2026-07-16 09:40:27.488,29376.5,29420.25,29373,29420.25,7691
2026-07-16 09:40:32.548,29420.25,29426.5,29401.5,29426.5,1410
2026-07-16 09:40:33.564,29426.5,29434,29407.75,29432.75,479
2026-07-16 09:41:09.564,29432.75,29432.75,29389,29389,6066
2026-07-16 09:41:11.176,29389,29407.75,29382.75,29382.75,417
2026-07-16 09:41:22.640,29382.75,29401.5,29376.5,29376.5,2112
2026-07-16 09:41:52.292,29376.5,29397,29370.25,29370.25,4671
2026-07-16 09:41:53.292,29370.25,29389,29358,29364,1154
2026-07-16 09:41:54.292,29364,29382.75,29353.5,29357.75,925
2026-07-16 09:41:58.060,29357.75,29376.5,29351.5,29351.5,1296
2026-07-16 09:42:01.044,29351.5,29370.25,29345.25,29345.25,1613
2026-07-16 09:42:34.836,29345.25,29364.25,29339,29339,7339
2026-07-16 09:43:06.968,29339,29357.75,29332.75,29332.75,6564
2026-07-16 09:44:25.064,29332.75,29372.25,29326.5,29326.5,14765
2026-07-16 09:44:44.068,29326.5,29345.25,29320.25,29320.25,2971
2026-07-16 09:44:47.472,29320.25,29339,29314,29314,961
2026-07-16 09:45:11.472,29314,29333,29307.75,29307.75,6284
2026-07-16 09:46:16.908,29307.75,29343.25,29301.5,29301.5,13375
2026-07-16 09:48:09.492,29301.5,29333.5,29295.25,29295.25,19600
2026-07-16 09:48:10.492,29295.25,29314,29286.25,29289,935
2026-07-16 09:48:13.224,29289,29307.75,29282.75,29282.75,1538
2026-07-16 09:48:19.452,29282.75,29301.5,29276.5,29276.5,2091
2026-07-16 09:48:33.556,29276.5,29295.25,29270.25,29270.25,3329
2026-07-16 09:50:41.180,29270.25,29314,29264.75,29314,23826
2026-07-16 09:51:18.080,29314,29320.25,29284.5,29320.25,7511
2026-07-16 09:52:06.916,29320.25,29327.25,29301.5,29326.5,8190
2026-07-16 09:52:08.568,29326.5,29332.75,29307.75,29332.75,760
2026-07-16 09:52:17.504,29332.75,29339,29314,29339,2366
2026-07-16 09:52:20.216,29339,29345.25,29320.25,29345.25,1338
2026-07-16 09:52:38.020,29345.25,29351.5,29326.5,29351.5,3646
2026-07-16 09:53:33.620,29351.5,29353.75,29307.75,29307.75,11227
2026-07-16 09:53:35.792,29307.75,29326.5,29301.5,29301.5,782
2026-07-16 09:53:40.064,29301.5,29320.25,29294.75,29295.25,1257
2026-07-16 09:54:14.212,29295.25,29339,29292.75,29339,5213
2026-07-16 09:54:15.392,29339,29345.25,29320.25,29345.25,452
2026-07-16 09:54:43.548,29345.25,29348,29301.5,29301.5,4013
2026-07-16 09:54:51.716,29301.5,29320.25,29295.25,29295.25,1105
2026-07-16 09:54:57.928,29295.25,29314,29289,29289,1118
2026-07-16 09:55:00.664,29289,29307.75,29282.75,29282.75,548
2026-07-16 09:55:02.152,29282.75,29301.5,29276.5,29276.5,699
2026-07-16 09:55:03.160,29276.5,29295.25,29267.25,29270.25,743
2026-07-16 09:55:07.204,29270.25,29289,29264,29264,1914
2026-07-16 09:56:05.132,29264,29307.75,29257.75,29307.75,10777
2026-07-16 09:56:07.456,29307.75,29314,29289,29314,791
2026-07-16 09:56:18.120,29314,29320.25,29295.25,29320.25,2237
2026-07-16 09:56:56.088,29320.25,29326.5,29301.5,29326.5,5419
2026-07-16 09:56:58.108,29326.5,29332.75,29307.75,29332.75,436
2026-07-16 09:57:02.224,29332.75,29339,29314,29339,820
2026-07-16 09:57:03.224,29339,29355.75,29320.25,29351.5,1013
2026-07-16 09:57:39.272,29351.5,29360,29307.75,29307.75,6558
2026-07-16 09:57:49.616,29307.75,29326.5,29301.5,29301.5,1187
2026-07-16 09:59:12.060,29301.5,29345.25,29296,29345.25,7986
2026-07-16 09:59:29.024,29345.25,29351.5,29326.5,29351.5,1400
2026-07-16 10:00:04.432,29351.5,29357.75,29315,29357.75,4169
2026-07-16 10:00:05.432,29357.75,29372.25,29339,29370.25,1054
2026-07-16 10:00:08.872,29370.25,29376.5,29351.5,29376.5,1171
2026-07-16 10:00:47.324,29376.5,29382.75,29357.75,29382.75,7086
2026-07-16 10:01:01.644,29382.75,29389,29364,29389,2630
2026-07-16 10:01:42.436,29389,29395.25,29361.75,29395.25,6643
2026-07-16 10:02:13.580,29395.25,29401.5,29376.5,29401.5,4852
2026-07-16 10:02:26.860,29401.5,29407.75,29382.75,29407.75,2537
2026-07-16 10:02:27.904,29407.75,29417.25,29389,29414,871
2026-07-16 10:05:46.452,29414,29420.25,29379.25,29420.25,29025
2026-07-16 10:05:57.588,29420.25,29428.5,29401.5,29426.5,3162
2026-07-16 10:06:04.696,29426.5,29432.75,29407.75,29432.75,1684
2026-07-16 10:06:06.320,29432.75,29439.75,29414,29439,936
2026-07-16 10:06:15.052,29439,29446,29420.25,29445.25,2364
2026-07-16 10:07:08.332,29445.25,29451.5,29424.5,29451.5,7660
2026-07-16 10:08:06.100,29451.5,29457.75,29428.5,29457.75,8045
2026-07-16 10:08:12.004,29457.75,29464,29439,29464,1419
2026-07-16 10:08:14.028,29464,29470.75,29445.25,29470.25,874
2026-07-16 10:08:25.048,29470.25,29476.5,29451.5,29476.5,2106
2026-07-16 10:09:49.068,29476.5,29482.75,29450.25,29482.75,11835
2026-07-16 10:09:52.168,29482.75,29490.25,29464,29489,1062
2026-07-16 10:16:46.008,29489,29495.25,29447.25,29495.25,51081
2026-07-16 10:19:00.624,29495.25,29501.25,29451.5,29451.5,16682
2026-07-16 10:19:01.956,29451.5,29470.25,29445.25,29445.25,631
2026-07-16 10:19:46.656,29445.25,29489,29442,29489,6923
2026-07-16 10:20:37.760,29489,29490,29445.25,29445.25,6475
2026-07-16 10:21:04.728,29445.25,29464,29439,29439,3243
2026-07-16 10:21:37.200,29439,29457.75,29432.75,29432.75,4182
2026-07-16 10:21:56.220,29432.75,29451.5,29426.5,29426.5,2414
2026-07-16 10:22:00.932,29426.5,29445.25,29420.25,29420.25,1348
2026-07-16 10:22:08.892,29420.25,29439,29414,29414,1945
2026-07-16 10:22:12.980,29414,29432.75,29407.75,29407.75,1053
2026-07-16 10:22:35.088,29407.75,29426.5,29401.5,29401.5,3664
2026-07-16 10:23:08.552,29401.5,29445.25,29398,29445.25,6424
2026-07-16 10:24:17.352,29445.25,29451.5,29409.25,29451.5,9370
2026-07-16 10:25:20.392,29451.5,29457.5,29407.75,29407.75,9073
2026-07-16 10:27:29.852,29407.75,29451.5,29405,29451.5,14642
2026-07-16 10:27:32.536,29451.5,29457.75,29432.75,29457.75,756
2026-07-16 10:27:45.356,29457.75,29464,29439,29464,2281
2026-07-16 10:27:46.356,29464,29471.25,29445.25,29470.25,558
2026-07-16 10:28:06.484,29470.25,29476.5,29451.5,29476.5,3361
2026-07-16 10:29:43.360,29476.5,29482.75,29457.75,29482.75,9865
2026-07-16 10:37:49.052,29482.75,29489,29439.25,29489,44766
2026-07-16 10:37:54.128,29489,29495.25,29470.25,29495.25,1166
2026-07-16 10:37:55.152,29495.25,29509,29476.5,29501.5,1504
2026-07-16 10:39:26.976,29501.5,29502.25,29457.75,29457.75,10679
2026-07-16 10:39:36.344,29457.75,29476.5,29451.5,29451.5,1122
2026-07-16 10:39:43.532,29451.5,29470.25,29445.25,29445.25,1193
2026-07-16 10:40:17.784,29445.25,29464,29439,29439,3604
2026-07-16 10:40:28.776,29439,29457.75,29432.75,29432.75,1423
2026-07-16 10:41:03.156,29432.75,29451.5,29426.5,29426.5,3466
2026-07-16 10:43:10.648,29426.5,29470.25,29425.75,29470.25,11564
2026-07-16 10:47:34.536,29470.25,29476.5,29447,29476.5,17325
2026-07-16 10:50:05.508,29476.5,29478,29432.75,29432.75,12791
2026-07-16 10:50:10.820,29432.75,29451.5,29426.5,29426.5,1198
2026-07-16 10:50:15.368,29426.5,29445.25,29420.25,29420.25,1135
2026-07-16 10:50:17.680,29420.25,29439,29414,29414,697
2026-07-16 10:50:50.640,29414,29432.75,29407.75,29407.75,3920
2026-07-16 10:50:55.136,29407.75,29426.5,29401.5,29401.5,858
2026-07-16 10:50:56.152,29401.5,29420.25,29390.75,29395.25,1085
2026-07-16 10:51:02.304,29395.25,29414,29389,29389,1425
2026-07-16 10:54:08.212,29389,29414,29382.75,29382.75,20179
2026-07-16 10:54:48.244,29382.75,29401.5,29376.5,29376.5,3683
2026-07-16 10:55:03.644,29376.5,29395.25,29370.25,29370.25,2052
2026-07-16 10:55:04.644,29370.25,29389,29363,29364,771
2026-07-16 10:57:33.356,29364,29407.75,29362.25,29407.75,17154
2026-07-16 10:58:02.512,29407.75,29414,29389,29414,2772
2026-07-16 10:58:17.892,29414,29420.25,29395.25,29420.25,2047
2026-07-16 10:58:21.268,29420.25,29426.5,29401.5,29426.5,819
2026-07-16 10:58:22.268,29426.5,29434.75,29407.75,29432.75,511
2026-07-16 11:00:00.224,29432.75,29439,29411.25,29439,10496
2026-07-16 11:00:04.128,29439,29445.25,29420.25,29445.25,1260
2026-07-16 11:00:23.352,29445.25,29451.5,29426.5,29451.5,3021
2026-07-16 11:00:27.920,29451.5,29457.75,29432.75,29457.75,747
2026-07-16 11:03:50.304,29457.75,29459,29414,29414,21331
2026-07-16 11:04:13.524,29414,29432.75,29407.75,29407.75,2888
2026-07-16 11:05:01.356,29407.75,29426.5,29401.5,29401.5,4805
2026-07-16 11:05:02.384,29401.5,29420.25,29395.25,29395.25,756
2026-07-16 11:05:04.852,29395.25,29414,29389,29389,806
2026-07-16 11:06:24.896,29389,29409,29382.75,29382.75,7382
2026-07-16 11:07:06.540,29382.75,29401.5,29376.5,29376.5,3706
2026-07-16 11:08:00.232,29376.5,29395.25,29370.25,29370.25,4489
2026-07-16 11:12:11.016,29370.25,29401.75,29364,29364,20470
2026-07-16 11:12:12.244,29364,29382.75,29355.75,29357.75,1209
2026-07-16 11:13:23.208,29357.75,29376.5,29351.5,29351.5,5730
2026-07-16 11:13:31.576,29351.5,29370.25,29345.25,29345.25,1866
2026-07-16 11:14:16.420,29345.25,29364,29339,29339,3935
2026-07-16 11:18:45.924,29339,29382.75,29335.75,29382.75,23193
2026-07-16 11:19:47.564,29382.75,29389,29364,29389,5467
2026-07-16 11:25:05.080,29389,29395.25,29349,29395.25,24049
2026-07-16 11:25:09.576,29395.25,29401.5,29376.5,29401.5,717
2026-07-16 11:25:14.988,29401.5,29407.75,29382.75,29407.75,1106
2026-07-16 11:25:17.544,29407.75,29414,29389,29414,947
2026-07-16 11:25:35.592,29414,29420.25,29395.25,29420.25,2226
2026-07-16 11:25:41.336,29420.25,29426.5,29401.5,29426.5,1018
2026-07-16 11:26:14.996,29426.5,29432.75,29407.75,29432.75,3823
2026-07-16 11:26:16.836,29432.75,29439,29414,29439,530
2026-07-16 11:26:30.768,29439,29445.25,29420.25,29445.25,1657
2026-07-16 11:27:01.532,29445.25,29451.5,29426.5,29451.5,2994
2026-07-16 11:28:27.472,29451.5,29451.5,29407.75,29407.75,8284
2026-07-16 11:28:37.492,29407.75,29426.5,29401.5,29401.5,1199
2026-07-16 11:28:38.940,29401.5,29420.25,29395.25,29395.25,421
2026-07-16 11:28:43.380,29395.25,29414,29389,29389,795
2026-07-16 11:30:21.044,29389,29409,29382.75,29382.75,10362
2026-07-16 11:30:26.316,29382.75,29401.5,29376.5,29376.5,1018
2026-07-16 11:30:27.892,29376.5,29395.25,29370.25,29370.25,426
2026-07-16 11:31:36.276,29370.25,29414,29369,29414,6768
2026-07-16 11:31:56.320,29414,29420.25,29395.25,29420.25,1541
2026-07-16 11:32:12.976,29420.25,29426.5,29401.5,29426.5,1701
2026-07-16 11:32:19.284,29426.5,29432.75,29407.75,29432.75,687
2026-07-16 11:34:58.424,29432.75,29439,29409,29439,10119
2026-07-16 11:38:44.940,29439,29445.25,29413.25,29445.25,13318
2026-07-16 11:39:06.416,29445.25,29451.5,29426.5,29451.5,1425
2026-07-16 11:39:09.744,29451.5,29458,29432.75,29457.75,941
2026-07-16 11:39:18.256,29457.75,29466,29439,29464,1658
2026-07-16 11:41:21.308,29464,29466.25,29420.25,29420.25,8679
2026-07-16 11:41:23.692,29420.25,29439,29414,29414,468
2026-07-16 11:41:24.736,29414,29432.75,29407.5,29407.75,449
2026-07-16 11:41:42.232,29407.75,29426.5,29401.5,29401.5,1793
2026-07-16 11:41:48.584,29401.5,29420.25,29395.25,29395.25,1469
2026-07-16 11:42:05.084,29395.25,29414,29389,29389,2009
2026-07-16 11:44:03.808,29389,29410.25,29382.75,29382.75,9349
2026-07-16 11:45:28.476,29382.75,29401.5,29376.5,29376.5,5861
2026-07-16 11:45:44.220,29376.5,29395.25,29370.25,29370.25,1676
2026-07-16 11:46:48.644,29370.25,29389,29364,29364,4888
2026-07-16 11:46:52.164,29364,29382.75,29357.75,29357.75,644
2026-07-16 11:50:02.456,29357.75,29401.5,29354,29401.5,15185
2026-07-16 11:50:09.672,29401.5,29407.75,29382.75,29407.75,1399
2026-07-16 11:50:55.596,29407.75,29414,29389,29414,4057
2026-07-16 11:51:11.028,29414,29420.25,29395.25,29420.25,1772
2026-07-16 11:51:12.196,29420.25,29426.5,29401.5,29426.5,312
2026-07-16 11:52:39.140,29426.5,29432.75,29407.75,29432.75,4964
2026-07-16 11:55:34.432,29432.75,29435.75,29389,29389,10229
2026-07-16 11:55:37.544,29389,29407.75,29382.75,29382.75,510
2026-07-16 11:56:13.812,29382.75,29401.5,29376.5,29376.5,2780
2026-07-16 12:00:18.616,29376.5,29413.75,29370.25,29370.25,14526
2026-07-16 12:01:11.928,29370.25,29389,29364,29364,3522
2026-07-16 12:02:24.100,29364,29383,29357.75,29357.75,4398
2026-07-16 12:02:54.476,29357.75,29376.5,29351.5,29351.5,2309
2026-07-16 12:04:33.304,29351.5,29374.25,29345.25,29345.25,7952
2026-07-16 12:04:58.968,29345.25,29364,29339,29339,2230
2026-07-16 12:05:00.928,29339,29357.75,29332.75,29332.75,881
2026-07-16 12:05:14.132,29332.75,29351.5,29326.5,29326.5,2462
2026-07-16 12:05:25.636,29326.5,29345.25,29320.25,29320.25,1651
2026-07-16 12:05:45.996,29320.25,29339,29314,29314,2367
2026-07-16 12:11:53.400,29314,29355.5,29307.75,29307.75,26644
2026-07-16 12:13:01.248,29307.75,29326.5,29301.5,29301.5,4553
2026-07-16 12:13:02.256,29301.5,29320.25,29292.25,29295.25,1064
2026-07-16 12:13:06.464,29295.25,29314,29289,29289,799
2026-07-16 12:15:06.356,29289,29316.25,29282.75,29282.75,9527
2026-07-16 12:20:19.304,29282.75,29314.5,29276.5,29276.5,22824
2026-07-16 12:20:27.592,29276.5,29295.25,29270.25,29270.25,1728
2026-07-16 12:23:29.592,29270.25,29294,29264,29264,14576
2026-07-16 12:27:12.900,29264,29307.75,29263,29307.75,15924
2026-07-16 12:31:30.492,29307.75,29314,29285.25,29314,15717
2026-07-16 12:31:36.276,29314,29320.25,29295.25,29320.25,1266
2026-07-16 12:31:39.360,29320.25,29326.5,29301.5,29326.5,636
2026-07-16 12:32:43.784,29326.5,29332.75,29307.75,29332.75,4096
2026-07-16 12:32:45.148,29332.75,29339,29314,29339,429
2026-07-16 12:35:45.252,29339,29340,29295.25,29295.25,10562
2026-07-16 12:36:19.916,29295.25,29314,29289,29289,2655
2026-07-16 12:45:46.076,29289,29323.25,29282.75,29282.75,29884
2026-07-16 12:46:07.892,29282.75,29301.5,29276.5,29276.5,1694
2026-07-16 12:51:20.548,29276.5,29320.25,29270.75,29320.25,17329
2026-07-16 12:54:43.068,29320.25,29326.5,29301.5,29326.5,8725
2026-07-16 12:55:09.056,29326.5,29332.75,29307.75,29332.75,1304
2026-07-16 12:55:18.340,29332.75,29339,29314,29339,1061
2026-07-16 12:55:30.388,29339,29345.25,29320.25,29345.25,1538
2026-07-16 12:56:13.672,29345.25,29351.5,29326.5,29351.5,2911
2026-07-16 13:00:34.308,29351.5,29352.5,29307.75,29307.75,13199
2026-07-16 13:00:52.828,29307.75,29326.5,29301.5,29301.5,1726
2026-07-16 13:00:58.676,29301.5,29320.25,29295.25,29295.25,576
2026-07-16 13:02:36.208,29295.25,29317,29289,29289,5909
2026-07-16 13:08:50.108,29289,29332.75,29285,29332.75,17840
2026-07-16 13:14:34.904,29332.75,29334.5,29289,29289,12954
2026-07-16 13:16:09.688,29289,29311,29282.75,29282.75,5084
2026-07-16 13:25:26.020,29282.75,29306.75,29276.5,29276.5,18952
2026-07-16 13:27:47.076,29276.5,29320.25,29274.5,29320.25,7257
2026-07-16 13:28:27.160,29320.25,29326.5,29301.5,29326.5,1594
2026-07-16 13:28:29.536,29326.5,29332.75,29307.75,29332.75,423
2026-07-16 13:28:45.548,29332.75,29339,29314,29339,1222
2026-07-16 13:33:51.624,29339,29344.5,29295.25,29295.25,16001
2026-07-16 13:34:10.440,29295.25,29314,29289,29289,1296
2026-07-16 13:34:35.424,29289,29307.75,29282.75,29282.75,1346
2026-07-16 13:37:53.176,29282.75,29301.5,29276.5,29276.5,8592
2026-07-16 13:39:05.884,29276.5,29295.25,29270.25,29270.25,4778
2026-07-16 13:40:13.240,29270.25,29289,29264,29264,3947
2026-07-16 13:40:22.612,29264,29282.75,29257.75,29257.75,1282
2026-07-16 13:40:30.812,29257.75,29276.5,29251.5,29251.5,1553
2026-07-16 13:41:23.256,29251.5,29270.25,29245.25,29245.25,5481
2026-07-16 13:41:29.872,29245.25,29264,29239,29239,1076
2026-07-16 13:43:03.304,29239,29257.75,29232.75,29232.75,6317
2026-07-16 13:45:43.868,29232.75,29251.5,29226.5,29226.5,8443
2026-07-16 13:45:52.272,29226.5,29245.25,29220.25,29220.25,1183
2026-07-16 13:49:00.868,29220.25,29264,29219.25,29264,10774
2026-07-16 14:11:16.780,29264,29270.25,29222.75,29270.25,59573
2026-07-16 14:11:29.552,29270.25,29276.5,29251.5,29276.5,1724
2026-07-16 14:15:00.008,29276.5,29278.25,29232.75,29232.75,12510
2026-07-16 14:15:02.620,29232.75,29251.5,29226.5,29226.5,326
2026-07-16 14:15:23.788,29226.5,29245.25,29220.25,29220.25,2501
2026-07-16 14:16:43.972,29220.25,29264,29215,29264,7094
2026-07-16 14:16:56.192,29264,29270.25,29245.25,29270.25,1069
2026-07-16 14:17:34.956,29270.25,29276.5,29251.5,29276.5,2405
2026-07-16 14:20:16.576,29276.5,29282.75,29257.75,29282.75,7759
2026-07-16 14:20:19.996,29282.75,29289,29264,29289,711
2026-07-16 14:21:52.284,29289,29295.25,29270.25,29295.25,5335
2026-07-16 14:22:12.960,29295.25,29301.5,29276.5,29301.5,1714
2026-07-16 14:30:02.796,29301.5,29304.25,29257.75,29257.75,25896
2026-07-16 14:30:05.316,29257.75,29276.5,29251.5,29251.5,678
2026-07-16 14:30:53.148,29251.5,29270.25,29245.25,29245.25,3459
2026-07-16 14:34:28.044,29245.25,29264,29239,29239,8957
2026-07-16 14:35:06.048,29239,29257.75,29232.75,29232.75,1952
2026-07-16 14:36:37.600,29232.75,29251.5,29226.5,29226.5,3588
2026-07-16 14:40:05.720,29226.5,29245.25,29220.25,29220.25,8763
2026-07-16 14:40:08.228,29220.25,29239,29214,29214,760
2026-07-16 14:40:40.504,29214,29232.75,29207.75,29207.75,3005
2026-07-16 14:40:41.960,29207.75,29226.5,29201.5,29201.5,569
2026-07-16 14:43:26.856,29201.5,29245.25,29197.75,29245.25,10657
2026-07-16 14:48:42.816,29245.25,29251.5,29223,29251.5,13725
2026-07-16 14:55:01.572,29251.5,29253.25,29207.75,29207.75,14140
2026-07-16 14:55:29.088,29207.75,29226.5,29201.5,29201.5,1586
2026-07-16 15:07:08.936,29201.5,29242.25,29195.25,29195.25,33143
2026-07-16 15:07:38.920,29195.25,29214,29189,29189,2742
2026-07-16 15:08:06.636,29189,29207.75,29182.75,29182.75,2393
2026-07-16 15:12:23.556,29182.75,29201.5,29176.5,29176.5,12763
2026-07-16 15:15:32.232,29176.5,29195.25,29170.25,29170.25,7447
2026-07-16 15:17:32.408,29170.25,29189,29164,29164,5829
2026-07-16 15:17:38.048,29164,29182.75,29157.75,29157.75,982
2026-07-16 15:17:57.008,29157.75,29176.5,29151.5,29151.5,1966
2026-07-16 15:18:01.236,29151.5,29170.25,29145.25,29145.25,876
2026-07-16 15:26:00.932,29145.25,29181.5,29139,29139,23934
2026-07-16 15:26:12.652,29139,29157.75,29132.75,29132.75,1191
2026-07-16 15:26:57.780,29132.75,29151.5,29126.5,29126.5,2914
2026-07-16 15:27:00.520,29126.5,29145.25,29120.25,29120.25,709
2026-07-16 15:30:25.072,29120.25,29164,29119.25,29164,15732
2026-07-16 15:32:04.144,29164,29170,29120.25,29120.25,7394
2026-07-16 15:45:01.032,29120.25,29163,29114,29114,39118
2026-07-16 15:46:10.600,29114,29132.75,29107.75,29107.75,5951
2026-07-16 15:46:48.064,29107.75,29126.5,29101.5,29101.5,2650
2026-07-16 15:47:59.372,29101.5,29120.25,29095.25,29095.25,4651
2026-07-16 15:48:01.096,29095.25,29114,29089,29089,619
2026-07-16 15:48:02.408,29089,29107.75,29082.75,29082.75,538
2026-07-16 15:50:43.928,29082.75,29126.5,29079,29126.5,16257
2026-07-16 15:50:45.416,29126.5,29132.75,29107.75,29132.75,386
2026-07-16 15:50:46.464,29132.75,29141.25,29114,29139,619
2026-07-16 15:51:29.104,29139,29145.25,29120.25,29145.25,4719
2026-07-16 15:51:36.360,29145.25,29151.5,29126.5,29151.5,1096
2026-07-16 15:52:00.032,29151.5,29157.75,29132.75,29157.75,2618
2026-07-16 15:52:04.076,29157.75,29164,29139,29164,648
2026-07-16 15:53:31.688,29164,29170.25,29145.25,29170.25,8084
2026-07-16 15:55:00.012,29170.25,29176.5,29151.5,29176.5,10662
2026-07-16 15:55:01.012,29176.5,29197.25,29157.75,29189,1617
2026-07-16 15:55:02.012,29189,29203,29170.25,29195.25,675
2026-07-16 15:55:03.012,29195.25,29204,29176.5,29201.5,245
2026-07-16 15:55:08.244,29201.5,29207.75,29182.75,29207.75,1058
2026-07-16 15:59:06.588,29207.75,29214,29185.5,29214,15426
2026-07-16 15:59:25.828,29214,29220.25,29195.25,29220.25,2375
2026-07-16 15:59:33.232,29220.25,29226.5,29201.5,29226.5,1080
2026-07-16 15:59:45.588,29226.5,29232.75,29207.75,29232.75,1836
2026-07-16 16:05:04.912,29232.75,29235,29189,29189,20533
2026-07-16 16:05:30.508,29189,29207.75,29182.75,29182.75,731
2026-07-16 16:09:28.908,29182.75,29202.25,29176.5,29176.5,4634
2026-07-16 16:14:17.024,29176.5,29195.25,29170.25,29170.25,4710
2026-07-16 16:15:26.360,29170.25,29189,29164,29164,2082
2026-07-16 16:59:59.988,29164,29200,29162,29178.5,20331
2026-07-16 18:00:14.316,29186.75,29211.75,29186.75,29211.75,659
2026-07-16 18:04:03.096,29211.75,29218,29188,29218,3975
2026-07-16 18:13:37.704,29218,29220,29174.25,29174.25,5375
2026-07-16 18:17:12.008,29174.25,29193,29168,29168,2845
2026-07-16 18:21:26.508,29168,29186.75,29161.75,29161.75,2584
2026-07-16 18:21:40.060,29161.75,29180.5,29155.5,29155.5,361
2026-07-16 18:25:36.608,29155.5,29174.25,29149.25,29149.25,2709
2026-07-16 18:29:03.580,29149.25,29168,29143,29143,2520
2026-07-16 18:30:12.756,29143,29161.75,29136.75,29136.75,1111
2026-07-16 18:42:37.604,29136.75,29159.25,29130.5,29130.5,8116
2026-07-16 18:54:00.220,29130.5,29151.75,29124.25,29124.25,7062
2026-07-16 18:55:46.060,29124.25,29143,29118,29118,1139
2026-07-16 19:09:29.968,29118,29145.75,29111.75,29111.75,9849
2026-07-16 19:21:06.988,29111.75,29138.25,29105.5,29105.5,6815
2026-07-16 19:22:54.388,29105.5,29124.25,29099.25,29099.25,957
2026-07-16 19:24:49.168,29099.25,29118,29093,29093,1583
2026-07-16 19:25:59.848,29093,29111.75,29086.75,29086.75,1395
2026-07-16 19:26:12.468,29086.75,29105.5,29080.5,29080.5,621
2026-07-16 19:32:08.040,29080.5,29104,29074.25,29074.25,5840
2026-07-16 19:32:15.156,29074.25,29093,29068,29068,514
2026-07-16 19:37:12.868,29068,29089,29061.75,29061.75,4519
2026-07-16 19:40:02.044,29061.75,29105.5,29060.5,29105.5,2811
2026-07-16 19:40:22.652,29105.5,29111.75,29086.75,29111.75,678
2026-07-16 19:40:23.692,29111.75,29119.75,29093,29118,384
2026-07-16 19:40:26.604,29118,29124.25,29099.25,29124.25,267
2026-07-16 20:05:26.232,29124.25,29128.75,29080.5,29080.5,24893
2026-07-16 20:06:36.636,29080.5,29099.25,29074.25,29074.25,2221
2026-07-16 20:07:31.464,29074.25,29093,29068,29068,1426
2026-07-16 20:07:33.216,29068,29086.75,29061.75,29061.75,221
2026-07-16 20:07:35.252,29061.75,29080.5,29055.5,29055.5,582
2026-07-16 20:10:40.084,29055.5,29074.25,29049.25,29049.25,4906
2026-07-16 20:10:42.964,29049.25,29068,29043,29043,393
2026-07-16 20:10:46.320,29043,29061.75,29036.75,29036.75,424
2026-07-16 20:22:13.724,29036.75,29076.75,29030.5,29030.5,19838
2026-07-16 20:26:52.576,29030.5,29061,29024.25,29024.25,6312
2026-07-16 20:28:47.872,29024.25,29043,29018,29018,2627
2026-07-16 20:29:43.984,29018,29036.75,29011.75,29011.75,1459
2026-07-16 20:35:13.660,29011.75,29030.5,29005.5,29005.5,7986
2026-07-16 20:35:52.640,29005.5,29024.25,28999.25,28999.25,2011
2026-07-16 20:50:41.132,28999.25,29043,28993.5,29043,17812
2026-07-16 20:50:48.788,29043,29049.25,29024.25,29049.25,580
2026-07-16 20:51:02.700,29049.25,29055.5,29030.5,29055.5,708
2026-07-16 20:51:33.592,29055.5,29061.75,29036.75,29061.75,1264
2026-07-16 20:53:44.508,29061.75,29068,29043,29068,2826
2026-07-16 20:55:17.764,29068,29074.25,29049.25,29074.25,1591
2026-07-16 20:55:18.960,29074.25,29080.5,29055.5,29080.5,550
2026-07-16 21:02:00.980,29080.5,29086.75,29053,29086.75,8466
2026-07-16 21:02:12.112,29086.75,29093,29068,29093,530
2026-07-16 21:02:27.780,29093,29099.25,29074.25,29099.25,863
2026-07-16 21:03:54.532,29099.25,29106.5,29080.5,29105.5,2552
2026-07-16 21:06:50.952,29105.5,29106,29061.75,29061.75,4448
2026-07-16 21:06:57.972,29061.75,29080.5,29055.5,29055.5,295
2026-07-16 21:07:04.380,29055.5,29074.25,29049.25,29049.25,469
2026-07-16 21:07:14.904,29049.25,29068,29043,29043,747
2026-07-16 21:13:42.676,29043,29067.75,29036.75,29036.75,7787
2026-07-16 21:13:43.676,29036.75,29055.5,29028.75,29030.5,366
2026-07-16 21:18:05.960,29030.5,29049.25,29024.25,29024.25,4660
2026-07-16 21:20:23.492,29024.25,29043,29018,29018,2365
2026-07-16 21:22:48.856,29018,29036.75,29011.75,29011.75,2422
2026-07-16 21:32:34.532,29011.75,29052.25,29005.5,29005.5,10876
2026-07-16 21:33:21.512,29005.5,29024.25,28999.25,28999.25,974
2026-07-16 21:33:22.520,28999.25,29018,28983.5,28986.75,838
2026-07-16 21:42:02.200,28986.75,29012,28980.5,28980.5,11333
2026-07-16 21:44:16.800,28980.5,28999.25,28974.25,28974.25,3026
2026-07-16 21:44:18.068,28974.25,28993,28968,28968,399
2026-07-16 21:46:24.492,28968,28986.75,28961.75,28961.75,3475
2026-07-16 21:47:18.744,28961.75,28980.5,28955.5,28955.5,1509
2026-07-16 21:51:56.324,28955.5,28990.25,28949.25,28949.25,7077
2026-07-16 22:18:38.116,28949.25,28987,28943,28943,22750
2026-07-16 22:20:23.904,28943,28961.75,28936.75,28936.75,2536
2026-07-16 22:20:43.832,28936.75,28955.5,28930.5,28930.5,1012
2026-07-16 22:26:23.896,28930.5,28949.25,28924.25,28924.25,5161
2026-07-16 22:27:47.496,28924.25,28943,28918,28918,1703
2026-07-16 22:34:06.968,28918,28938.5,28911.75,28911.75,6893
2026-07-16 22:37:25.696,28911.75,28930.5,28905.5,28905.5,3624
2026-07-16 22:55:01.328,28905.5,28938.75,28899.25,28899.25,17616
2026-07-16 23:04:34.924,28899.25,28943,28893.75,28943,10148
2026-07-16 23:05:48.524,28943,28949.25,28924.25,28949.25,1890
2026-07-16 23:09:05.032,28949.25,28955.5,28930.5,28955.5,2990
2026-07-16 23:15:58.904,28955.5,28961.75,28936.75,28961.75,4992
2026-07-16 23:16:26.344,28961.75,28968,28943,28968,686
2026-07-16 23:18:08.344,28968,28974.25,28949.25,28974.25,1673
2026-07-16 23:19:10.464,28974.25,28980.5,28955.5,28980.5,793
2026-07-16 23:20:51.288,28980.5,28986.75,28961.75,28986.75,1792
2026-07-16 23:22:17.004,28986.75,28993,28968,28993,1452
2026-07-16 23:22:55.180,28993,28999.25,28974.25,28999.25,989
2026-07-16 23:22:58.400,28999.25,29005.5,28980.5,29005.5,475
2026-07-16 23:22:59.700,29005.5,29011.75,28986.75,29011.75,361
2026-07-16 23:27:14.456,29011.75,29018,28993,29018,5306
2026-07-16 23:27:27.152,29018,29024.25,28999.25,29024.25,411
2026-07-16 23:33:44.464,29024.25,29026.5,28980.5,28980.5,7121
2026-07-16 23:34:35.028,28980.5,28999.25,28974.25,28974.25,1135
2026-07-16 23:39:58.428,28974.25,28995.5,28968,28968,4851
2026-07-16 23:40:11.200,28968,28986.75,28961.75,28961.75,601
2026-07-16 23:40:50.740,28961.75,28980.5,28955.5,28955.5,1129
2026-07-16 23:41:05.680,28955.5,28974.25,28949.25,28949.25,897
2026-07-16 23:43:24.168,28949.25,28968,28943,28943,2404
2026-07-16 23:48:10.996,28943,28961.75,28936.75,28936.75,4080
2026-07-16 23:50:48.292,28936.75,28955.5,28930.5,28930.5,2200
2026-07-16 23:53:57.084,28930.5,28949.25,28924.25,28924.25,2956
2026-07-16 23:55:00.692,28924.25,28943,28918,28918,1263
2026-07-16 23:59:18.272,28918,28936.75,28911.75,28911.75,3313
2026-07-17 00:00:08.012,28911.75,28930.5,28905.5,28905.5,1135
2026-07-17 00:00:10.952,28905.5,28924.25,28899.25,28899.25,527
2026-07-17 00:00:11.952,28899.25,28918,28884.5,28886.75,853
2026-07-17 00:02:15.228,28886.75,28905.5,28880.5,28880.5,4001
2026-07-17 00:02:20.096,28880.5,28899.25,28874.25,28874.25,447
2026-07-17 00:04:40.168,28874.25,28893,28868,28868,3415
2026-07-17 00:05:02.528,28868,28886.75,28861.75,28861.75,878
2026-07-17 00:07:34.644,28861.75,28880.5,28855.5,28855.5,3246
2026-07-17 00:10:44.144,28855.5,28879.5,28849.25,28849.25,5023
2026-07-17 00:13:33.836,28849.25,28870.5,28843,28843,3726
2026-07-17 00:19:40.556,28843,28861.75,28836.75,28836.75,6283
2026-07-17 00:21:56.900,28836.75,28859.5,28830.5,28830.5,3544
2026-07-17 00:25:20.472,28830.5,28849.25,28824.25,28824.25,4205
2026-07-17 00:27:09.056,28824.25,28843,28818,28818,2703
2026-07-17 00:27:31.936,28818,28836.75,28811.75,28811.75,682
2026-07-17 00:28:08.732,28811.75,28830.5,28805.5,28805.5,1449
2026-07-17 00:30:29.048,28805.5,28824.25,28799.25,28799.25,3950
2026-07-17 00:33:18.096,28799.25,28818,28793,28793,2859
2026-07-17 00:34:45.180,28793,28811.75,28786.75,28786.75,1893
2026-07-17 00:38:13.712,28786.75,28805.5,28780.5,28780.5,4787
2026-07-17 00:38:51.216,28780.5,28799.25,28774.25,28774.25,1301
2026-07-17 00:43:44.840,28774.25,28818,28773.75,28818,7409
2026-07-17 00:46:22.624,28818,28824.25,28799.25,28824.25,3168
2026-07-17 00:48:43.180,28824.25,28830.5,28805.5,28830.5,2803
2026-07-17 00:52:55.952,28830.5,28836.75,28811.75,28836.75,3968
2026-07-17 01:01:54.400,28836.75,28841.25,28793,28793,10476
2026-07-17 01:25:06.624,28793,28822.5,28786.75,28786.75,20674
2026-07-17 01:34:03.412,28786.75,28811.5,28780.5,28780.5,7681
2026-07-17 01:34:17.752,28780.5,28799.25,28774.25,28774.25,699
2026-07-17 01:34:18.784,28774.25,28793,28763.5,28768,831
2026-07-17 01:34:22.364,28768,28786.75,28761.75,28761.75,306
2026-07-17 01:36:03.036,28761.75,28784,28755.5,28755.5,3482
2026-07-17 01:37:24.156,28755.5,28774.25,28749.25,28749.25,2443
2026-07-17 01:37:36.152,28749.25,28768,28740,28743,888
2026-07-17 01:40:08.568,28743,28761.75,28736.75,28736.75,2859
2026-07-17 01:43:40.012,28736.75,28755.5,28730.5,28730.5,4537
2026-07-17 01:49:35.312,28730.5,28774.25,28726.5,28774.25,7566
2026-07-17 02:08:37.860,28774.25,28775,28730.5,28730.5,19854
2026-07-17 02:08:39.356,28730.5,28749.25,28724.25,28724.25,322
2026-07-17 02:14:13.488,28724.25,28768,28722,28768,6555
2026-07-17 02:17:07.824,28768,28774.25,28748,28774.25,3082
2026-07-17 02:20:11.488,28774.25,28780.5,28755.5,28780.5,2334
2026-07-17 02:20:15.660,28780.5,28786.75,28761.75,28786.75,383
2026-07-17 02:21:05.932,28786.75,28793,28768,28793,1165
2026-07-17 02:23:03.680,28793,28799.25,28774.25,28799.25,2236
2026-07-17 02:23:15.680,28799.25,28805.5,28780.5,28805.5,395
2026-07-17 02:25:00.560,28805.5,28811.75,28786.75,28811.75,2106
2026-07-17 02:25:07.220,28811.75,28818,28793,28818,331
2026-07-17 02:25:36.120,28818,28824.25,28799.25,28824.25,926
2026-07-17 02:38:13.664,28824.25,28825,28780.5,28780.5,11866
2026-07-17 02:39:46.164,28780.5,28799.25,28774.25,28774.25,1713
2026-07-17 02:41:07.592,28774.25,28793,28768,28768,1492
2026-07-17 02:43:56.244,28768,28786.75,28761.75,28761.75,1909
2026-07-17 02:46:36.104,28761.75,28780.5,28755.5,28755.5,2186
2026-07-17 02:46:38.820,28755.5,28774.25,28749.25,28749.25,380
2026-07-17 02:48:03.964,28749.25,28768,28743,28743,1775
2026-07-17 02:53:52.176,28743,28762.5,28736.75,28736.75,4965
2026-07-17 03:00:22.460,28736.75,28755.5,28730.5,28730.5,5448
2026-07-17 03:10:21.248,28730.5,28767.75,28724.25,28724.25,12469
2026-07-17 03:11:51.408,28724.25,28743,28718,28718,1654
2026-07-17 03:15:29.860,28718,28761.75,28716.5,28761.75,5002
2026-07-17 03:24:14.976,28761.75,28764.75,28718,28718,8368
2026-07-17 03:25:53.408,28718,28736.75,28711.75,28711.75,1871
2026-07-17 03:30:03.404,28711.75,28755.5,28711.5,28755.5,4399
2026-07-17 03:36:34.256,28755.5,28759.75,28711.75,28711.75,5810
2026-07-17 03:41:26.964,28711.75,28730.5,28705.5,28705.5,5084
2026-07-17 03:45:52.104,28705.5,28726.5,28699.25,28699.25,4510
2026-07-17 03:46:04.776,28699.25,28718,28690.5,28693,681
2026-07-17 03:57:59.176,28693,28721.5,28686.75,28686.75,9266
2026-07-17 04:00:04.568,28686.75,28705.5,28680.5,28680.5,2843
2026-07-17 04:02:16.712,28680.5,28724.25,28679.5,28724.25,3919
2026-07-17 04:03:04.216,28724.25,28730.5,28705.5,28730.5,1425
2026-07-17 04:10:23.892,28730.5,28735.5,28686.75,28686.75,10243
2026-07-17 04:10:34.216,28686.75,28705.5,28680.5,28680.5,491
2026-07-17 04:10:49.592,28680.5,28699.25,28674.25,28674.25,847
2026-07-17 04:11:19.828,28674.25,28693,28668,28668,1464
2026-07-17 04:15:54.952,28668,28686.75,28661.75,28661.75,5393
2026-07-17 04:16:11.464,28661.75,28680.5,28655.5,28655.5,729
2026-07-17 04:16:16.256,28655.5,28674.25,28649.25,28649.25,461
2026-07-17 04:16:17.280,28649.25,28668,28642,28643,323
2026-07-17 04:16:18.916,28643,28661.75,28636.75,28636.75,251
2026-07-17 04:16:29.924,28636.75,28655.5,28630.5,28630.5,751
2026-07-17 04:16:31.424,28630.5,28649.25,28624.25,28624.25,334
2026-07-17 04:16:48.792,28624.25,28643,28618,28618,1407
2026-07-17 04:16:56.556,28618,28636.75,28611.75,28611.75,502
2026-07-17 04:17:23.220,28611.75,28630.5,28605.5,28605.5,1669
2026-07-17 04:17:40.468,28605.5,28624.25,28599.25,28599.25,802
2026-07-17 04:17:43.788,28599.25,28618,28591.5,28593,543
2026-07-17 04:18:07.876,28593,28611.75,28586.75,28586.75,1458
2026-07-17 04:19:30.744,28586.75,28611.25,28580.5,28580.5,4296
2026-07-17 04:28:08.292,28580.5,28624.25,28576.75,28624.25,17523
2026-07-17 04:28:25.064,28624.25,28630.5,28605.5,28630.5,665
2026-07-17 04:31:40.476,28630.5,28633.5,28586.75,28586.75,4475
2026-07-17 04:32:57.404,28586.75,28605.5,28580.5,28580.5,1711
2026-07-17 04:38:24.504,28580.5,28599.25,28574.25,28574.25,6104
2026-07-17 04:38:29.540,28574.25,28593,28566.75,28568,615
2026-07-17 04:42:06.864,28568,28586.75,28561.75,28561.75,4719
2026-07-17 04:42:08.276,28561.75,28580.5,28555.5,28555.5,274
2026-07-17 04:45:21.700,28555.5,28599.25,28554.75,28599.25,5069
2026-07-17 04:46:24.908,28599.25,28605.5,28580.5,28605.5,1257
2026-07-17 04:47:41.020,28605.5,28611.75,28586.75,28611.75,1177
2026-07-17 04:54:00.804,28611.75,28618,28589.25,28618,6766
2026-07-17 04:54:13.912,28618,28624.25,28599.25,28624.25,679
2026-07-17 04:54:33.416,28624.25,28630.5,28605.5,28630.5,466
2026-07-17 04:55:42.228,28630.5,28636.75,28611.75,28636.75,1171
2026-07-17 04:56:47.520,28636.75,28643,28618,28643,1596
2026-07-17 04:58:10.568,28643,28649.25,28624.25,28649.25,1635
2026-07-17 04:58:20.792,28649.25,28655.5,28630.5,28655.5,391
2026-07-17 05:13:23.780,28655.5,28661.75,28618,28661.75,14187
2026-07-17 05:14:22.880,28661.75,28668,28643,28668,1215
2026-07-17 05:14:41.828,28668,28674.25,28649.25,28674.25,404
2026-07-17 05:19:17.220,28674.25,28676.25,28630.5,28630.5,4345
2026-07-17 05:25:20.332,28630.5,28674.25,28630,28674.25,5972
2026-07-17 05:26:13.024,28674.25,28680.5,28655.5,28680.5,790
2026-07-17 05:27:01.116,28680.5,28686.75,28661.75,28686.75,935
2026-07-17 05:30:01.276,28686.75,28693,28668,28693,2445
2026-07-17 05:39:33.016,28693,28699.25,28661.5,28699.25,7300
2026-07-17 05:39:35.856,28699.25,28705.5,28680.5,28705.5,316
2026-07-17 05:39:49.072,28705.5,28711.75,28686.75,28711.75,517
2026-07-17 05:50:41.972,28711.75,28718,28678.5,28718,9686
2026-07-17 05:53:14.420,28718,28724.25,28699.25,28724.25,2488
2026-07-17 06:05:39.352,28724.25,28730.5,28693,28730.5,12546
2026-07-17 06:06:08.020,28730.5,28736.75,28711.75,28736.75,824
2026-07-17 06:10:15.660,28736.75,28743,28718,28743,4291
2026-07-17 06:11:13.052,28743,28749.25,28724.25,28749.25,1660
2026-07-17 06:11:17.788,28749.25,28755.5,28730.5,28755.5,459
2026-07-17 06:14:27.572,28755.5,28761.75,28727.25,28761.75,5067
2026-07-17 06:14:40.884,28761.75,28768,28743,28768,407
2026-07-17 06:15:12.500,28768,28774.25,28749.25,28774.25,807
2026-07-17 06:15:29.532,28774.25,28780.5,28755.5,28780.5,649
2026-07-17 06:16:14.984,28780.5,28786.75,28761.75,28786.75,1280
2026-07-17 06:21:39.684,28786.75,28787.75,28743,28743,6382
2026-07-17 06:21:48.572,28743,28761.75,28736.75,28736.75,578
2026-07-17 06:22:15.776,28736.75,28755.5,28730.5,28730.5,880
2026-07-17 06:22:21.240,28730.5,28749.25,28724.25,28724.25,402
2026-07-17 06:29:11.404,28724.25,28768,28724.25,28768,7628
2026-07-17 06:29:27.344,28768,28774.25,28749.25,28774.25,417
2026-07-17 06:33:38.032,28774.25,28780.5,28755.5,28780.5,3703
2026-07-17 06:34:32.016,28780.5,28786.75,28761.75,28786.75,740
2026-07-17 06:35:04.192,28786.75,28793,28768,28793,612
2026-07-17 06:35:34.432,28793,28799.25,28774.25,28799.25,853
2026-07-17 06:36:31.692,28799.25,28805.5,28780.5,28805.5,1306
2026-07-17 06:39:20.420,28805.5,28811.75,28786.75,28811.75,2615
2026-07-17 06:39:22.684,28811.75,28818,28793,28818,259
2026-07-17 06:41:12.084,28818,28824.25,28799.25,28824.25,2139
2026-07-17 06:58:13.136,28824.25,28826,28780.5,28780.5,14887
2026-07-17 07:00:04.004,28780.5,28799.25,28774.25,28774.25,2762
2026-07-17 07:04:04.312,28774.25,28808.5,28768,28768,5831
2026-07-17 07:04:14.564,28768,28786.75,28761.75,28761.75,472
2026-07-17 07:08:38.108,28761.75,28782.25,28755.5,28755.5,5300
2026-07-17 07:17:08.480,28755.5,28779.75,28749.25,28749.25,7375
2026-07-17 07:17:52.296,28749.25,28768,28743,28743,952
2026-07-17 07:20:15.652,28743,28761.75,28736.75,28736.75,2299
2026-07-17 07:20:46.876,28736.75,28755.5,28730.5,28730.5,655
2026-07-17 07:43:06.060,28730.5,28769.25,28724.25,28724.25,18183
2026-07-17 07:43:26.476,28724.25,28743,28718,28718,931
2026-07-17 08:03:13.424,28718,28761.25,28711.75,28711.75,16120
2026-07-17 08:03:28.264,28711.75,28730.5,28705.5,28705.5,484
2026-07-17 08:04:15.932,28705.5,28724.25,28699.25,28699.25,1471
2026-07-17 08:05:46.184,28699.25,28718,28693,28693,2033
2026-07-17 08:06:03.132,28693,28711.75,28686.75,28686.75,713
2026-07-17 08:11:45.348,28686.75,28705.5,28680.5,28680.5,6948
2026-07-17 08:16:09.044,28680.5,28699.25,28674.25,28674.25,4753
2026-07-17 08:26:17.500,28674.25,28697.75,28668,28668,10513
2026-07-17 08:27:21.876,28668,28686.75,28661.75,28661.75,1457
2026-07-17 08:42:03.400,28661.75,28683.75,28655.5,28655.5,14998
2026-07-17 08:50:00.976,28655.5,28692.25,28649.25,28649.25,13077
2026-07-17 09:01:23.952,28649.25,28686.25,28643,28643,18334
2026-07-17 09:01:46.660,28643,28661.75,28636.75,28636.75,1202
2026-07-17 09:07:29.160,28636.75,28655.5,28630.5,28630.5,9704
2026-07-17 09:10:39.488,28630.5,28649.25,28624.25,28624.25,5254
2026-07-17 09:15:01.340,28624.25,28643,28618,28618,5027
2026-07-17 09:19:57.196,28618,28636.75,28611.75,28611.75,8310
2026-07-17 09:23:26.164,28611.75,28630.5,28605.5,28605.5,5667
2026-07-17 09:24:45.304,28605.5,28624.25,28599.25,28599.25,1970
2026-07-17 09:26:22.392,28599.25,28643,28596.75,28643,7077
2026-07-17 09:27:41.096,28643,28647.25,28599.25,28599.25,4640
2026-07-17 09:27:49.312,28599.25,28618,28593,28593,917
2026-07-17 09:28:00.260,28593,28611.75,28586.75,28586.75,1862
2026-07-17 09:30:02.228,28586.75,28630.5,28581.5,28630.5,10074
2026-07-17 09:30:05.836,28630.5,28638,28611.75,28636.75,1662
2026-07-17 09:30:08.028,28636.75,28643,28618,28643,521
2026-07-17 09:30:09.968,28643,28649.25,28624.25,28649.25,567
2026-07-17 09:30:11.620,28649.25,28655.5,28630.5,28655.5,664
2026-07-17 09:31:03.096,28655.5,28661.75,28622.75,28661.75,10246
2026-07-17 09:31:14.500,28661.75,28668,28643,28668,3124
2026-07-17 09:31:29.788,28668,28674.25,28649.25,28674.25,3535
2026-07-17 09:31:49.256,28674.25,28680.5,28655.5,28680.5,3714
2026-07-17 09:32:37.528,28680.5,28685.5,28636.75,28636.75,10476
2026-07-17 09:32:48.576,28636.75,28655.5,28630.5,28630.5,2469
2026-07-17 09:32:52.228,28630.5,28649.25,28624.25,28624.25,1075
2026-07-17 09:33:06.136,28624.25,28643,28618,28618,2285
2026-07-17 09:33:18.036,28618,28636.75,28611.75,28611.75,2519
2026-07-17 09:33:24.556,28611.75,28630.5,28605.5,28605.5,1463
2026-07-17 09:33:28.340,28605.5,28624.25,28599.25,28599.25,1250
2026-07-17 09:33:38.128,28599.25,28618,28593,28593,2242
2026-07-17 09:33:39.640,28593,28611.75,28586.75,28586.75,448
2026-07-17 09:33:40.840,28586.75,28605.5,28580.5,28580.5,592
2026-07-17 09:33:43.736,28580.5,28599.25,28574.25,28574.25,1166
2026-07-17 09:34:04.220,28574.25,28593,28568,28568,5315
2026-07-17 09:34:09.320,28568,28586.75,28561.75,28561.75,1685
2026-07-17 09:34:27.284,28561.75,28580.5,28555.5,28555.5,4323
2026-07-17 09:34:31.080,28555.5,28574.25,28549.25,28549.25,1374
2026-07-17 09:34:37.168,28549.25,28568,28543,28543,2040
2026-07-17 09:35:49.832,28543,28576.75,28536.75,28536.75,17491
2026-07-17 09:35:53.868,28536.75,28555.5,28530.5,28530.5,1162
2026-07-17 09:36:35.424,28530.5,28571,28524.25,28524.25,10783
2026-07-17 09:36:36.424,28524.25,28543,28517,28518,845
2026-07-17 09:37:18.016,28518,28540,28511.75,28511.75,9218
2026-07-17 09:37:33.664,28511.75,28530.5,28505.5,28505.5,3451
2026-07-17 09:38:04.924,28505.5,28524.25,28499.25,28499.25,7128
2026-07-17 09:38:05.932,28499.25,28518,28489.5,28493,737
2026-07-17 09:38:34.208,28493,28512.5,28486.75,28486.75,5593
2026-07-17 09:38:52.304,28486.75,28505.5,28480.5,28480.5,3784
2026-07-17 09:39:13.100,28480.5,28499.25,28474.25,28474.25,4054
2026-07-17 09:39:14.100,28474.25,28493,28463.75,28468,880
2026-07-17 09:39:33.416,28468,28486.75,28461.75,28461.75,4886
2026-07-17 09:40:33.536,28461.75,28505.5,28457,28505.5,17301
2026-07-17 09:41:32.244,28505.5,28511.75,28469,28511.75,15079
2026-07-17 09:42:04.396,28511.75,28512.25,28468,28468,7639
2026-07-17 09:42:05.788,28468,28486.75,28461.75,28461.75,477
2026-07-17 09:42:07.884,28461.75,28480.5,28455.5,28455.5,959
2026-07-17 09:42:11.464,28455.5,28474.25,28449.25,28449.25,1670
2026-07-17 09:42:14.156,28449.25,28468,28443,28443,1261
2026-07-17 09:42:17.876,28443,28461.75,28436.75,28436.75,1795
2026-07-17 09:43:00.788,28436.75,28455.5,28430.5,28430.5,8393
2026-07-17 09:43:02.416,28430.5,28449.25,28424.25,28424.25,614
2026-07-17 09:43:58.028,28424.25,28444.75,28418,28418,9421
2026-07-17 09:44:04.940,28418,28436.75,28411.75,28411.75,1573
2026-07-17 09:45:44.080,28411.75,28455.5,28408.25,28455.5,22315
2026-07-17 09:46:02.940,28455.5,28462.25,28434.75,28461.75,4316
2026-07-17 09:46:10.536,28461.75,28468,28443,28468,2595
2026-07-17 09:46:27.520,28468,28474.25,28449.25,28474.25,3743
2026-07-17 09:47:01.084,28474.25,28477,28430.5,28430.5,6903
2026-07-17 09:47:03.008,28430.5,28449.25,28424.25,28424.25,622
2026-07-17 09:47:15.140,28424.25,28468,28422.75,28468,3078
2026-07-17 09:47:19.736,28468,28474.25,28449.25,28474.25,950
2026-07-17 09:47:42.700,28474.25,28480.5,28455.5,28480.5,4037
2026-07-17 09:47:50.368,28480.5,28486.75,28461.75,28486.75,1675
2026-07-17 09:48:02.892,28486.75,28493,28468,28493,2476
2026-07-17 09:48:12.280,28493,28499.25,28474.25,28499.25,2482
2026-07-17 09:48:17.636,28499.25,28505.5,28480.5,28505.5,1913
2026-07-17 09:48:21.340,28505.5,28511.75,28486.75,28511.75,1097
2026-07-17 09:49:02.664,28511.75,28518,28490.5,28518,8507
2026-07-17 09:49:18.844,28518,28519.75,28474.25,28474.25,4536
2026-07-17 09:50:33.832,28474.25,28518,28472.5,28518,13007
2026-07-17 09:50:34.832,28518,28527.5,28499.25,28524.25,720
2026-07-17 09:50:42.104,28524.25,28530.5,28505.5,28530.5,1897
2026-07-17 09:50:52.708,28530.5,28536.75,28511.75,28536.75,1872
2026-07-17 09:51:06.380,28536.75,28543,28518,28543,3489
2026-07-17 09:52:12.016,28543,28549.25,28514,28549.25,12051
2026-07-17 09:52:23.240,28549.25,28555.5,28530.5,28555.5,2269
2026-07-17 09:52:30.832,28555.5,28561.75,28536.75,28561.75,1685
2026-07-17 09:52:37.820,28561.75,28568,28543,28568,1517
2026-07-17 09:53:15.092,28568,28574.25,28547.5,28574.25,6230
2026-07-17 09:53:29.068,28574.25,28580.5,28555.5,28580.5,2700
2026-07-17 09:53:36.784,28580.5,28586.75,28561.75,28586.75,1468
2026-07-17 09:54:01.320,28586.75,28593,28568,28593,4641
2026-07-17 09:54:02.320,28593,28600,28574.25,28599.25,714
2026-07-17 09:54:09.408,28599.25,28605.5,28580.5,28605.5,2201
2026-07-17 09:54:14.468,28605.5,28611.75,28586.75,28611.75,1255
2026-07-17 09:55:25.024,28611.75,28618,28578.25,28618,13956
2026-07-17 09:55:26.028,28618,28625,28599.25,28624.25,619
2026-07-17 09:55:32.096,28624.25,28630.5,28605.5,28630.5,1618
2026-07-17 09:56:50.948,28630.5,28636.75,28602.25,28636.75,13920
2026-07-17 09:57:13.292,28636.75,28643,28610,28643,4556
2026-07-17 09:57:46.324,28643,28649.25,28621.75,28649.25,4175
2026-07-17 09:57:47.748,28649.25,28655.5,28630.5,28655.5,652
2026-07-17 09:58:27.376,28655.5,28661.75,28636.75,28661.75,4119
2026-07-17 09:58:46.324,28661.75,28668,28643,28668,1576
2026-07-17 09:58:54.612,28668,28674.25,28649.25,28674.25,1211
2026-07-17 09:59:58.564,28674.25,28680.5,28655.5,28680.5,6409
2026-07-17 10:00:04.232,28680.5,28686.75,28661.75,28686.75,1677
2026-07-17 10:00:05.240,28686.75,28699.5,28668,28693,985
2026-07-17 10:00:06.240,28693,28706,28674.25,28699.25,636
2026-07-17 10:00:14.384,28699.25,28707,28680.5,28705.5,2093
2026-07-17 10:00:42.428,28705.5,28711.75,28675.75,28711.75,5787
2026-07-17 10:00:48.172,28711.75,28718,28693,28718,1444
2026-07-17 10:00:51.188,28718,28724.25,28699.25,28724.25,1232
2026-07-17 10:00:52.704,28724.25,28730.5,28705.5,28730.5,483
2026-07-17 10:00:59.296,28730.5,28736.75,28711.75,28736.75,1826
2026-07-17 10:01:06.208,28736.75,28743,28718,28743,2466
2026-07-17 10:02:11.976,28743,28749.25,28717.25,28749.25,14135
2026-07-17 10:02:17.060,28749.25,28755.5,28730.5,28755.5,1907
2026-07-17 10:02:51.224,28755.5,28761.75,28736.75,28761.75,6242
2026-07-17 10:02:52.864,28761.75,28768,28743,28768,553
2026-07-17 10:03:08.444,28768,28774.25,28749.25,28774.25,3703
2026-07-17 10:03:10.664,28774.25,28780.5,28755.5,28780.5,841
2026-07-17 10:04:17.504,28780.5,28783,28736.75,28736.75,14080
2026-07-17 10:04:24.272,28736.75,28755.5,28730.5,28730.5,2124
2026-07-17 10:04:29.784,28730.5,28749.25,28724.25,28724.25,1350
2026-07-17 10:04:45.704,28724.25,28743,28718,28718,3052
2026-07-17 10:04:58.824,28718,28736.75,28711.75,28711.75,2537
2026-07-17 10:05:09.256,28711.75,28755.5,28710.5,28755.5,3709
2026-07-17 10:05:10.620,28755.5,28766.25,28736.75,28761.75,709
2026-07-17 10:05:25.304,28761.75,28768,28743,28768,3361
2026-07-17 10:05:28.636,28768,28774.25,28749.25,28774.25,733
2026-07-17 10:05:42.284,28774.25,28780.5,28755.5,28780.5,2379
2026-07-17 10:06:02.652,28780.5,28786.75,28761.75,28786.75,3920
2026-07-17 10:06:10.104,28786.75,28793,28768,28793,2234
2026-07-17 10:06:26.820,28793,28799.25,28774.25,28799.25,3586
2026-07-17 10:06:32.432,28799.25,28805.5,28780.5,28805.5,1601
2026-07-17 10:06:35.776,28805.5,28811.75,28786.75,28811.75,1034
2026-07-17 10:10:05.292,28811.75,28818,28782,28818,31499
2026-07-17 10:10:09.264,28818,28824.25,28799.25,28824.25,1335
2026-07-17 10:10:22.076,28824.25,28830.5,28805.5,28830.5,2742
2026-07-17 10:10:29.964,28830.5,28836.75,28811.75,28836.75,1807
2026-07-17 10:10:42.476,28836.75,28843,28818,28843,2691
2026-07-17 10:10:44.456,28843,28849.25,28824.25,28849.25,694
2026-07-17 10:10:53.336,28849.25,28855.5,28830.5,28855.5,2153
2026-07-17 10:10:56.088,28855.5,28861.75,28836.75,28861.75,741
2026-07-17 10:12:40.584,28861.75,28863,28818,28818,18962
2026-07-17 10:12:46.720,28818,28836.75,28811.75,28811.75,1260
2026-07-17 10:12:49.016,28811.75,28830.5,28805.5,28805.5,702
2026-07-17 10:13:37.488,28805.5,28836,28799.25,28799.25,9857
2026-07-17 10:14:10.964,28799.25,28818,28793,28793,5893
2026-07-17 10:14:18.160,28793,28811.75,28786.75,28786.75,1588
2026-07-17 10:15:18.076,28786.75,28814.5,28780.5,28780.5,11076
2026-07-17 10:15:35.108,28780.5,28824.25,28778.75,28824.25,4743
2026-07-17 10:15:36.108,28824.25,28843,28805.5,28830.5,1209
2026-07-17 10:15:47.184,28830.5,28836.75,28811.75,28836.75,2309
2026-07-17 10:15:51.972,28836.75,28843,28818,28843,1128
2026-07-17 10:15:53.032,28843,28849.25,28824.25,28849.25,307
2026-07-17 10:17:00.908,28849.25,28855.5,28819,28855.5,12345
2026-07-17 10:17:02.580,28855.5,28861.75,28836.75,28861.75,673
2026-07-17 10:17:03.580,28861.75,28871.75,28843,28868,1030
2026-07-17 10:17:04.716,28868,28879.25,28849.25,28874.25,984
2026-07-17 10:17:09.020,28874.25,28880.5,28855.5,28880.5,1275
2026-07-17 10:20:03.232,28880.5,28885.5,28836.75,28836.75,28435
2026-07-17 10:20:58.560,28836.75,28865,28830.5,28830.5,8067
2026-07-17 10:21:01.664,28830.5,28849.25,28824.25,28824.25,743
2026-07-17 10:21:03.548,28824.25,28843,28818,28818,662
2026-07-17 10:22:03.568,28818,28861.75,28815.5,28861.75,10194
2026-07-17 10:22:04.588,28861.75,28868,28843,28868,377
2026-07-17 10:22:30.912,28868,28870.75,28824.25,28824.25,5487
2026-07-17 10:24:11.820,28824.25,28868,28821,28868,13691
2026-07-17 10:24:13.012,28868,28874.5,28849.25,28874.25,510
2026-07-17 10:25:02.420,28874.25,28880.5,28855.5,28880.5,6431
2026-07-17 10:25:11.116,28880.5,28886.75,28861.75,28886.75,1668
2026-07-17 10:26:55.116,28886.75,28887.5,28843,28843,12424
2026-07-17 10:28:05.328,28843,28880.75,28836.75,28836.75,10667
2026-07-17 10:28:24.940,28836.75,28855.5,28830.5,28830.5,2528
2026-07-17 10:29:06.588,28830.5,28852.5,28824.25,28824.25,5362
2026-07-17 10:29:50.556,28824.25,28843,28818,28818,5675
2026-07-17 10:30:17.112,28818,28844,28811.75,28811.75,4904
2026-07-17 10:31:55.344,28811.75,28850.25,28805.5,28805.5,17346
2026-07-17 10:32:01.364,28805.5,28824.25,28799.25,28799.25,1270
2026-07-17 10:32:37.384,28799.25,28818,28793,28793,5677
2026-07-17 10:32:39.876,28793,28811.75,28786.75,28786.75,805
2026-07-17 10:32:43.016,28786.75,28805.5,28780.5,28780.5,932
2026-07-17 10:32:58.400,28780.5,28799.25,28774.25,28774.25,2843
2026-07-17 10:33:10.240,28774.25,28793,28768,28768,2312
2026-07-17 10:33:30.652,28768,28786.75,28761.75,28761.75,3977
2026-07-17 10:34:18.576,28761.75,28805.5,28760.25,28805.5,9100
2026-07-17 10:34:35.072,28805.5,28811.75,28786.75,28811.75,2463
2026-07-17 10:35:33.544,28811.75,28818,28788,28818,8541
2026-07-17 10:35:37.712,28818,28824.25,28799.25,28824.25,1121
2026-07-17 10:35:47.660,28824.25,28830.5,28805.5,28830.5,1814
2026-07-17 10:35:52.524,28830.5,28836.75,28811.75,28836.75,1279
2026-07-17 10:35:55.064,28836.75,28843,28818,28843,626
2026-07-17 10:36:03.488,28843,28849.25,28824.25,28849.25,2097
2026-07-17 10:36:04.528,28849.25,28864.75,28830.5,28855.5,1073
2026-07-17 10:36:05.528,28855.5,28863.5,28836.75,28861.75,342
2026-07-17 10:36:11.284,28861.75,28868,28843,28868,1353
2026-07-17 10:38:16.896,28868,28874.25,28829,28874.25,18212
2026-07-17 10:38:17.916,28874.25,28885.75,28855.5,28880.5,715
2026-07-17 10:39:30.572,28880.5,28886.75,28848.5,28886.75,10954
2026-07-17 10:39:59.116,28886.75,28894,28868,28893,3935
2026-07-17 10:42:45.152,28893,28896,28849.25,28849.25,19439
2026-07-17 10:42:48.772,28849.25,28868,28843,28843,771
2026-07-17 10:42:50.092,28843,28861.75,28836.5,28836.75,493
2026-07-17 10:42:56.080,28836.75,28855.5,28830.5,28830.5,952
2026-07-17 10:43:25.148,28830.5,28849.25,28824.25,28824.25,3717
2026-07-17 10:43:35.452,28824.25,28843,28818,28818,1514
2026-07-17 10:43:41.896,28818,28836.75,28811.75,28811.75,1048
2026-07-17 10:45:07.700,28811.75,28832.75,28805.5,28805.5,10477
2026-07-17 10:46:02.368,28805.5,28827.5,28799.25,28799.25,6809
2026-07-17 10:46:05.408,28799.25,28818,28793,28793,672
2026-07-17 10:46:07.664,28793,28811.75,28786.75,28786.75,586
2026-07-17 10:46:21.260,28786.75,28805.5,28780.5,28780.5,2007
2026-07-17 10:46:34.912,28780.5,28799.25,28774.25,28774.25,2018
2026-07-17 10:47:04.432,28774.25,28818,28768.75,28818,6229
2026-07-17 10:47:23.204,28818,28824.25,28799.25,28824.25,3442
2026-07-17 10:47:25.212,28824.25,28830.5,28805.5,28830.5,386
2026-07-17 10:47:26.384,28830.5,28837.25,28811.75,28836.75,504
2026-07-17 10:47:30.056,28836.75,28843,28818,28843,1169
2026-07-17 10:47:31.540,28843,28849.25,28824.25,28849.25,558
2026-07-17 10:47:52.240,28849.25,28855.5,28830.5,28855.5,3413
2026-07-17 10:48:40.152,28855.5,28858.5,28811.75,28811.75,7634
2026-07-17 10:48:41.956,28811.75,28830.5,28805.5,28805.5,391
2026-07-17 10:49:05.944,28805.5,28824.25,28799.25,28799.25,2901
2026-07-17 10:49:52.144,28799.25,28818.5,28793,28793,4788
2026-07-17 10:50:01.168,28793,28811.75,28786.75,28786.75,1192
2026-07-17 10:50:03.324,28786.75,28805.5,28780.5,28780.5,568
2026-07-17 10:51:44.764,28780.5,28807,28774.25,28774.25,10879
2026-07-17 10:51:50.972,28774.25,28793,28768,28768,1056
2026-07-17 10:51:58.792,28768,28786.75,28761.75,28761.75,1402
2026-07-17 10:52:39.296,28761.75,28805.5,28760,28805.5,5526
2026-07-17 10:52:40.296,28805.5,28811.75,28786.75,28811.75,509
2026-07-17 10:53:15.268,28811.75,28814.5,28768,28768,3901
2026-07-17 10:53:16.568,28768,28786.75,28761.75,28761.75,256
2026-07-17 10:54:09.284,28761.75,28780.5,28755.5,28755.5,5214
2026-07-17 10:54:42.152,28755.5,28774.25,28749.25,28749.25,4394
2026-07-17 10:55:41.436,28749.25,28793,28748.5,28793,7572
2026-07-17 10:55:46.276,28793,28799.25,28774.25,28799.25,752
2026-07-17 10:55:47.540,28799.25,28806.5,28780.5,28805.5,476
2026-07-17 10:56:33.116,28805.5,28809,28761.75,28761.75,6615
2026-07-17 10:56:39.236,28761.75,28780.5,28755.5,28755.5,807
2026-07-17 10:58:18.164,28755.5,28783.75,28749.25,28749.25,9283
2026-07-17 10:58:21.276,28749.25,28768,28743,28743,751
2026-07-17 10:58:31.400,28743,28761.75,28736.75,28736.75,1865
2026-07-17 10:58:37.392,28736.75,28755.5,28730.5,28730.5,1024
2026-07-17 10:58:45.644,28730.5,28749.25,28724.25,28724.25,1173
2026-07-17 11:00:30.632,28724.25,28743,28718,28718,12693
2026-07-17 11:00:32.408,28718,28736.75,28711.75,28711.75,649
2026-07-17 11:01:04.268,28711.75,28730.5,28705.5,28705.5,4369
2026-07-17 11:01:15.968,28705.5,28724.25,28699.25,28699.25,1499
2026-07-17 11:01:26.068,28699.25,28718,28693,28693,1594
2026-07-17 11:01:35.160,28693,28711.75,28686.75,28686.75,1576
2026-07-17 11:06:35.852,28686.75,28727,28680.5,28680.5,33367
2026-07-17 11:08:43.676,28680.5,28724.25,28676.75,28724.25,16915
2026-07-17 11:09:01.840,28724.25,28730.5,28705.5,28730.5,2676
2026-07-17 11:10:03.056,28730.5,28736.75,28706,28736.75,7599
2026-07-17 11:10:05.424,28736.75,28743,28718,28743,805
2026-07-17 11:10:07.912,28743,28749.25,28724.25,28749.25,866
2026-07-17 11:10:41.100,28749.25,28755.25,28705.5,28705.5,6955
2026-07-17 11:11:08.020,28705.5,28724.25,28699.25,28699.25,3786
2026-07-17 11:11:11.480,28699.25,28718,28693,28693,746
2026-07-17 11:15:45.472,28693,28729.25,28686.75,28686.75,26282
2026-07-17 11:19:06.736,28686.75,28730.5,28685.75,28730.5,17439
2026-07-17 11:19:11.652,28730.5,28736.75,28711.75,28736.75,992
2026-07-17 11:19:12.664,28736.75,28743.75,28718,28743,324
2026-07-17 11:20:25.640,28743,28747.5,28699.25,28699.25,8148
2026-07-17 11:20:27.324,28699.25,28718,28693,28693,503
2026-07-17 11:22:22.464,28693,28736.75,28688.25,28736.75,12590
2026-07-17 11:23:30.200,28736.75,28742.75,28693,28693,8780
2026-07-17 11:24:01.928,28693,28711.75,28686.75,28686.75,3222
2026-07-17 11:24:08.124,28686.75,28705.5,28680.5,28680.5,1293
2026-07-17 11:24:09.216,28680.5,28699.25,28672.75,28674.25,935
2026-07-17 11:25:32.996,28674.25,28718,28672,28718,10506
2026-07-17 11:26:12.572,28718,28724.25,28699.25,28724.25,4373
2026-07-17 11:27:00.804,28724.25,28730.5,28705.5,28730.5,4478
2026-07-17 11:27:16.984,28730.5,28736.75,28711.75,28736.75,1848
2026-07-17 11:28:24.156,28736.75,28743,28711.75,28743,6629
2026-07-17 11:29:30.724,28743,28749.25,28723,28749.25,5847
2026-07-17 11:29:33.004,28749.25,28755.5,28730.5,28755.5,869
2026-07-17 11:30:09.632,28755.5,28761.75,28736.75,28761.75,5651
2026-07-17 11:30:31.008,28761.75,28768,28743,28768,2723
2026-07-17 11:30:35.540,28768,28774.25,28749.25,28774.25,830
2026-07-17 11:32:10.512,28774.25,28778.75,28730.5,28730.5,12093
2026-07-17 11:32:11.512,28730.5,28749.25,28718.5,28724.25,902
2026-07-17 11:32:48.772,28724.25,28768,28717.25,28768,6030
2026-07-17 11:33:01.548,28768,28774.25,28749.25,28774.25,913
2026-07-17 11:33:03.016,28774.25,28780.5,28755.5,28780.5,305
2026-07-17 11:33:13.016,28780.5,28786.75,28761.75,28786.75,1457
2026-07-17 11:35:03.452,28786.75,28790.75,28743,28743,10379
2026-07-17 11:35:16.116,28743,28761.75,28736.75,28736.75,1405
2026-07-17 11:35:18.664,28736.75,28755.5,28730.5,28730.5,451
2026-07-17 11:36:28.476,28730.5,28774.25,28725.5,28774.25,8444
2026-07-17 11:36:33.264,28774.25,28780.5,28755.5,28780.5,569
2026-07-17 11:37:17.004,28780.5,28786.75,28761.75,28786.75,4207
2026-07-17 11:37:20.580,28786.75,28793,28768,28793,629
2026-07-17 11:37:21.912,28793,28799.25,28774.25,28799.25,483
2026-07-17 11:37:32.936,28799.25,28805.5,28780.5,28805.5,1529
2026-07-17 11:38:18.180,28805.5,28811.75,28778.25,28811.75,5726
2026-07-17 11:38:24.884,28811.75,28818,28793,28818,1170
2026-07-17 11:38:49.508,28818,28824.25,28799.25,28824.25,2367
2026-07-17 11:38:55.688,28824.25,28830.5,28805.5,28830.5,729
2026-07-17 11:40:21.088,28830.5,28836.75,28811.75,28836.75,7933
2026-07-17 11:40:26.880,28836.75,28843,28818,28843,629
2026-07-17 11:41:29.120,28843,28843.5,28799.25,28799.25,8082
2026-07-17 11:41:30.764,28799.25,28818,28793,28793,386
2026-07-17 11:41:36.880,28793,28811.75,28786.75,28786.75,998
2026-07-17 11:42:36.388,28786.75,28805.5,28780.5,28780.5,5424
2026-07-17 11:42:37.404,28780.5,28799.25,28773.25,28774.25,564
2026-07-17 11:43:42.020,28774.25,28799.5,28768,28768,5527
2026-07-17 11:46:59.028,28768,28811.75,28765.25,28811.75,18184
2026-07-17 11:47:03.048,28811.75,28818,28793,28818,681
2026-07-17 11:48:15.328,28818,28824.25,28799.25,28824.25,6332
2026-07-17 11:50:05.692,28824.25,28830.5,28804,28830.5,7492
2026-07-17 11:52:58.372,28830.5,28836.75,28802,28836.75,13017
2026-07-17 11:53:17.408,28836.75,28843,28818,28843,1700
2026-07-17 11:53:50.080,28843,28849.25,28824.25,28849.25,2722
2026-07-17 11:54:06.904,28849.25,28855.5,28830.5,28855.5,1779
2026-07-17 11:54:14.524,28855.5,28861.75,28836.75,28861.75,1136
2026-07-17 11:54:29.184,28861.75,28868,28843,28868,1931
2026-07-17 11:54:33.080,28868,28874.25,28849.25,28874.25,592
2026-07-17 11:54:56.320,28874.25,28880.5,28855.5,28880.5,2007
2026-07-17 11:55:03.304,28880.5,28886.75,28861.75,28886.75,1232
2026-07-17 11:55:23.412,28886.75,28893,28868,28893,2456
2026-07-17 11:55:43.584,28893,28899.25,28874.25,28899.25,2232
2026-07-17 11:55:57.420,28899.25,28905.5,28880.5,28905.5,1672
2026-07-17 11:56:00.584,28905.5,28911.75,28886.75,28911.75,960
2026-07-17 11:56:13.144,28911.75,28918,28893,28918,1877
2026-07-17 11:56:19.732,28918,28924.25,28899.25,28924.25,1133
2026-07-17 11:59:00.132,28924.25,28930.5,28905.5,28930.5,14440
2026-07-17 11:59:02.472,28930.5,28936.75,28911.75,28936.75,734
2026-07-17 11:59:04.232,28936.75,28943,28918,28943,676
2026-07-17 12:00:12.696,28943,28949.25,28924.25,28949.25,7910
2026-07-17 12:00:25.272,28949.25,28955.5,28930.5,28955.5,2122
2026-07-17 12:01:12.892,28955.5,28956,28911.75,28911.75,7077
2026-07-17 12:01:13.892,28911.75,28930.5,28889.5,28899.25,1925
2026-07-17 12:01:37.440,28899.25,28920.75,28890.75,28893,7075
2026-07-17 12:01:56.288,28893,28911.75,28886.75,28886.75,3056
2026-07-17 12:02:47.580,28886.75,28906.25,28880.5,28880.5,6776
2026-07-17 12:03:03.452,28880.5,28899.25,28874.25,28874.25,2210
2026-07-17 12:03:04.452,28874.25,28893,28865.5,28868,536
2026-07-17 12:03:08.276,28868,28886.75,28861.75,28861.75,845
2026-07-17 12:06:14.600,28861.75,28886.5,28855.5,28855.5,16362
2026-07-17 12:07:42.708,28855.5,28883,28849.25,28849.25,8053
2026-07-17 12:09:27.380,28849.25,28893,28845.5,28893,8798
2026-07-17 12:09:33.776,28893,28899.25,28874.25,28899.25,821
2026-07-17 12:09:35.416,28899.25,28905.5,28880.5,28905.5,455
2026-07-17 12:09:41.680,28905.5,28911.75,28886.75,28911.75,1054
2026-07-17 12:10:00.080,28911.75,28918,28893,28918,1857
2026-07-17 12:10:06.700,28918,28924.25,28899.25,28924.25,753
2026-07-17 12:10:12.628,28924.25,28930.5,28905.5,28930.5,889
2026-07-17 12:10:15.748,28930.5,28936.75,28911.75,28936.75,595
2026-07-17 12:10:21.272,28936.75,28943,28918,28943,845
2026-07-17 12:12:00.088,28943,28944.5,28899.25,28899.25,9203
2026-07-17 12:15:01.368,28899.25,28943,28896.5,28943,12240
2026-07-17 12:16:02.984,28943,28949.25,28924.25,28949.25,4584
2026-07-17 12:17:16.440,28949.25,28955.5,28924.5,28955.5,6209
2026-07-17 12:21:19.080,28955.5,28960,28911.75,28911.75,15894
2026-07-17 12:21:37.424,28911.75,28930.5,28905.5,28905.5,1142
2026-07-17 12:21:52.692,28905.5,28924.25,28899.25,28899.25,1205
2026-07-17 12:21:58.380,28899.25,28918,28893,28893,402
2026-07-17 12:22:25.848,28893,28911.75,28886.75,28886.75,2298
2026-07-17 12:22:29.848,28886.75,28905.5,28880.5,28880.5,515
2026-07-17 12:23:01.088,28880.5,28899.25,28874.25,28874.25,2272
2026-07-17 12:23:09.636,28874.25,28893,28868,28868,893
2026-07-17 12:25:02.780,28868,28889.5,28861.75,28861.75,7108
2026-07-17 12:27:02.204,28861.75,28905.5,28860,28905.5,8758
2026-07-17 12:27:13.116,28905.5,28911.75,28886.75,28911.75,1274
2026-07-17 12:27:17.512,28911.75,28918,28893,28918,504
2026-07-17 12:27:20.080,28918,28924.25,28899.25,28924.25,457
2026-07-17 12:27:28.212,28924.25,28930.5,28905.5,28930.5,1117
2026-07-17 12:27:29.256,28930.5,28936.75,28911.75,28936.75,283
2026-07-17 12:27:38.144,28936.75,28943,28918,28943,1556
2026-07-17 12:30:46.064,28943,28943,28899.25,28899.25,12375
2026-07-17 12:30:48.832,28899.25,28918,28893,28893,762
2026-07-17 12:31:19.020,28893,28911.75,28886.75,28886.75,3148
2026-07-17 12:36:33.924,28886.75,28930.5,28885.25,28930.5,16494
2026-07-17 12:39:06.140,28930.5,28936.75,28910.75,28936.75,7274
2026-07-17 12:43:10.548,28936.75,28943,28902,28943,12746
2026-07-17 12:43:17.676,28943,28949.25,28924.25,28949.25,837
2026-07-17 12:43:26.852,28949.25,28955.5,28930.5,28955.5,945
2026-07-17 12:43:27.888,28955.5,28964.25,28936.75,28961.75,660
2026-07-17 12:43:29.500,28961.75,28968,28943,28968,585
2026-07-17 12:45:08.188,28968,28974.25,28939,28974.25,8362
2026-07-17 12:47:33.976,28974.25,28980.5,28955.5,28980.5,7348
2026-07-17 12:47:37.976,28980.5,28986.75,28961.75,28986.75,462
2026-07-17 12:47:48.528,28986.75,28993,28968,28993,1098
2026-07-17 12:48:20.256,28993,28999.25,28974.25,28999.25,3561
2026-07-17 12:50:03.852,28999.25,29005.5,28980.5,29005.5,6840
2026-07-17 12:51:27.524,29005.5,29011.75,28983,29011.75,6265
2026-07-17 12:51:31.764,29011.75,29021.75,28993,29018,1543
2026-07-17 12:51:52.920,29018,29024.5,28999.25,29024.25,2022
2026-07-17 12:56:08.212,29024.25,29028.75,28980.5,28980.5,16189
2026-07-17 12:56:18.272,28980.5,28999.25,28974.25,28974.25,1064
2026-07-17 12:57:22.296,28974.25,28993,28968,28968,3745
2026-07-17 12:58:28.744,28968,28986.75,28961.75,28961.75,3060
2026-07-17 13:00:47.596,28961.75,29005.5,28961,29005.5,8933
2026-07-17 13:00:51.656,29005.5,29011.75,28986.75,29011.75,524
2026-07-17 13:01:03.636,29011.75,29018,28993,29018,1276
2026-07-17 13:01:21.780,29018,29024.25,28999.25,29024.25,1921
2026-07-17 13:01:22.844,29024.25,29030.5,29005.5,29030.5,704
2026-07-17 13:08:15.912,29030.5,29036.75,28993.25,29036.75,23332
2026-07-17 13:10:50.128,29036.75,29043,29017.25,29043,7747
2026-07-17 13:14:44.112,29043,29047,28999.25,28999.25,12318
2026-07-17 13:15:02.572,28999.25,29018,28993,28993,1549
2026-07-17 13:17:02.392,28993,29036.75,28987,29036.75,9438
2026-07-17 13:20:07.460,29036.75,29042.75,28993,28993,9901
2026-07-17 13:20:10.368,28993,29011.75,28986.75,28986.75,444
2026-07-17 13:20:36.784,28986.75,29005.5,28980.5,28980.5,1843
2026-07-17 13:26:17.528,28980.5,29024.25,28979.25,29024.25,19757
2026-07-17 13:26:21.372,29024.25,29030.5,29005.5,29030.5,541
2026-07-17 13:28:06.704,29030.5,29036.75,29011.75,29036.75,5298
2026-07-17 13:35:34.664,29036.75,29042.5,28993,28993,18291
2026-07-17 13:35:47.108,28993,29011.75,28986.75,28986.75,1033
2026-07-17 13:36:30.080,28986.75,29005.5,28980.5,28980.5,2684
2026-07-17 13:38:42.000,28980.5,28999.25,28974.25,28974.25,6455
2026-07-17 13:40:22.408,28974.25,28993,28968,28968,4459
2026-07-17 13:40:34.044,28968,28986.75,28961.75,28961.75,1133
2026-07-17 13:41:05.608,28961.75,28980.5,28955.5,28955.5,2215
2026-07-17 13:41:16.160,28955.5,28974.25,28949.25,28949.25,1016
2026-07-17 13:45:05.660,28949.25,28970.5,28943,28943,11156
2026-07-17 13:50:46.220,28943,28968.75,28936.75,28936.75,14703
2026-07-17 13:51:07.044,28936.75,28955.5,28930.5,28930.5,1621
2026-07-17 13:53:32.452,28930.5,28949.25,28924.25,28924.25,6909
2026-07-17 13:53:34.772,28924.25,28943,28918,28918,535
2026-07-17 13:55:39.068,28918,28941,28911.75,28911.75,6612
2026-07-17 13:56:33.620,28911.75,28930.5,28905.5,28905.5,2747
2026-07-17 13:56:46.572,28905.5,28924.25,28899.25,28899.25,1077
2026-07-17 13:57:02.584,28899.25,28918,28893,28893,926
2026-07-17 13:58:21.496,28893,28911.75,28886.75,28886.75,4586
2026-07-17 14:03:59.864,28886.75,28930.5,28883,28930.5,21349
2026-07-17 14:05:26.456,28930.5,28935.75,28886.75,28886.75,6210
2026-07-17 14:06:21.616,28886.75,28905.5,28880.5,28880.5,3014
2026-07-17 14:06:28.988,28880.5,28899.25,28874.25,28874.25,957
2026-07-17 14:10:20.244,28874.25,28896,28868,28868,11699
2026-07-17 14:11:14.824,28868,28886.75,28861.75,28861.75,2703
2026-07-17 14:15:18.164,28861.75,28880.5,28855.5,28855.5,10537
2026-07-17 14:15:30.904,28855.5,28874.25,28849.25,28849.25,1773
2026-07-17 14:15:37.004,28849.25,28868,28843,28843,971
2026-07-17 14:17:18.668,28843,28861.75,28836.75,28836.75,6956
2026-07-17 14:20:20.044,28836.75,28855.5,28830.5,28830.5,8639
2026-07-17 14:25:41.800,28830.5,28862.5,28824.25,28824.25,18026
2026-07-17 14:30:03.836,28824.25,28868,28822,28868,12295
2026-07-17 14:30:08.788,28868,28874.25,28849.25,28874.25,1130
2026-07-17 14:30:18.652,28874.25,28880.5,28855.5,28880.5,1416
2026-07-17 14:30:26.928,28880.5,28886.75,28861.75,28886.75,938
2026-07-17 14:33:13.976,28886.75,28891.25,28843,28843,11810
2026-07-17 14:33:17.772,28843,28861.75,28836.75,28836.75,461
2026-07-17 14:33:55.652,28836.75,28855.5,28830.5,28830.5,2464
2026-07-17 14:40:19.192,28830.5,28855.5,28824.25,28824.25,14980
2026-07-17 14:40:37.128,28824.25,28843,28818,28818,1282
2026-07-17 14:41:43.160,28818,28836.75,28811.75,28811.75,4264
2026-07-17 14:42:37.076,28811.75,28830.5,28805.5,28805.5,4437
2026-07-17 14:43:52.828,28805.5,28824.25,28799.25,28799.25,4272
2026-07-17 14:47:50.728,28799.25,28843,28796.75,28843,13469
2026-07-17 14:48:00.620,28843,28849.25,28824.25,28849.25,713
2026-07-17 14:48:15.468,28849.25,28855.5,28830.5,28855.5,1529
2026-07-17 14:48:20.308,28855.5,28861.75,28836.75,28861.75,508
2026-07-17 14:53:25.764,28861.75,28868,28831.25,28868,15733
2026-07-17 14:54:43.608,28868,28874.25,28849.25,28874.25,3368
2026-07-17 14:54:57.748,28874.25,28880.5,28855.5,28880.5,846
2026-07-17 15:02:46.960,28880.5,28886,28836.75,28836.75,22350
2026-07-17 15:06:43.340,28836.75,28861.25,28830.5,28830.5,10355
2026-07-17 15:07:02.896,28830.5,28849.25,28824.25,28824.25,1167
2026-07-17 15:07:12.184,28824.25,28843,28818,28818,754
2026-07-17 15:08:51.472,28818,28836.75,28811.75,28811.75,3893
2026-07-17 15:10:15.496,28811.75,28830.5,28805.5,28805.5,3209
2026-07-17 15:11:07.568,28805.5,28824.25,28799.25,28799.25,2585
2026-07-17 15:11:23.988,28799.25,28818,28793,28793,1190
2026-07-17 15:11:49.536,28793,28811.75,28786.75,28786.75,1627
2026-07-17 15:12:19.332,28786.75,28805.5,28780.5,28780.5,2011
2026-07-17 15:13:40.092,28780.5,28799.25,28774.25,28774.25,4145
2026-07-17 15:14:07.180,28774.25,28793,28768,28768,1452
2026-07-17 15:14:14.180,28768,28786.75,28761.75,28761.75,925
2026-07-17 15:15:30.212,28761.75,28780.5,28755.5,28755.5,5384
2026-07-17 15:15:48.404,28755.5,28774.25,28749.25,28749.25,1556
2026-07-17 15:16:51.320,28749.25,28768,28743,28743,4892
2026-07-17 15:16:59.060,28743,28761.75,28736.75,28736.75,739
2026-07-17 15:25:15.988,28736.75,28775.25,28730.5,28730.5,27020
2026-07-17 15:25:18.248,28730.5,28749.25,28724.25,28724.25,514
2026-07-17 15:27:41.856,28724.25,28768,28718.5,28768,10302
2026-07-17 15:28:02.832,28768,28774.25,28749.25,28774.25,1321
2026-07-17 15:28:04.004,28774.25,28780.5,28755.5,28780.5,294
2026-07-17 15:28:09.516,28780.5,28786.75,28761.75,28786.75,967
2026-07-17 15:28:14.108,28786.75,28793,28768,28793,742
2026-07-17 15:29:14.120,28793,28799.25,28774.25,28799.25,4096
2026-07-17 15:30:01.000,28799.25,28805.5,28780.5,28805.5,3252
2026-07-17 15:30:04.224,28805.5,28814,28786.75,28811.75,878
2026-07-17 15:30:07.980,28811.75,28824,28793,28818,2435
2026-07-17 15:30:08.988,28818,28825.75,28799.25,28824.25,245
2026-07-17 15:30:19.016,28824.25,28832.5,28805.5,28830.5,2191
2026-07-17 15:30:21.112,28830.5,28836.75,28811.75,28836.75,392
2026-07-17 15:31:10.036,28836.75,28844,28793,28793,6439
2026-07-17 15:36:26.536,28793,28826.5,28786.75,28786.75,20475
2026-07-17 15:39:16.476,28786.75,28826.5,28780.5,28780.5,10255
2026-07-17 15:39:19.156,28780.5,28799.25,28774.25,28774.25,438
2026-07-17 15:39:58.104,28774.25,28793,28768,28768,2760
2026-07-17 15:40:02.900,28768,28786.75,28761.75,28761.75,515
2026-07-17 15:40:05.576,28761.75,28780.5,28755.5,28755.5,447
2026-07-17 15:43:31.068,28755.5,28799.25,28753.5,28799.25,13067
2026-07-17 15:44:20.328,28799.25,28805.5,28780.5,28805.5,2340
2026-07-17 15:45:30.504,28805.5,28811.75,28786.75,28811.75,5014
2026-07-17 15:45:34.712,28811.75,28818,28793,28818,405
2026-07-17 15:48:08.952,28818,28824.25,28786.25,28824.25,10310
2026-07-17 15:50:00.028,28824.25,28830.5,28805.5,28830.5,6137
2026-07-17 15:50:01.360,28830.5,28844,28811.75,28836.75,1027
2026-07-17 15:50:02.364,28836.75,28847.75,28818,28843,355
2026-07-17 15:51:51.748,28843,28849.25,28811,28849.25,9954
2026-07-17 15:59:00.980,28849.25,28853.75,28805.5,28805.5,28943
2026-07-17 15:59:32.080,28805.5,28824.25,28799.25,28799.25,3177
2026-07-17 15:59:33.880,28799.25,28818,28793,28793,236
2026-07-17 15:59:44.012,28793,28811.75,28786.75,28786.75,1160
2026-07-17 15:59:45.688,28786.75,28805.5,28780.5,28780.5,422
2026-07-17 15:59:48.248,28780.5,28799.25,28774.25,28774.25,721
2026-07-17 15:59:50.944,28774.25,28793,28768,28768,802
2026-07-17 15:59:52.772,28768,28786.75,28761.75,28761.75,487
2026-07-17 16:00:05.052,28761.75,28780.5,28755.5,28755.5,4845
2026-07-17 16:00:25.096,28755.5,28774.25,28749.25,28749.25,2243
2026-07-17 16:00:32.600,28749.25,28768,28743,28743,924
2026-07-17 16:02:28.076,28743,28762,28736.75,28736.75,7646
2026-07-17 16:02:31.608,28736.75,28755.5,28730.5,28730.5,360
2026-07-17 16:03:41.908,28730.5,28749.25,28724.25,28724.25,4368
2026-07-17 16:03:58.868,28724.25,28743,28718,28718,1075
2026-07-17 16:31:01.896,28718,28761.75,28712.5,28761.75,26839
2026-07-17 16:33:49.712,28761.75,28768,28743,28768,2168
2026-07-17 16:57:20.108,28768,28774.25,28749.25,28774.25,9676
2026-07-17 16:59:59.944,28774.25,28779.25,28764,28768.75,1130
2026-07-19 18:00:02.136,28747.5,28772.5,28744.75,28772.5,451
2026-07-19 18:00:03.596,28772.5,28778.75,28753.75,28778.75,109
2026-07-19 18:00:04.636,28778.75,28787.75,28760,28785,67
2026-07-19 18:00:19.304,28785,28794.5,28766.25,28791.25,721
2026-07-19 18:00:24.376,28791.25,28797.5,28772.5,28797.5,195
2026-07-19 18:00:26.032,28797.5,28803.75,28778.75,28803.75,79
2026-07-19 18:00:56.428,28803.75,28810,28785,28810,875
2026-07-19 18:02:41.524,28810,28813.75,28766.25,28766.25,4155
2026-07-19 18:02:42.780,28766.25,28785,28760,28760,127
2026-07-19 18:02:45.872,28760,28778.75,28753.75,28753.75,181
2026-07-19 18:03:43.780,28753.75,28788.5,28747.5,28747.5,2593
2026-07-19 18:03:52.856,28747.5,28766.25,28741.25,28741.25,395
2026-07-19 18:04:07.920,28741.25,28760,28735,28735,869
2026-07-19 18:06:36.660,28735,28753.75,28728.75,28728.75,3973
2026-07-19 18:08:27.472,28728.75,28747.5,28722.5,28722.5,2227
2026-07-19 18:13:31.500,28722.5,28750.25,28716.25,28716.25,6290
2026-07-19 18:14:21.380,28716.25,28735,28710,28710,891
2026-07-19 18:15:23.828,28710,28753.75,28706.75,28753.75,2339
2026-07-19 18:17:22.928,28753.75,28760,28735,28760,2949
2026-07-19 18:17:35.500,28760,28766.25,28741.25,28766.25,462
2026-07-19 18:18:13.556,28766.25,28772.5,28747.5,28772.5,735
2026-07-19 18:19:23.932,28772.5,28778.75,28753.75,28778.75,1743
2026-07-19 18:19:24.944,28778.75,28789.75,28760,28785,304
2026-07-19 18:20:13.024,28785,28791.25,28766.25,28791.25,1508
2026-07-19 18:20:18.944,28791.25,28797.5,28772.5,28797.5,306
2026-07-19 18:20:21.808,28797.5,28803.75,28778.75,28803.75,291
2026-07-19 18:21:06.956,28803.75,28810,28785,28810,1515
2026-07-19 18:21:39.984,28810,28816.25,28791.25,28816.25,908
2026-07-19 18:25:21.776,28816.25,28817.25,28772.5,28772.5,5869
2026-07-19 18:26:01.164,28772.5,28791.25,28766.25,28766.25,1030
2026-07-19 18:30:01.228,28766.25,28788.75,28760,28760,4722
2026-07-19 18:33:12.648,28760,28803.75,28754.5,28803.75,5155
2026-07-19 18:33:14.812,28803.75,28810,28785,28810,191
2026-07-19 18:33:46.704,28810,28816.25,28791.25,28816.25,1195
2026-07-19 18:34:01.428,28816.25,28823.75,28797.5,28822.5,994
2026-07-19 18:34:09.060,28822.5,28828.75,28803.75,28828.75,427
2026-07-19 18:35:20.996,28828.75,28835,28810,28835,1863
2026-07-19 18:43:43.852,28835,28841.25,28804.25,28841.25,8904
2026-07-19 18:43:58.552,28841.25,28847.5,28822.5,28847.5,592
2026-07-19 19:00:59.072,28847.5,28851.25,28803.75,28803.75,14779
2026-07-19 19:03:47.016,28803.75,28822.5,28797.5,28797.5,2642
2026-07-19 19:03:48.016,28797.5,28816.25,28786,28791.25,450
2026-07-19 19:13:03.548,28791.25,28835,28784.5,28835,10839
2026-07-19 19:17:07.396,28835,28837.5,28791.25,28791.25,4399
2026-07-19 19:21:57.532,28791.25,28810,28785,28785,3614
2026-07-19 19:35:17.936,28785,28828.75,28777.25,28828.75,14036
2026-07-19 19:35:25.044,28828.75,28835,28810,28835,344
2026-07-19 19:42:32.724,28835,28841.25,28809.75,28841.25,6863
2026-07-19 19:42:47.972,28841.25,28847.5,28822.5,28847.5,470
2026-07-19 19:43:01.772,28847.5,28853.75,28828.75,28853.75,568
2026-07-19 19:43:11.164,28853.75,28860,28835,28860,602
2026-07-19 19:44:52.724,28860,28866.25,28841.25,28866.25,2125
2026-07-19 19:45:32.668,28866.25,28867.25,28822.5,28822.5,2074
2026-07-19 19:45:35.872,28822.5,28841.25,28816.25,28816.25,402
2026-07-19 19:52:12.116,28816.25,28860,28816,28860,8695
2026-07-19 19:58:13.412,28860,28866.25,28835.25,28866.25,5238
2026-07-19 19:58:46.360,28866.25,28872.5,28847.5,28872.5,1029
2026-07-19 20:00:41.444,28872.5,28877,28828.75,28828.75,4809
2026-07-19 20:01:38.792,28828.75,28847.5,28822.5,28822.5,2498
2026-07-19 20:01:52.980,28822.5,28841.25,28816.25,28816.25,556
2026-07-19 20:01:58.500,28816.25,28835,28810,28810,401
2026-07-19 20:04:00.632,28810,28853.75,28804.25,28853.75,4987
2026-07-19 20:04:03.012,28853.75,28860,28835,28860,242
2026-07-19 20:04:22.168,28860,28866.25,28841.25,28866.25,873
2026-07-19 20:04:56.460,28866.25,28872.5,28847.5,28872.5,1568
2026-07-19 20:05:25.444,28872.5,28878.75,28853.75,28878.75,1218
2026-07-19 20:05:27.068,28878.75,28885,28860,28885,294
2026-07-19 20:05:28.140,28885,28891.25,28866.25,28891.25,347
2026-07-19 20:05:48.464,28891.25,28897.5,28872.5,28897.5,1361
2026-07-19 20:06:06.708,28897.5,28903.75,28878.75,28903.75,1288
2026-07-19 20:06:10.136,28903.75,28910,28885,28910,475
2026-07-19 20:07:28.152,28910,28916.25,28888.25,28916.25,3712
2026-07-19 20:08:38.128,28916.25,28922.5,28897,28922.5,2793
2026-07-19 20:08:57.432,28922.5,28928.75,28903.75,28928.75,804
2026-07-19 20:09:35.052,28928.75,28935,28910,28935,1394
2026-07-19 20:11:32.880,28935,28941.25,28916.25,28941.25,3661
2026-07-19 20:11:46.160,28941.25,28947.5,28922.5,28947.5,648
2026-07-19 20:14:30.252,28947.5,28953.75,28927,28953.75,4693
2026-07-19 20:16:31.784,28953.75,28960,28935,28960,3814
2026-07-19 20:30:25.668,28960,28964,28916.25,28916.25,19700
2026-07-19 20:30:52.344,28916.25,28935,28910,28910,1050
2026-07-19 20:31:38.732,28910,28928.75,28903.75,28903.75,1729
2026-07-19 20:32:10.532,28903.75,28922.5,28897.5,28897.5,1332
2026-07-19 20:33:14.532,28897.5,28916.25,28891.25,28891.25,1802
2026-07-19 20:33:45.104,28891.25,28910,28885,28885,1012
2026-07-19 20:34:56.936,28885,28903.75,28878.75,28878.75,2309
2026-07-19 20:38:57.836,28878.75,28922.5,28875,28922.5,6740
2026-07-19 20:42:03.800,28922.5,28928.75,28885.5,28928.75,6015
2026-07-19 20:42:19.408,28928.75,28935,28910,28935,675
2026-07-19 20:44:05.332,28935,28935.75,28891.25,28891.25,2845
2026-07-19 20:45:02.620,28891.25,28910,28885,28885,1302
2026-07-19 20:45:11.036,28885,28903.75,28878.75,28878.75,410
2026-07-19 20:45:12.584,28878.75,28897.5,28870,28872.5,417
2026-07-19 20:45:22.092,28872.5,28891.25,28866.25,28866.25,718
2026-07-19 20:45:40.216,28866.25,28885,28860,28860,908
2026-07-19 20:57:36.312,28860,28902,28853.75,28853.75,15954
2026-07-19 21:04:37.296,28853.75,28888.75,28847.5,28847.5,10028
2026-07-19 21:06:02.908,28847.5,28891.25,28844.5,28891.25,2996
2026-07-19 21:06:48.208,28891.25,28897.5,28872.5,28897.5,1343
2026-07-19 21:07:02.520,28897.5,28903.75,28878.75,28903.75,585
2026-07-19 21:10:24.092,28903.75,28910,28885,28910,4001
2026-07-19 21:10:31.624,28910,28916.25,28891.25,28916.25,394
2026-07-19 21:11:47.188,28916.25,28918.5,28872.5,28872.5,2733
2026-07-19 21:12:27.440,28872.5,28891.25,28866.25,28866.25,1478
2026-07-19 21:13:05.540,28866.25,28885,28860,28860,1173
2026-07-19 21:14:38.340,28860,28878.75,28853.75,28853.75,1716
2026-07-19 21:14:44.996,28853.75,28872.5,28847.5,28847.5,332
2026-07-19 21:16:41.284,28847.5,28866.75,28841.25,28841.25,2849
2026-07-19 21:19:37.820,28841.25,28870,28835,28835,5326
2026-07-19 21:20:13.052,28835,28853.75,28828.75,28828.75,1634
2026-07-19 21:20:18.096,28828.75,28847.5,28822.5,28822.5,274
2026-07-19 21:23:41.580,28822.5,28866.25,28820.5,28866.25,5544
2026-07-19 21:23:46.200,28866.25,28872.5,28847.5,28872.5,301
2026-07-19 21:24:37.036,28872.5,28878.75,28853.75,28878.75,1182
2026-07-19 21:26:56.228,28878.75,28885,28858.25,28885,3174
2026-07-19 21:28:32.336,28885,28885.25,28841.25,28841.25,2633
2026-07-19 21:28:33.900,28841.25,28860,28835,28835,90
2026-07-19 21:28:57.900,28835,28853.75,28828.75,28828.75,699
2026-07-19 21:29:23.612,28828.75,28847.5,28822.5,28822.5,946
2026-07-19 21:29:27.860,28822.5,28841.25,28816.25,28816.25,251
2026-07-19 21:30:07.020,28816.25,28835,28810,28810,1425
2026-07-19 21:34:11.936,28810,28830,28803.75,28803.75,5069
2026-07-19 21:42:26.412,28803.75,28835,28797.5,28797.5,10399
2026-07-19 21:42:35.720,28797.5,28816.25,28791.25,28791.25,579
2026-07-19 21:43:03.684,28791.25,28810,28785,28785,1147
2026-07-19 21:43:15.304,28785,28803.75,28778.75,28778.75,642
2026-07-19 21:53:58.612,28778.75,28821,28772.5,28772.5,12768
2026-07-19 21:55:45.060,28772.5,28791.25,28766.25,28766.25,2518
2026-07-19 22:00:24.888,28766.25,28810,28762.75,28810,6062
2026-07-19 22:00:26.420,28810,28816.25,28791.25,28816.25,261
2026-07-19 22:00:27.420,28816.25,28822.75,28797.5,28822.5,250
2026-07-19 22:00:45.376,28822.5,28828.75,28803.75,28828.75,745
2026-07-19 22:00:51.128,28828.75,28835,28810,28835,374
2026-07-19 22:01:10.288,28835,28841.25,28816.25,28841.25,843
2026-07-19 22:01:11.736,28841.25,28847.5,28822.5,28847.5,351
2026-07-19 22:01:13.500,28847.5,28853.75,28828.75,28853.75,286
2026-07-19 22:01:15.240,28853.75,28860,28835,28860,397
2026-07-19 22:01:17.272,28860,28866.25,28841.25,28866.25,416
2026-07-19 22:02:51.184,28866.25,28872.5,28847.5,28872.5,2700
2026-07-19 22:02:57.288,28872.5,28878.75,28853.75,28878.75,553
2026-07-19 22:06:14.388,28878.75,28885,28848.75,28885,4620
2026-07-19 22:14:00.144,28885,28888.25,28841.25,28841.25,8376
2026-07-19 22:14:14.520,28841.25,28860,28835,28835,359
2026-07-19 22:15:35.724,28835,28853.75,28828.75,28828.75,1499
2026-07-19 22:15:41.764,28828.75,28847.5,28822.5,28822.5,270
2026-07-19 22:18:15.560,28822.5,28847.25,28816.25,28816.25,3676
2026-07-19 22:19:03.244,28816.25,28835,28810,28810,1077
2026-07-19 22:20:31.960,28810,28828.75,28803.75,28803.75,1595
2026-07-19 22:21:05.796,28803.75,28822.5,28797.5,28797.5,736
2026-07-19 22:30:51.024,28797.5,28841.25,28792.75,28841.25,10655
2026-07-19 22:31:03.488,28841.25,28847.5,28822.5,28847.5,454
2026-07-19 22:31:05.364,28847.5,28853.75,28828.75,28853.75,238
2026-07-19 22:32:32.076,28853.75,28860,28835,28860,2047
2026-07-19 22:32:45.464,28860,28866.25,28841.25,28866.25,525
2026-07-19 22:33:02.336,28866.25,28872.5,28847.5,28872.5,409
2026-07-19 22:36:14.948,28872.5,28878.75,28852.5,28878.75,4203
2026-07-19 22:36:22.300,28878.75,28886,28860,28885,381
2026-07-19 22:42:26.004,28885,28891.25,28856.5,28891.25,6246
2026-07-19 22:42:34.688,28891.25,28897.5,28872.5,28897.5,447
2026-07-19 22:42:44.840,28897.5,28903.75,28878.75,28903.75,577
2026-07-19 22:43:48.472,28903.75,28910,28885,28910,1565
2026-07-19 22:48:42.464,28910,28916.25,28891.25,28916.25,5566
2026-07-19 22:48:49.016,28916.25,28922.5,28897.5,28922.5,583
2026-07-19 22:49:46.560,28922.5,28928.75,28903.75,28928.75,1605
2026-07-19 22:50:03.008,28928.75,28935,28910,28935,928
2026-07-19 22:56:01.336,28935,28939.75,28891.25,28891.25,6316
2026-07-19 22:57:39.128,28891.25,28911.25,28885,28885,2302
2026-07-19 23:05:19.392,28885,28913.75,28878.75,28878.75,5990
2026-07-19 23:05:41.168,28878.75,28897.5,28872.5,28872.5,511
2026-07-19 23:06:34.044,28872.5,28891.25,28866.25,28866.25,893
2026-07-19 23:07:11.124,28866.25,28885,28860,28860,749
2026-07-19 23:15:55.468,28860,28903.75,28856,28903.75,7454
2026-07-19 23:16:05.552,28903.75,28910,28885,28910,447
2026-07-19 23:23:19.264,28910,28914.75,28866.25,28866.25,5430
2026-07-19 23:35:08.844,28866.25,28904,28860,28860,8398
2026-07-19 23:35:49.784,28860,28878.75,28853.75,28853.75,749
2026-07-19 23:42:56.344,28853.75,28897.5,28849.75,28897.5,6273
2026-07-19 23:48:40.020,28897.5,28903.75,28878.75,28903.75,3781
2026-07-19 23:50:35.420,28903.75,28910,28885,28910,1217
2026-07-19 23:50:54.920,28910,28916.25,28891.25,28916.25,397
2026-07-19 23:51:01.096,28916.25,28922.5,28897.5,28922.5,311
2026-07-19 23:52:35.852,28922.5,28928.75,28903.75,28928.75,1327
2026-07-19 23:53:26.616,28928.75,28935,28910,28935,932
2026-07-19 23:58:04.920,28935,28937.5,28891.25,28891.25,4277
2026-07-19 23:58:23.152,28891.25,28910,28885,28885,406
2026-07-20 00:07:02.280,28885,28919.25,28878.75,28878.75,6564
2026-07-20 00:07:13.888,28878.75,28897.5,28872.5,28872.5,240
2026-07-20 00:14:33.276,28872.5,28891.25,28866.25,28866.25,4682
2026-07-20 00:15:16.900,28866.25,28885,28860,28860,552
2026-07-20 00:17:21.880,28860,28878.75,28853.75,28853.75,1201
2026-07-20 00:17:43.096,28853.75,28872.5,28847.5,28847.5,456
2026-07-20 00:27:08.540,28847.5,28891.25,28842.5,28891.25,7155
2026-07-20 00:27:51.336,28891.25,28897.5,28872.5,28897.5,678
2026-07-20 00:31:27.448,28897.5,28903.75,28878.75,28903.75,2567
2026-07-20 00:32:11.936,28903.75,28910,28885,28910,429
2026-07-20 00:32:18.724,28910,28916.25,28891.25,28916.25,211
2026-07-20 00:33:01.504,28916.25,28922.5,28897.5,28922.5,802
2026-07-20 00:33:09.704,28922.5,28928.75,28903.75,28928.75,247
2026-07-20 00:33:27.256,28928.75,28935,28910,28935,437
2026-07-20 00:48:21.576,28935,28941.25,28897.5,28941.25,11074
2026-07-20 00:58:45.636,28941.25,28942.75,28897.5,28897.5,6210
2026-07-20 01:00:20.012,28897.5,28916.25,28891.25,28891.25,1038
2026-07-20 01:02:00.620,28891.25,28910,28885,28885,1329
2026-07-20 01:03:04.564,28885,28903.75,28878.75,28878.75,854
2026-07-20 01:05:14.460,28878.75,28897.5,28872.5,28872.5,1536
2026-07-20 01:05:42.060,28872.5,28891.25,28866.25,28866.25,462
2026-07-20 01:06:02.756,28866.25,28885,28860,28860,409
2026-07-20 01:09:17.860,28860,28878.75,28853.75,28853.75,2454
2026-07-20 01:09:31.716,28853.75,28872.5,28847.5,28847.5,274
2026-07-20 01:10:54.720,28847.5,28866.25,28841.25,28841.25,1383
2026-07-20 01:10:56.452,28841.25,28860,28835,28835,277
2026-07-20 01:11:27.712,28835,28853.75,28828.75,28828.75,1070
2026-07-20 01:11:56.604,28828.75,28847.5,28822.5,28822.5,903
2026-07-20 01:12:16.336,28822.5,28841.25,28816.25,28816.25,797
2026-07-20 01:14:11.776,28816.25,28860,28812,28860,3252
2026-07-20 01:14:27.956,28860,28866.25,28841.25,28866.25,516
2026-07-20 01:30:05.484,28866.25,28869.75,28822.5,28822.5,12292
2026-07-20 01:39:15.264,28822.5,28841.25,28816.25,28816.25,5266
2026-07-20 01:42:02.948,28816.25,28835,28810,28810,2462
2026-07-20 01:52:28.224,28810,28832,28803.75,28803.75,6528
2026-07-20 01:54:40.564,28803.75,28822.5,28797.5,28797.5,1379
2026-07-20 01:54:50.064,28797.5,28816.25,28791.25,28791.25,398
2026-07-20 02:10:35.576,28791.25,28824.75,28785,28785,12986
2026-07-20 02:15:14.684,28785,28803.75,28778.75,28778.75,3266
2026-07-20 02:24:49.396,28778.75,28816,28772.5,28772.5,7965
2026-07-20 02:35:50.424,28772.5,28797,28766.25,28766.25,7245
2026-07-20 02:41:41.204,28766.25,28810,28765.5,28810,4784
2026-07-20 03:00:10.004,28810,28816.25,28778.5,28816.25,12982
2026-07-20 03:00:17.120,28816.25,28822.5,28797.5,28822.5,420
2026-07-20 03:01:37.256,28822.5,28828.75,28803.75,28828.75,1876
2026-07-20 03:22:28.268,28828.75,28835,28797.75,28835,15399
2026-07-20 03:22:46.556,28835,28841.25,28816.25,28841.25,1081
2026-07-20 03:22:59.020,28841.25,28847.5,28822.5,28847.5,406
2026-07-20 03:26:17.036,28847.5,28853.75,28828.75,28853.75,3632
2026-07-20 03:26:30.768,28853.75,28860,28835,28860,371
2026-07-20 03:26:58.820,28860,28866.25,28841.25,28866.25,568
2026-07-20 03:27:09.692,28866.25,28872.5,28847.5,28872.5,451
2026-07-20 03:29:20.608,28872.5,28878.75,28853.75,28878.75,2312
2026-07-20 03:29:33.440,28878.75,28885,28860,28885,418
2026-07-20 03:30:11.900,28885,28891.25,28866.25,28891.25,1111
2026-07-20 03:30:18.328,28891.25,28897.5,28872.5,28897.5,287
2026-07-20 03:30:20.692,28897.5,28903.75,28878.75,28903.75,303
2026-07-20 03:34:25.316,28903.75,28910,28883.25,28910,4054
2026-07-20 03:34:34.324,28910,28916.25,28891.25,28916.25,405
2026-07-20 03:41:18.784,28916.25,28922.5,28897,28922.5,7585
2026-07-20 04:00:11.312,28922.5,28928.75,28879.25,28928.75,15718
2026-07-20 04:15:06.228,28928.75,28935,28889.75,28935,13200
2026-07-20 04:30:30.496,28935,28939.75,28891.25,28891.25,9164
2026-07-20 04:30:49.612,28891.25,28910,28885,28885,377
2026-07-20 04:31:15.852,28885,28903.75,28878.75,28878.75,579
2026-07-20 04:33:13.684,28878.75,28897.5,28872.5,28872.5,1426
2026-07-20 04:37:39.124,28872.5,28891.25,28866.25,28866.25,2664
2026-07-20 04:44:35.536,28866.25,28887,28860,28860,3914
2026-07-20 05:21:29.484,28860,28903.75,28854.75,28903.75,19173
2026-07-20 05:22:09.744,28903.75,28910,28885,28910,584
2026-07-20 05:23:41.840,28910,28916.25,28891.25,28916.25,717
2026-07-20 05:39:57.140,28916.25,28922.5,28897.5,28922.5,6555
2026-07-20 05:40:55.360,28922.5,28928.75,28903.75,28928.75,487
2026-07-20 05:41:47.308,28928.75,28935,28910,28935,607
2026-07-20 05:44:31.032,28935,28941.25,28916.25,28941.25,1754
2026-07-20 05:45:16.420,28941.25,28947.5,28922.5,28947.5,671
2026-07-20 05:45:47.188,28947.5,28953.75,28928.75,28953.75,632
2026-07-20 05:48:08.504,28953.75,28960,28935,28960,1250
2026-07-20 05:49:38.260,28960,28966.25,28941.25,28966.25,1473
2026-07-20 05:51:02.548,28966.25,28972.5,28947.5,28972.5,819
2026-07-20 05:52:29.060,28972.5,28978.75,28953.75,28978.75,871
2026-07-20 05:52:41.900,28978.75,28985,28960,28985,676
2026-07-20 05:52:42.908,28985,28993,28966.25,28991.25,520
2026-07-20 05:52:52.644,28991.25,28997.5,28972.5,28997.5,438
2026-07-20 05:55:41.016,28997.5,28997.75,28953.75,28953.75,3244
2026-07-20 06:00:40.836,28953.75,28972.5,28947.5,28947.5,3714
2026-07-20 06:00:58.468,28947.5,28966.25,28941.25,28941.25,393
2026-07-20 06:06:30.132,28941.25,28960,28935,28935,2621
2026-07-20 06:06:42.072,28935,28953.75,28928.75,28928.75,340
2026-07-20 06:15:10.196,28928.75,28947.5,28922.5,28922.5,3658
2026-07-20 06:30:31.612,28922.5,28966.25,28921,28966.25,8441
2026-07-20 06:45:50.308,28966.25,28976,28946,28972.5,7887
2026-07-20 06:46:38.268,28972.5,28978.75,28953.75,28978.75,392
2026-07-20 07:01:19.900,28978.75,28985,28960,28985,7339
2026-07-20 07:04:35.668,28985,28991.25,28966.25,28991.25,2399
2026-07-20 07:05:13.580,28991.25,28997.5,28972.5,28997.5,794
2026-07-20 07:09:47.560,28997.5,29003.75,28978.75,29003.75,3491
2026-07-20 07:13:03.772,29003.75,29010,28985,29010,1951
2026-07-20 07:13:22.888,29010,29016.25,28991.25,29016.25,461
2026-07-20 07:13:35.776,29016.25,29022.5,28997.5,29022.5,520
2026-07-20 07:30:11.772,29022.5,29028.75,28988.25,29028.75,10199
2026-07-20 07:30:14.580,29028.75,29035,29010,29035,1051
2026-07-20 07:30:15.584,29035,29046,29016.25,29041.25,587
2026-07-20 07:30:28.664,29041.25,29048,29022.5,29047.5,1800
2026-07-20 07:30:31.672,29047.5,29053.75,29028.75,29053.75,449
2026-07-20 07:30:33.100,29053.75,29060,29035,29060,344
2026-07-20 07:31:27.028,29060,29067.5,29033.75,29066.25,3187
2026-07-20 07:31:34.112,29066.25,29072.5,29047.5,29072.5,863
2026-07-20 07:32:16.296,29072.5,29078.75,29053.75,29078.75,2275
2026-07-20 07:32:23.848,29078.75,29085,29060,29085,501
2026-07-20 07:32:28.364,29085,29091.25,29066.25,29091.25,402
2026-07-20 07:33:11.044,29091.25,29097.5,29072.5,29097.5,3043
2026-07-20 07:33:15.644,29097.5,29103.75,29078.75,29103.75,718
2026-07-20 07:35:23.056,29103.75,29110,29078.5,29110,5345
2026-07-20 07:47:48.788,29110,29110.5,29066.25,29066.25,15772
2026-07-20 07:50:03.012,29066.25,29085,29060,29060,3202
2026-07-20 07:50:11.732,29060,29078.75,29053.75,29053.75,713
2026-07-20 08:00:50.464,29053.75,29086,29047.5,29047.5,9937
2026-07-20 08:01:56.992,29047.5,29066.25,29041.25,29041.25,1616
2026-07-20 08:02:10.672,29041.25,29060,29035,29035,902
2026-07-20 08:02:28.404,29035,29053.75,29028.75,29028.75,1476
2026-07-20 08:02:29.412,29028.75,29047.5,29019,29022.5,455
2026-07-20 08:02:30.412,29022.5,29041.25,29013.5,29016.25,275
2026-07-20 08:02:31.968,29016.25,29035,29010,29010,384
2026-07-20 08:02:32.976,29010,29028.75,28995,29003.75,1056
2026-07-20 08:02:33.980,29003.75,29022.5,28996.5,28997.5,304
2026-07-20 08:02:54.060,28997.5,29016.25,28991.25,28991.25,1620
2026-07-20 08:02:55.380,28991.25,29010,28985,28985,196
2026-07-20 08:27:57.808,28985,29028.75,28981.5,29028.75,27517
2026-07-20 08:28:15.092,29028.75,29035,29010,29035,729
2026-07-20 08:30:00.344,29035,29041.25,29016.25,29041.25,1443
2026-07-20 09:00:02.236,29041.25,29047.5,29000.75,29047.5,27969
2026-07-20 09:00:07.148,29047.5,29053.75,29028.75,29053.75,710
2026-07-20 09:30:04.456,29053.75,29060,29021,29060,35385
2026-07-20 09:30:23.952,29060,29066.25,29038,29066.25,3637
2026-07-20 09:31:01.844,29066.25,29072.5,29047.5,29072.5,4417
2026-07-20 09:31:03.528,29072.5,29080,29053.75,29078.75,856
2026-07-20 09:32:05.052,29078.75,29085,29047.75,29085,11833
2026-07-20 09:32:10.376,29085,29091.25,29066.25,29091.25,1544
2026-07-20 09:32:11.888,29091.25,29097.5,29072.5,29097.5,527
2026-07-20 09:32:16.504,29097.5,29103.75,29078.75,29103.75,1483
2026-07-20 09:32:18.256,29103.75,29110,29085,29110,700
2026-07-20 09:33:43.168,29110,29116.25,29091.25,29116.25,13638
2026-07-20 09:33:52.536,29116.25,29122.5,29097.5,29122.5,1578
2026-07-20 09:34:33.776,29122.5,29128.75,29103.75,29128.75,6376
2026-07-20 09:34:40.736,29128.75,29135,29110,29135,1292
2026-07-20 09:35:07.188,29135,29141.25,29116.25,29141.25,5072
2026-07-20 09:35:35.260,29141.25,29147.5,29122.5,29147.5,4338
2026-07-20 09:37:12.580,29147.5,29153.75,29126,29153.75,13322
2026-07-20 09:37:54.472,29153.75,29160,29135,29160,4651
2026-07-20 09:37:55.484,29160,29166.5,29141.25,29166.25,652
2026-07-20 09:39:27.072,29166.25,29167.5,29122.5,29122.5,13458
2026-07-20 09:43:22.448,29122.5,29166.25,29119,29166.25,28388
2026-07-20 09:43:25.292,29166.25,29172.5,29147.5,29172.5,920
2026-07-20 09:43:29.724,29172.5,29178.75,29153.75,29178.75,1333
2026-07-20 09:45:02.856,29178.75,29185,29160,29185,10903
2026-07-20 09:45:20.132,29185,29191.25,29166.25,29191.25,3955
2026-07-20 09:47:15.696,29191.25,29192.5,29147.5,29147.5,16270
2026-07-20 09:47:23.752,29147.5,29166.25,29141.25,29141.25,1512
2026-07-20 09:48:46.816,29141.25,29160,29135,29135,8365
2026-07-20 09:49:25.236,29135,29153.75,29128.75,29128.75,3970
2026-07-20 09:49:43.364,29128.75,29147.5,29122.5,29122.5,2655
2026-07-20 09:49:53.776,29122.5,29141.25,29115.5,29116.25,2498
2026-07-20 09:50:34.540,29116.25,29135,29110,29110,5518
2026-07-20 09:50:41.052,29110,29128.75,29103.75,29103.75,2020
2026-07-20 09:50:45.624,29103.75,29122.5,29097.5,29097.5,1435
2026-07-20 09:51:20.836,29097.5,29116.25,29091.25,29091.25,5053
2026-07-20 09:51:38.664,29091.25,29110,29085,29085,3299
2026-07-20 09:51:40.116,29085,29103.75,29078.75,29078.75,779
2026-07-20 09:51:45.048,29078.75,29097.5,29072.5,29072.5,1514
2026-07-20 09:52:18.524,29072.5,29091.25,29066.25,29066.25,6768
2026-07-20 09:52:19.524,29066.25,29085,29045.5,29053.75,2156
2026-07-20 09:52:20.524,29053.75,29072.5,29038,29041.25,710
2026-07-20 09:52:21.996,29041.25,29060,29035,29035,917
2026-07-20 09:53:15.448,29035,29062.5,29028.75,29028.75,9894
2026-07-20 09:54:55.700,29028.75,29072.5,29027.25,29072.5,15224
2026-07-20 09:56:15.972,29072.5,29072.5,29028.75,29028.75,11834
2026-07-20 09:56:33.480,29028.75,29047.5,29022.5,29022.5,3494
2026-07-20 09:57:19.168,29022.5,29041.5,29016.25,29016.25,7229
2026-07-20 09:57:20.920,29016.25,29035,29010,29010,672
2026-07-20 09:57:22.968,29010,29028.75,29003.75,29003.75,987
2026-07-20 09:57:29.928,29003.75,29022.5,28997.5,28997.5,1764
2026-07-20 09:58:50.228,28997.5,29016.5,28991.25,28991.25,10480
2026-07-20 09:58:57.756,28991.25,29010,28985,28985,1463
2026-07-20 10:00:09.920,28985,29006.75,28978.75,28978.75,11356
2026-07-20 10:01:26.176,28978.75,29005.75,28972.5,28972.5,14187
2026-07-20 10:01:29.880,28972.5,28991.25,28966.25,28966.25,1068
2026-07-20 10:02:22.480,28966.25,29010,28961,29010,11330
2026-07-20 10:02:25.516,29010,29016.25,28991.25,29016.25,826
2026-07-20 10:03:01.152,29016.25,29022.5,28997.5,29022.5,6308
2026-07-20 10:03:12.364,29022.5,29028.75,29003.75,29028.75,2289
2026-07-20 10:03:59.684,29028.75,29035,29010,29035,6312
2026-07-20 10:04:02.548,29035,29041.25,29016.25,29041.25,975
2026-07-20 10:04:09.728,29041.25,29047.5,29022.5,29047.5,1761
2026-07-20 10:06:00.568,29047.5,29048.5,29003.75,29003.75,15177
2026-07-20 10:06:31.408,29003.75,29022.5,28997.5,28997.5,4900
2026-07-20 10:06:36.272,28997.5,29016.25,28991.25,28991.25,1225
2026-07-20 10:07:10.908,28991.25,29011.25,28985,28985,4492
2026-07-20 10:10:18.028,28985,29023.25,28978.75,28978.75,24488
2026-07-20 10:10:31.088,28978.75,28997.5,28972.5,28972.5,2271
2026-07-20 10:10:42.160,28972.5,28991.25,28966.25,28966.25,1797
2026-07-20 10:10:45.828,28966.25,28985,28960,28960,1029
2026-07-20 10:11:43.116,28960,28980.5,28953.75,28953.75,9624
2026-07-20 10:11:46.904,28953.75,28972.5,28947.5,28947.5,1571
2026-07-20 10:12:04.660,28947.5,28966.25,28941.25,28941.25,3775
2026-07-20 10:14:11.728,28941.25,28985,28938.25,28985,17363
2026-07-20 10:14:14.148,28985,28991.25,28966.25,28991.25,855
2026-07-20 10:15:46.056,28991.25,28997.5,28955,28997.5,14874
2026-07-20 10:16:01.564,28997.5,29003.75,28978.75,29003.75,1989
2026-07-20 10:16:53.560,29003.75,29005.5,28960,28960,7863
2026-07-20 10:17:06.600,28960,28978.75,28953.75,28953.75,1712
2026-07-20 10:18:01.988,28953.75,28972.5,28947.5,28947.5,6497
2026-07-20 10:18:10.320,28947.5,28966.25,28941.25,28941.25,1640
2026-07-20 10:20:27.956,28941.25,28978,28935,28935,16535
2026-07-20 10:20:29.748,28935,28953.75,28928.75,28928.75,1168
2026-07-20 10:21:05.336,28928.75,28947.5,28922.5,28922.5,5219
2026-07-20 10:21:14.148,28922.5,28941.25,28916.25,28916.25,2341
2026-07-20 10:21:38.980,28916.25,28935,28910,28910,3758
2026-07-20 10:23:02.672,28910,28953.75,28907.5,28953.75,12675
2026-07-20 10:23:26.552,28953.75,28960,28935,28960,3518
2026-07-20 10:23:30.844,28960,28966.25,28941.25,28966.25,958
2026-07-20 10:23:48.240,28966.25,28972.5,28947.5,28972.5,2439
2026-07-20 10:24:04.368,28972.5,28978.75,28953.75,28978.75,1951
2026-07-20 10:24:24.752,28978.75,28985,28960,28985,2824
2026-07-20 10:25:11.004,28985,28991.25,28962.5,28991.25,5712
2026-07-20 10:25:12.736,28991.25,28997.5,28972.5,28997.5,796
2026-07-20 10:26:39.368,28997.5,29003.75,28978.75,29003.75,10579
2026-07-20 10:26:40.556,29003.75,29010,28985,29010,551
2026-07-20 10:29:26.400,29010,29016.25,28975.75,29016.25,19038
2026-07-20 10:29:33.976,29016.25,29022.5,28997.5,29022.5,1787
2026-07-20 10:29:55.452,29022.5,29028.75,29003.75,29028.75,3083
2026-07-20 10:30:12.564,29028.75,29035,29010,29035,3184
2026-07-20 10:30:42.012,29035,29041.25,29016.25,29041.25,3886
2026-07-20 10:30:51.472,29041.25,29047.5,29022.5,29047.5,1614
2026-07-20 10:32:29.276,29047.5,29050,29003.75,29003.75,13814
2026-07-20 10:32:32.856,29003.75,29022.5,28997.5,28997.5,1074
2026-07-20 10:32:37.080,28997.5,29016.25,28991.25,28991.25,1091
2026-07-20 10:34:08.456,28991.25,29015.25,28985,28985,10479
2026-07-20 10:37:08.108,28985,29026,28978.75,28978.75,21073
2026-07-20 10:38:35.380,28978.75,29002.25,28972.5,28972.5,10063
2026-07-20 10:40:40.576,28972.5,29016.25,28972.25,29016.25,12465
2026-07-20 10:42:33.888,29016.25,29016.75,28972.5,28972.5,11381
2026-07-20 10:43:35.268,28972.5,28991.25,28966.25,28966.25,5207
2026-07-20 10:43:39.528,28966.25,28985,28960,28960,1164
2026-07-20 10:43:44.504,28960,28978.75,28953.75,28953.75,1109
2026-07-20 10:45:02.976,28953.75,28977,28947.5,28947.5,8829
2026-07-20 10:45:03.984,28947.5,28966.25,28941,28941.25,597
2026-07-20 10:45:05.516,28941.25,28960,28935,28935,790
2026-07-20 10:45:57.132,28935,28978.75,28931.5,28978.75,8882
2026-07-20 10:46:10.072,28978.75,28985,28960,28985,2436
2026-07-20 10:46:15.888,28985,28991.25,28966.25,28991.25,891
2026-07-20 10:46:17.444,28991.25,28997.5,28972.5,28997.5,702
2026-07-20 10:46:19.792,28997.5,29003.75,28978.75,29003.75,781
2026-07-20 10:47:37.040,29003.75,29004.5,28960,28960,9606
2026-07-20 10:47:58.648,28960,28978.75,28953.75,28953.75,2047
2026-07-20 10:48:19.116,28953.75,28972.5,28947.5,28947.5,2899
2026-07-20 10:48:20.212,28947.5,28966.25,28941.25,28941.25,287
2026-07-20 10:48:22.368,28941.25,28960,28935,28935,733
2026-07-20 10:48:29.444,28935,28953.75,28928.75,28928.75,1220
2026-07-20 10:50:00.632,28928.75,28950.5,28922.5,28922.5,9267
2026-07-20 10:52:49.684,28922.5,28946.75,28916.25,28916.25,17392
2026-07-20 10:52:51.112,28916.25,28935,28910,28910,525
2026-07-20 10:53:02.228,28910,28928.75,28903.75,28903.75,2142
2026-07-20 10:53:50.356,28903.75,28922.5,28897.5,28897.5,6365
2026-07-20 10:56:46.680,28897.5,28928,28891.25,28891.25,20352
2026-07-20 10:56:50.584,28891.25,28910,28885,28885,1254
2026-07-20 10:58:35.860,28885,28910,28878.75,28878.75,13819
2026-07-20 11:01:58.104,28878.75,28922.5,28873.25,28922.5,23122
2026-07-20 11:02:03.588,28922.5,28928.75,28903.75,28928.75,884
2026-07-20 11:02:45.852,28928.75,28935,28910,28935,4600
2026-07-20 11:02:58.680,28935,28941.25,28916.25,28941.25,1343
2026-07-20 11:03:01.260,28941.25,28947.5,28922.5,28947.5,827
2026-07-20 11:03:10.392,28947.5,28953.75,28928.75,28953.75,1623
2026-07-20 11:05:17.928,28953.75,28957,28910,28910,14878
2026-07-20 11:05:36.704,28910,28928.75,28903.75,28903.75,2095
2026-07-20 11:05:38.048,28903.75,28922.5,28897.5,28897.5,439
2026-07-20 11:05:52.312,28897.5,28916.25,28891.25,28891.25,1687
2026-07-20 11:05:53.576,28891.25,28910,28885,28885,504
2026-07-20 11:07:11.644,28885,28928.75,28884,28928.75,7607
2026-07-20 11:07:13.520,28928.75,28935,28910,28935,519
2026-07-20 11:07:51.880,28935,28941.25,28916.25,28941.25,3125
2026-07-20 11:07:57.140,28941.25,28947.5,28922.5,28947.5,671
2026-07-20 11:08:40.968,28947.5,28953.75,28928.75,28953.75,3568
2026-07-20 11:08:54.152,28953.75,28960,28935,28960,1533
2026-07-20 11:08:55.152,28960,28974.75,28941.25,28972.5,1860
2026-07-20 11:08:56.584,28972.5,28983.75,28953.75,28978.75,1223
2026-07-20 11:09:47.036,28978.75,28985,28957.5,28985,6623
2026-07-20 11:11:10.564,28985,28990.25,28941.25,28941.25,8321
2026-07-20 11:14:39.172,28941.25,28965,28935,28935,15660
2026-07-20 11:15:21.704,28935,28955.25,28928.75,28928.75,3417
2026-07-20 11:16:45.392,28928.75,28972.5,28928.75,28972.5,6957
2026-07-20 11:16:58.344,28972.5,28978.75,28953.75,28978.75,982
2026-07-20 11:17:02.084,28978.75,28985,28960,28985,439
2026-07-20 11:17:44.516,28985,28991.25,28966.25,28991.25,2808
2026-07-20 11:18:25.440,28991.25,28997.5,28972.5,28997.5,3293
2026-07-20 11:21:50.684,28997.5,29003.75,28958,29003.75,15608
2026-07-20 11:23:03.976,29003.75,29010,28985,29010,4716
2026-07-20 11:23:20.928,29010,29016.25,28991.25,29016.25,1606
2026-07-20 11:23:24.344,29016.25,29022.5,28997.5,29022.5,719
2026-07-20 11:28:40.040,29022.5,29025.5,28978.75,28978.75,19910
2026-07-20 11:28:42.364,28978.75,28997.5,28972.5,28972.5,364
2026-07-20 11:29:51.544,28972.5,29016.25,28969,29016.25,6518
2026-07-20 11:30:03.656,29016.25,29022.5,28997.5,29022.5,1582
2026-07-20 11:31:04.964,29022.5,29028.75,29003.75,29028.75,4539
2026-07-20 11:48:40.400,29028.75,29034.5,28985,28985,61385
2026-07-20 11:49:14.820,28985,29003.75,28978.75,28978.75,2776
2026-07-20 11:51:40.152,28978.75,29022.5,28974.5,29022.5,11913
2026-07-20 11:53:25.632,29022.5,29028.75,29003.75,29028.75,5483
2026-07-20 11:53:28.132,29028.75,29035,29010,29035,490
2026-07-20 11:54:02.060,29035,29041.25,29016.25,29041.25,3122
2026-07-20 11:54:11.468,29041.25,29047.5,29022.5,29047.5,1168
2026-07-20 11:54:14.288,29047.5,29053.75,29028.75,29053.75,885
2026-07-20 11:56:08.592,29053.75,29060,29035,29060,7043
2026-07-20 12:00:19.136,29060,29066.25,29041.25,29066.25,13583
2026-07-20 12:05:26.084,29066.25,29072.5,29029,29072.5,20025
2026-07-20 12:05:30.440,29072.5,29078.75,29053.75,29078.75,718
2026-07-20 12:05:40.876,29078.75,29085,29060,29085,1021
2026-07-20 12:05:41.892,29085,29094.5,29066.25,29091.25,1019
2026-07-20 12:06:50.532,29091.25,29097.5,29072.5,29097.5,4537
2026-07-20 12:07:21.448,29097.5,29103.75,29078.75,29103.75,2398
2026-07-20 12:10:15.060,29103.75,29110,29085,29110,7938
2026-07-20 12:12:15.192,29110,29116.25,29091.25,29116.25,6002
2026-07-20 12:26:02.804,29116.25,29118.5,29072.5,29072.5,35916
2026-07-20 12:32:40.096,29072.5,29101,29066.25,29066.25,17382
2026-07-20 12:33:24.916,29066.25,29085,29060,29060,2563
2026-07-20 12:33:34.140,29060,29078.75,29053.75,29053.75,914
2026-07-20 12:33:59.876,29053.75,29072.5,29047.5,29047.5,1792
2026-07-20 12:41:23.348,29047.5,29083.5,29041.25,29041.25,21197
2026-07-20 12:41:24.364,29041.25,29060,28993,29003.75,2330
2026-07-20 12:41:25.808,29003.75,29022.5,28990,28997.5,1142
2026-07-20 12:41:26.816,28997.5,29016.25,28959,28978.75,1498
2026-07-20 12:41:28.176,28978.75,28997.5,28968.75,28972.5,531
2026-07-20 12:41:36.832,28972.5,29016.25,28968.25,29016.25,2960
2026-07-20 12:41:47.476,29016.25,29022.5,28994.5,29022.5,2206
2026-07-20 12:42:02.068,29022.5,29028.75,29003.75,29028.75,2128
2026-07-20 12:47:14.028,29028.75,29035,28991.5,29035,24455
2026-07-20 12:47:15.188,29035,29041.25,29016.25,29041.25,384
2026-07-20 12:49:28.840,29041.25,29047.5,29022.5,29047.5,5214
2026-07-20 12:52:36.752,29047.5,29052.25,29003.75,29003.75,12756
2026-07-20 12:53:08.584,29003.75,29022.5,28997.5,28997.5,2132
2026-07-20 12:54:02.224,28997.5,29016.25,28991.25,28991.25,3457
2026-07-20 12:54:19.552,28991.25,29010,28985,28985,2238
2026-07-20 12:54:40.876,28985,29003.75,28978.75,28978.75,1901
2026-07-20 12:55:09.228,28978.75,28997.5,28972.5,28972.5,2177
2026-07-20 12:56:21.564,28972.5,28991.25,28966.25,28966.25,5382
2026-07-20 12:56:33.024,28966.25,28985,28960,28960,1025
2026-07-20 13:05:24.712,28960,28999.5,28953.75,28953.75,31200
2026-07-20 13:05:44.800,28953.75,28972.5,28947.5,28947.5,1535
2026-07-20 13:08:24.316,28947.5,28966.25,28941.25,28941.25,7309
2026-07-20 13:13:41.992,28941.25,28970.75,28935,28935,15828
2026-07-20 13:14:12.340,28935,28953.75,28928.75,28928.75,2159
2026-07-20 13:14:15.428,28928.75,28947.5,28922.5,28922.5,635
2026-07-20 13:15:04.652,28922.5,28941.25,28916.25,28916.25,2679
2026-07-20 13:19:07.108,28916.25,28960,28910.5,28960,14448
2026-07-20 13:22:04.056,28960,28966.25,28941.25,28966.25,8405
2026-07-20 13:22:07.312,28966.25,28972.5,28947.5,28972.5,505
2026-07-20 13:40:45.056,28972.5,28976,28928.75,28928.75,44861
2026-07-20 13:41:19.152,28928.75,28947.5,28922.5,28922.5,1909
2026-07-20 13:42:30.412,28922.5,28941.25,28916.25,28916.25,2959
2026-07-20 13:43:31.392,28916.25,28935,28910,28910,2717
2026-07-20 13:43:54.364,28910,28928.75,28903.75,28903.75,1821
2026-07-20 13:46:14.220,28903.75,28947.5,28900.5,28947.5,8642
2026-07-20 13:48:50.412,28947.5,28953.75,28927,28953.75,7061
2026-07-20 13:51:51.772,28953.75,28960,28935,28960,6675
2026-07-20 13:51:54.408,28960,28966.25,28941.25,28966.25,434
2026-07-20 13:52:18.776,28966.25,28972.5,28947.5,28972.5,1656
2026-07-20 13:52:49.004,28972.5,28978.75,28953.75,28978.75,1533
2026-07-20 14:01:06.992,28978.75,28985,28940.25,28985,21023
2026-07-20 14:03:01.216,28985,28991.25,28966.25,28991.25,5930
2026-07-20 14:12:33.320,28991.25,28997.5,28957,28997.5,21992
2026-07-20 14:17:15.668,28997.5,29003.75,28978.75,29003.75,10642
2026-07-20 14:17:31.484,29003.75,29010,28985,29010,1422
2026-07-20 14:21:31.412,29010,29010.5,28966.25,28966.25,8393
2026-07-20 14:22:50.672,28966.25,28985,28959.75,28960,5651
2026-07-20 14:23:02.324,28960,28978.75,28953.75,28953.75,773
2026-07-20 14:23:07.988,28953.75,28972.5,28947.5,28947.5,962
2026-07-20 14:24:55.812,28947.5,28966.5,28941.25,28941.25,4971
2026-07-20 14:25:01.724,28941.25,28960,28935,28935,868
2026-07-20 14:30:49.880,28935,28972.25,28928.75,28928.75,18412
2026-07-20 14:30:57.348,28928.75,28947.5,28922.5,28922.5,784
2026-07-20 14:33:28.260,28922.5,28941.25,28916.25,28916.25,6546
2026-07-20 14:34:28.324,28916.25,28935,28910,28910,3037
2026-07-20 14:34:42.300,28910,28928.75,28903.75,28903.75,792
2026-07-20 14:34:44.732,28903.75,28922.5,28897.5,28897.5,953
2026-07-20 14:36:51.640,28897.5,28941.25,28894.25,28941.25,7783
2026-07-20 14:39:27.140,28941.25,28946.75,28897.5,28897.5,7583
2026-07-20 14:41:00.068,28897.5,28916.25,28891.25,28891.25,5431
2026-07-20 14:41:15.380,28891.25,28910,28885,28885,1707
2026-07-20 14:41:34.476,28885,28903.75,28878.75,28878.75,1662
2026-07-20 14:43:46.652,28878.75,28897.5,28872.5,28872.5,7353
2026-07-20 14:44:31.352,28872.5,28891.25,28866.25,28866.25,3141
2026-07-20 14:44:46.484,28866.25,28885,28860,28860,1279
2026-07-20 15:03:05.460,28860,28903.5,28853.75,28853.75,55032
2026-07-20 15:03:07.316,28853.75,28872.5,28847.5,28847.5,818
2026-07-20 15:04:06.444,28847.5,28866.25,28841.25,28841.25,4454
2026-07-20 15:05:45.772,28841.25,28860,28835,28835,5903
2026-07-20 15:13:06.248,28835,28878.25,28828.75,28828.75,25923
2026-07-20 15:13:10.208,28828.75,28847.5,28822.5,28822.5,829
2026-07-20 15:13:38.788,28822.5,28841.25,28816.25,28816.25,2282
2026-07-20 15:14:35.316,28816.25,28835,28810,28810,3921
2026-07-20 15:15:01.312,28810,28828.75,28803.75,28803.75,1875
2026-07-20 15:15:10.944,28803.75,28822.5,28797.5,28797.5,1747
2026-07-20 15:29:31.316,28797.5,28841.25,28796.25,28841.25,42944
2026-07-20 15:29:34.020,28841.25,28847.5,28822.5,28847.5,1515
2026-07-20 15:29:40.288,28847.5,28853.75,28828.75,28853.75,1989
2026-07-20 15:29:50.496,28853.75,28861,28835,28860,1995
2026-07-20 15:30:01.040,28860,28869.5,28841.25,28866.25,1943
2026-07-20 15:30:03.648,28866.25,28872.5,28847.5,28872.5,548
2026-07-20 15:32:53.028,28872.5,28878.75,28834,28878.75,12831
2026-07-20 15:41:09.128,28878.75,28885,28837,28885,25380
2026-07-20 15:41:15.004,28885,28891.25,28866.25,28891.25,737
2026-07-20 15:45:53.992,28891.25,28894.5,28847.5,28847.5,16282
2026-07-20 15:50:00.180,28847.5,28871,28841.25,28841.25,11484
2026-07-20 15:50:01.180,28841.25,28860,28828,28835,870
2026-07-20 15:50:05.084,28835,28853.75,28827.25,28828.75,797
2026-07-20 15:50:06.220,28828.75,28847.5,28822.5,28822.5,284
2026-07-20 15:50:07.476,28822.5,28841.25,28816.25,28816.25,382
2026-07-20 15:51:53.000,28816.25,28840.25,28810,28810,6597
2026-07-20 15:53:08.316,28810,28828.75,28803.75,28803.75,4543
2026-07-20 15:53:20.152,28803.75,28822.5,28797.5,28797.5,719
2026-07-20 15:55:00.368,28797.5,28816.25,28791.25,28791.25,6524
2026-07-20 15:55:02.192,28791.25,28810,28785,28785,770
2026-07-20 15:55:04.000,28785,28803.75,28778.75,28778.75,536
2026-07-20 15:55:05.740,28778.75,28797.5,28772.5,28772.5,517
2026-07-20 16:00:19.180,28772.5,28816.25,28767.75,28816.25,27894
2026-07-20 16:00:20.180,28816.25,28824,28797.5,28822.5,257
2026-07-20 16:00:21.180,28822.5,28832,28803.75,28828.75,281
2026-07-20 16:07:02.476,28828.75,28830,28785,28785,12516
2026-07-20 16:07:03.792,28785,28803.75,28778.75,28778.75,274
2026-07-20 16:07:20.580,28778.75,28797.5,28772.5,28772.5,852
2026-07-20 16:15:51.300,28772.5,28791.25,28766.25,28766.25,7988
2026-07-20 16:17:37.296,28766.25,28785,28760,28760,1624
2026-07-20 16:23:30.828,28760,28778.75,28753.75,28753.75,3711
2026-07-20 16:59:59.524,28753.75,28785,28750,28777.75,11710
2026-07-20 18:02:24.276,28783.25,28801.75,28758.25,28758.25,2387
2026-07-20 18:02:29.016,28758.25,28777,28752,28752,146
2026-07-20 18:02:44.764,28752,28770.75,28745.75,28745.75,398
2026-07-20 18:04:24.992,28745.75,28764.5,28739.5,28739.5,1218
2026-07-20 18:04:26.420,28739.5,28758.25,28730.75,28733.25,249
2026-07-20 18:05:15.516,28733.25,28752,28727,28727,996
2026-07-20 18:05:20.616,28727,28745.75,28720.75,28720.75,226
2026-07-20 18:05:34.588,28720.75,28739.5,28714.5,28714.5,448
2026-07-20 18:06:49.016,28714.5,28733.25,28708.25,28708.25,1508
2026-07-20 18:34:19.656,28708.25,28736.75,28702,28702,16139
2026-07-20 19:07:00.192,28702,28745.75,28700,28745.75,17376
2026-07-20 19:07:06.528,28745.75,28752,28727,28752,428
2026-07-20 19:07:39.560,28752,28758.25,28733.25,28758.25,961
2026-07-20 19:08:55.292,28758.25,28764.5,28739.5,28764.5,1070
2026-07-20 19:09:39.668,28764.5,28770.75,28745.75,28770.75,759
2026-07-20 19:10:09.104,28770.75,28777,28752,28777,659
2026-07-20 19:18:45.432,28777,28783.25,28756.25,28783.25,6869
2026-07-20 19:19:07.512,28783.25,28789.5,28764.5,28789.5,918
2026-07-20 19:19:10.932,28789.5,28795.75,28770.75,28795.75,321
2026-07-20 19:19:16.500,28795.75,28802,28777,28802,550
2026-07-20 19:21:06.512,28802,28808.25,28783.25,28808.25,2274
2026-07-20 19:22:54.696,28808.25,28814.5,28789.5,28814.5,2220
2026-07-20 19:29:43.180,28814.5,28820.75,28795.75,28820.75,4684
2026-07-20 19:45:03.344,28820.75,28827,28802,28827,8242
2026-07-20 19:50:10.104,28827,28833,28783.25,28783.25,7696
2026-07-20 19:51:44.092,28783.25,28802,28777,28777,2027
2026-07-20 19:51:51.540,28777,28795.75,28770.75,28770.75,426
2026-07-20 19:51:58.076,28770.75,28789.5,28764.5,28764.5,447
2026-07-20 19:53:46.984,28764.5,28783.25,28758.25,28758.25,2420
2026-07-20 20:00:04.824,28758.25,28801.75,28752,28752,9141
2026-07-20 20:00:07.972,28752,28770.75,28745.75,28745.75,466
2026-07-20 20:01:44.124,28745.75,28764.75,28739.5,28739.5,4936
2026-07-20 20:01:46.584,28739.5,28758.25,28733.25,28733.25,371
2026-07-20 20:02:10.568,28733.25,28752,28727,28727,1158
2026-07-20 20:07:39.388,28727,28750.75,28720.75,28720.75,10906
2026-07-20 20:07:44.284,28720.75,28739.5,28714.5,28714.5,445
2026-07-20 20:07:48.052,28714.5,28733.25,28708.25,28708.25,406
2026-07-20 20:13:22.140,28708.25,28752,28706.5,28752,10909
2026-07-20 20:13:31.832,28752,28758.25,28733.25,28758.25,498
2026-07-20 20:13:42.724,28758.25,28764.5,28739.5,28764.5,766
2026-07-20 20:15:25.768,28764.5,28765.25,28720.75,28720.75,3851
2026-07-20 20:16:01.652,28720.75,28739.5,28714.5,28714.5,1189
2026-07-20 20:17:52.164,28714.5,28758.25,28709,28758.25,4182
2026-07-20 20:18:05.532,28758.25,28764.5,28739.5,28764.5,834
2026-07-20 20:18:37.400,28764.5,28770.75,28745.75,28770.75,1338
2026-07-20 20:19:10.148,28770.75,28777,28752,28777,1087
2026-07-20 20:19:17.500,28777,28783.25,28758.25,28783.25,496
2026-07-20 20:19:25.932,28783.25,28789.5,28764.5,28789.5,669
2026-07-20 20:19:39.556,28789.5,28795.75,28770.75,28795.75,684
2026-07-20 20:19:50.608,28795.75,28802,28777,28802,622
2026-07-20 20:27:07.744,28802,28808.25,28770.5,28808.25,11980
2026-07-20 20:27:26.948,28808.25,28814.5,28789.5,28814.5,772
2026-07-20 20:27:35.048,28814.5,28820.75,28795.75,28820.75,413
2026-07-20 20:27:46.040,28820.75,28827,28802,28827,565
2026-07-20 20:28:07.528,28827,28833.25,28808.25,28833.25,1052
2026-07-20 20:31:07.628,28833.25,28839.5,28813.75,28839.5,4691
2026-07-20 20:32:57.700,28839.5,28845.75,28820.75,28845.75,2734
2026-07-20 20:32:59.124,28845.75,28852,28827,28852,312
2026-07-20 20:33:01.308,28852,28858.25,28833.25,28858.25,350
2026-07-20 20:33:13.864,28858.25,28864.5,28839.5,28864.5,881
2026-07-20 20:41:39.828,28864.5,28870.75,28841.25,28870.75,11246
2026-07-20 20:42:28.244,28870.75,28877,28852,28877,1095
2026-07-20 20:48:02.676,28877,28883.25,28852.75,28883.25,8806
2026-07-20 20:48:47.280,28883.25,28889.5,28864.5,28889.5,1368
2026-07-20 20:49:12.412,28889.5,28895.75,28870.75,28895.75,1218
2026-07-20 21:00:33.056,28895.75,28897,28852,28852,16695
2026-07-20 21:01:54.520,28852,28870.75,28845.75,28845.75,2052
2026-07-20 21:02:41.096,28845.75,28864.5,28839.5,28839.5,1490
2026-07-20 21:05:01.540,28839.5,28883.25,28836.5,28883.25,4613
2026-07-20 21:05:02.992,28883.25,28889.5,28864.5,28889.5,191
2026-07-20 21:06:20.176,28889.5,28895.75,28870.75,28895.75,2585
2026-07-20 21:06:36.804,28895.75,28902,28877,28902,994
2026-07-20 21:09:22.216,28902,28908.25,28877.5,28908.25,4577
2026-07-20 21:34:20.832,28908.25,28914.5,28872,28914.5,26148
2026-07-20 21:36:52.672,28914.5,28920.75,28895.75,28920.75,2456
2026-07-20 21:40:12.028,28920.75,28921.25,28877,28877,4956
2026-07-20 21:43:24.320,28877,28898.25,28870.75,28870.75,3879
2026-07-20 22:04:39.424,28870.75,28914.5,28866.25,28914.5,21271
2026-07-20 22:05:42.160,28914.5,28920.75,28895.75,28920.75,1437
2026-07-20 22:05:43.204,28920.75,28927.75,28902,28927,621
2026-07-20 22:05:47.580,28927,28933.25,28908.25,28933.25,569
2026-07-20 22:06:16.300,28933.25,28939.5,28914.5,28939.5,1192
2026-07-20 22:09:58.984,28939.5,28940,28895.75,28895.75,4028
2026-07-20 22:10:40.112,28895.75,28914.5,28889.5,28889.5,807
2026-07-20 22:10:52.364,28889.5,28908.25,28883.25,28883.25,348
2026-07-20 22:16:02.456,28883.25,28902,28877,28877,4273
2026-07-20 22:19:08.288,28877,28895.75,28870.75,28870.75,2428
2026-07-20 22:19:12.416,28870.75,28889.5,28864.5,28864.5,417
2026-07-20 22:24:04.128,28864.5,28908.25,28859.25,28908.25,5290
2026-07-20 22:25:00.728,28908.25,28914.5,28889.5,28914.5,841
2026-07-20 22:33:02.164,28914.5,28920.75,28892,28920.75,6760
2026-07-20 22:34:20.088,28920.75,28927,28902,28927,1039
2026-07-20 22:36:12.212,28927,28933.25,28908.25,28933.25,1152
2026-07-20 22:36:34.864,28933.25,28939.5,28914.5,28939.5,876
2026-07-20 22:37:56.292,28939.5,28945.75,28920.75,28945.75,2146
2026-07-20 22:43:24.264,28945.75,28952,28927,28952,4270
2026-07-20 23:00:00.900,28952,28958.25,28928,28958.25,10026
2026-07-20 23:01:51.888,28958.25,28964.5,28939.5,28964.5,1748
2026-07-20 23:02:05.244,28964.5,28970.75,28945.75,28970.75,576
2026-07-20 23:11:00.836,28970.75,28977,28952,28977,4454
2026-07-20 23:17:37.452,28977,28983.25,28958.25,28983.25,3346
2026-07-20 23:19:49.116,28983.25,28989.5,28964.5,28989.5,1803
2026-07-20 23:29:51.128,28989.5,28995.75,28970.75,28995.75,4922
2026-07-20 23:31:33.968,28995.75,29002,28977,29002,1870
2026-07-20 23:32:45.728,29002,29008.25,28983.25,29008.25,1092
2026-07-20 23:33:01.444,29008.25,29014.5,28989.5,29014.5,598
2026-07-20 23:35:40.240,29014.5,29020.75,28995.75,29020.75,2071
2026-07-20 23:35:46.476,29020.75,29027,29002,29027,413
2026-07-20 23:36:10.236,29027,29033.25,29008.25,29033.25,899
2026-07-20 23:39:52.128,29033.25,29039.5,29014.5,29039.5,3105
2026-07-20 23:41:22.364,29039.5,29045.75,29020.75,29045.75,1609
2026-07-20 23:46:06.784,29045.75,29052,29027,29052,4195
2026-07-20 23:46:31.488,29052,29058.25,29033.25,29058.25,774
2026-07-20 23:46:52.328,29058.25,29064.5,29039.5,29064.5,778
2026-07-20 23:49:21.872,29064.5,29070.75,29045.75,29070.75,2203
2026-07-20 23:53:40.156,29070.75,29077,29052,29077,3389
2026-07-21 00:06:22.344,29077,29083.25,29055.5,29083.25,10712
2026-07-21 00:06:24.560,29083.25,29089.5,29064.5,29089.5,465
2026-07-21 01:10:47.436,29089.5,29089.5,29045.75,29045.75,30511
2026-07-21 01:11:55.564,29045.75,29064.5,29039.5,29039.5,1058
2026-07-21 01:12:08.184,29039.5,29058.25,29033.25,29033.25,321
2026-07-21 01:16:21.372,29033.25,29052,29027,29027,2163
2026-07-21 01:17:29.920,29027,29045.75,29020.75,29020.75,826
2026-07-21 01:27:53.768,29020.75,29064.5,29016.75,29064.5,7316
2026-07-21 01:28:19.196,29064.5,29070.75,29045.75,29070.75,527
2026-07-21 01:40:35.768,29070.75,29077,29037.25,29077,9174
2026-07-21 01:41:52.780,29077,29083.25,29058.25,29083.25,1159
2026-07-21 01:43:11.896,29083.25,29089.5,29064.5,29089.5,1143
2026-07-21 01:51:03.108,29089.5,29095.75,29070.25,29095.75,5175
2026-07-21 01:56:01.752,29095.75,29102,29077,29102,3352
2026-07-21 02:00:16.004,29102,29108.25,29083.25,29108.25,2978
2026-07-21 02:03:21.028,29108.25,29114.5,29089.5,29114.5,2286
2026-07-21 02:05:15.596,29114.5,29120.75,29095.75,29120.75,1511
2026-07-21 02:12:07.828,29120.75,29127,29102,29127,5118
2026-07-21 02:13:33.744,29127,29133.25,29108.25,29133.25,1351
2026-07-21 02:13:40.024,29133.25,29139.5,29114.5,29139.5,461
2026-07-21 02:35:37.188,29139.5,29145.75,29108.25,29145.75,16148
2026-07-21 02:35:38.596,29145.75,29152,29127,29152,866
2026-07-21 03:03:09.944,29152,29158.25,29127.75,29158.25,16189
2026-07-21 03:17:01.716,29158.25,29161.5,29114.5,29114.5,9797
2026-07-21 03:21:09.804,29114.5,29133.25,29108.25,29108.25,2410
2026-07-21 03:24:08.524,29108.25,29127,29102,29102,1983
2026-07-21 03:26:26.996,29102,29120.75,29095.75,29095.75,1946
2026-07-21 03:30:50.656,29095.75,29114.5,29089.5,29089.5,3423
2026-07-21 04:04:36.720,29089.5,29133.25,29087.75,29133.25,21096
2026-07-21 04:09:07.972,29133.25,29139.5,29114.5,29139.5,3285
2026-07-21 04:13:45.284,29139.5,29145.75,29120.75,29145.75,3300
2026-07-21 04:14:01.484,29145.75,29152,29127,29152,622
2026-07-21 04:23:42.716,29152,29158.25,29133.25,29158.25,6013
2026-07-21 04:25:13.876,29158.25,29164.5,29139.5,29164.5,1206
2026-07-21 04:30:21.532,29164.5,29170.75,29145.75,29170.75,3763
2026-07-21 05:01:09.700,29170.75,29177,29149.25,29177,16660
2026-07-21 05:16:01.756,29177,29183.25,29158.25,29183.25,6491
2026-07-21 05:18:58.912,29183.25,29189.5,29164.5,29189.5,2264
2026-07-21 05:20:15.816,29189.5,29195.75,29170.75,29195.75,2801
2026-07-21 05:37:15.800,29195.75,29196.5,29152,29152,10405
2026-07-21 06:11:41.220,29152,29195.75,29150.75,29195.75,22718
2026-07-21 06:36:44.376,29195.75,29202,29164.75,29202,15886
2026-07-21 06:46:15.484,29202,29204,29158.25,29158.25,7091
2026-07-21 07:04:22.044,29158.25,29188,29152,29152,13505
2026-07-21 07:04:24.700,29152,29170.75,29145,29145.75,556
2026-07-21 07:05:15.392,29145.75,29164.5,29139.5,29139.5,1199
2026-07-21 07:11:32.288,29139.5,29158.25,29133.25,29133.25,4377
2026-07-21 07:20:27.096,29133.25,29162.75,29127,29127,8307
2026-07-21 07:22:09.020,29127,29145.75,29120.75,29120.75,1777
2026-07-21 07:37:54.864,29120.75,29164.5,29117,29164.5,13340
2026-07-21 07:39:22.056,29164.5,29170.75,29145.75,29170.75,1914
2026-07-21 07:49:44.612,29170.75,29177,29152,29177,7422
2026-07-21 08:08:11.748,29177,29183.25,29144.5,29183.25,16307
2026-07-21 08:08:28.344,29183.25,29189.5,29164.5,29189.5,530
2026-07-21 08:15:57.628,29189.5,29195.5,29145.75,29145.75,8425
2026-07-21 08:16:03.152,29145.75,29164.5,29139.5,29139.5,1044
2026-07-21 08:28:09.024,29139.5,29173.5,29133.25,29133.25,12903
2026-07-21 08:34:05.204,29133.25,29152,29127,29127,4188
2026-07-21 08:36:03.124,29127,29145.75,29120.75,29120.75,1838
2026-07-21 08:41:53.268,29120.75,29139.5,29114.5,29114.5,5643
2026-07-21 08:47:52.444,29114.5,29158.25,29111,29158.25,12774
2026-07-21 08:48:02.224,29158.25,29164.5,29139.5,29164.5,462
2026-07-21 08:48:04.052,29164.5,29170.75,29145.75,29170.75,348
2026-07-21 08:48:48.124,29170.75,29177,29152,29177,1816
2026-07-21 08:54:04.740,29177,29183.25,29158.25,29183.25,7309
2026-07-21 09:25:00.100,29183.25,29189.5,29156.25,29189.5,30171
2026-07-21 09:26:12.084,29189.5,29195.75,29170.75,29195.75,2576
2026-07-21 09:27:56.252,29195.75,29202,29177,29202,3715
2026-07-21 09:28:00.064,29202,29208.25,29183.25,29208.25,806
2026-07-21 09:29:59.292,29208.25,29214.5,29189.5,29214.5,5035
2026-07-21 09:30:00.292,29214.5,29227.25,29195.75,29227,1146
2026-07-21 09:30:12.280,29227,29233.25,29203,29233.25,5127
2026-07-21 09:30:13.984,29233.25,29239.5,29214.5,29239.5,878
2026-07-21 09:30:17.228,29239.5,29245.75,29220.75,29245.75,1483
2026-07-21 09:30:33.052,29245.75,29246.75,29202,29202,5031
2026-07-21 09:30:47.816,29202,29220.75,29195.75,29195.75,4024
2026-07-21 09:30:58.684,29195.75,29214.5,29189.5,29189.5,2816
2026-07-21 09:31:00.328,29189.5,29208.25,29183.25,29183.25,670
2026-07-21 09:31:26.024,29183.25,29202,29177,29177,6518
2026-07-21 09:31:29.668,29177,29195.75,29170.75,29170.75,1893
2026-07-21 09:31:32.360,29170.75,29189.5,29164.5,29164.5,900
2026-07-21 09:31:44.104,29164.5,29183.25,29158.25,29158.25,3245
2026-07-21 09:33:36.264,29158.25,29183.25,29152,29152,22188
2026-07-21 09:33:56.560,29152,29170.75,29145.75,29145.75,4003
2026-07-21 09:33:58.740,29145.75,29164.5,29139.5,29139.5,832
2026-07-21 09:34:14.580,29139.5,29158.25,29133.25,29133.25,4356
2026-07-21 09:35:50.744,29133.25,29177,29133,29177,18493
2026-07-21 09:35:57.160,29177,29183.25,29158.25,29183.25,1569
2026-07-21 09:35:59.932,29183.25,29189.5,29164.5,29189.5,1390
2026-07-21 09:36:01.748,29189.5,29195.75,29170.75,29195.75,953
2026-07-21 09:36:03.936,29195.75,29202,29177,29202,1329
2026-07-21 09:36:04.972,29202,29209,29183.25,29208.25,875
2026-07-21 09:36:06.008,29208.25,29214.5,29189.5,29214.5,712
2026-07-21 09:36:07.900,29214.5,29220.75,29195.75,29220.75,1015
2026-07-21 09:37:07.184,29220.75,29225,29177,29177,13184
2026-07-21 09:37:10.120,29177,29195.75,29170.75,29170.75,1252
2026-07-21 09:37:32.060,29170.75,29193,29164.5,29164.5,5498
2026-07-21 09:37:39.308,29164.5,29183.25,29158.25,29158.25,1416
2026-07-21 09:38:43.052,29158.25,29202,29156.75,29202,11861
2026-07-21 09:39:03.840,29202,29208.25,29183.25,29208.25,3544
2026-07-21 09:39:06.160,29208.25,29214.5,29189.5,29214.5,1114
2026-07-21 09:40:11.540,29214.5,29214.75,29170.75,29170.75,11999
2026-07-21 09:40:21.808,29170.75,29189.5,29164.5,29164.5,1818
2026-07-21 09:40:22.812,29164.5,29183.25,29154,29158.25,710
2026-07-21 09:40:26.796,29158.25,29177,29152,29152,1128
2026-07-21 09:41:10.524,29152,29175.5,29145.75,29145.75,8230
2026-07-21 09:41:55.960,29145.75,29164.5,29139.5,29139.5,6245
2026-07-21 09:44:46.520,29139.5,29180,29133.25,29133.25,29058
2026-07-21 09:45:10.876,29133.25,29152,29127,29127,7150
2026-07-21 09:46:13.776,29127,29154,29120.75,29120.75,12274
2026-07-21 09:46:57.528,29120.75,29141.75,29114.5,29114.5,8597
2026-07-21 09:47:32.324,29114.5,29133.25,29108.25,29108.25,7388
2026-07-21 09:47:33.744,29108.25,29127,29102,29102,840
2026-07-21 09:47:36.880,29102,29120.75,29095.75,29095.75,1411
2026-07-21 09:49:57.508,29095.75,29139.5,29095.25,29139.5,24926
2026-07-21 09:50:00.220,29139.5,29145.75,29120.75,29145.75,1022
2026-07-21 09:50:02.612,29145.75,29152,29127,29152,1125
2026-07-21 09:50:04.392,29152,29158.25,29133.25,29158.25,1276
2026-07-21 09:50:16.944,29158.25,29164.5,29139.5,29164.5,3483
2026-07-21 09:50:21.248,29164.5,29170.75,29145.75,29170.75,1641
2026-07-21 09:51:17.128,29170.75,29177,29139,29177,10785
2026-07-21 09:52:01.112,29177,29178.5,29133.25,29133.25,8295
2026-07-21 09:52:02.284,29133.25,29152,29127,29127,800
2026-07-21 09:52:07.952,29127,29145.75,29120.75,29120.75,2464
2026-07-21 09:53:07.188,29120.75,29164.5,29117.5,29164.5,10248
2026-07-21 09:53:41.532,29164.5,29170.75,29140.5,29170.75,6086
2026-07-21 09:56:05.448,29170.75,29173,29127,29127,21250
2026-07-21 09:56:14.820,29127,29145.75,29120.75,29120.75,1848
2026-07-21 09:56:33.780,29120.75,29139.5,29114.5,29114.5,3155
2026-07-21 09:56:45.972,29114.5,29133.25,29108.25,29108.25,2127
2026-07-21 09:57:02.604,29108.25,29127,29102,29102,3353
2026-07-21 09:57:05.172,29102,29120.75,29095.75,29095.75,947
2026-07-21 09:59:36.084,29095.75,29139.5,29092.5,29139.5,22732
2026-07-21 09:59:37.420,29139.5,29145.75,29120.75,29145.75,692
2026-07-21 09:59:59.220,29145.75,29152,29127,29152,3151
2026-07-21 10:00:14.356,29152,29158.25,29133.25,29158.25,3418
2026-07-21 10:00:16.900,29158.25,29164.5,29139.5,29164.5,760
2026-07-21 10:00:21.056,29164.5,29170.75,29145.75,29170.75,1649
2026-07-21 10:00:22.056,29170.75,29178,29152,29177,604
2026-07-21 10:00:23.104,29177,29183.25,29158.25,29183.25,912
2026-07-21 10:00:29.904,29183.25,29189.5,29164.5,29189.5,2505
2026-07-21 10:02:29.204,29189.5,29189.75,29145.75,29145.75,18489
2026-07-21 10:02:36.784,29145.75,29164.5,29139.5,29139.5,1785
2026-07-21 10:02:57.140,29139.5,29158.25,29133.25,29133.25,3035
2026-07-21 10:03:02.736,29133.25,29152,29127,29127,1074
2026-07-21 10:03:03.748,29127,29145.75,29119.75,29120.75,627
2026-07-21 10:03:07.544,29120.75,29139.5,29113.75,29114.5,1479
2026-07-21 10:03:08.552,29114.5,29133.25,29105,29108.25,706
2026-07-21 10:03:11.452,29108.25,29127,29102,29102,905
2026-07-21 10:03:36.400,29102,29120.75,29095.75,29095.75,5406
2026-07-21 10:03:37.404,29095.75,29114.5,29086.75,29089.5,1135
2026-07-21 10:05:37.328,29089.5,29121.5,29083.25,29083.25,20255
2026-07-21 10:06:32.760,29083.25,29127,29081.25,29127,10123
2026-07-21 10:06:55.956,29127,29133.25,29108.25,29133.25,3473
2026-07-21 10:08:24.192,29133.25,29139,29089.5,29089.5,13100
2026-07-21 10:08:41.404,29089.5,29108.25,29083.25,29083.25,2197
2026-07-21 10:09:30.232,29083.25,29107.5,29077,29077,7771
2026-07-21 10:10:35.660,29077,29095.75,29070.75,29070.75,8726
2026-07-21 10:10:38.324,29070.75,29089.5,29064.5,29064.5,1201
2026-07-21 10:13:45.420,29064.5,29108.25,29063,29108.25,20285
2026-07-21 10:13:46.672,29108.25,29114.5,29089.5,29114.5,718
2026-07-21 10:14:00.972,29114.5,29120.75,29095.75,29120.75,2732
2026-07-21 10:14:05.312,29120.75,29127,29102,29127,1179
2026-07-21 10:14:27.976,29127,29133.25,29108.25,29133.25,3744
2026-07-21 10:15:30.640,29133.25,29137.5,29089.5,29089.5,10525
2026-07-21 10:15:31.656,29089.5,29108.25,29083.25,29083.25,635
2026-07-21 10:15:41.236,29083.25,29102,29077,29077,2308
2026-07-21 10:16:16.900,29077,29095.75,29070.75,29070.75,5463
2026-07-21 10:18:06.440,29070.75,29114.5,29066.5,29114.5,13287
2026-07-21 10:18:17.776,29114.5,29120.75,29095.75,29120.75,2051
2026-07-21 10:18:26.540,29120.75,29127,29102,29127,1390
2026-07-21 10:18:30.716,29127,29133.25,29108.25,29133.25,923
2026-07-21 10:18:33.776,29133.25,29139.5,29114.5,29139.5,921
2026-07-21 10:18:38.996,29139.5,29145.75,29120.75,29145.75,1434
2026-07-21 10:18:43.780,29145.75,29152,29127,29152,1380
2026-07-21 10:18:48.332,29152,29158.25,29133.25,29158.25,1549
2026-07-21 10:20:00.956,29158.25,29164.5,29139.5,29164.5,10312
2026-07-21 10:20:02.392,29164.5,29170.75,29145.75,29170.75,921
2026-07-21 10:21:40.064,29170.75,29173.25,29127,29127,15181
2026-07-21 10:21:44.080,29127,29145.75,29120.75,29120.75,1191
2026-07-21 10:21:49.152,29120.75,29139.5,29114.5,29114.5,1251
2026-07-21 10:25:20.212,29114.5,29158.25,29111.75,29158.25,21314
2026-07-21 10:25:33.356,29158.25,29164.5,29139.5,29164.5,1569
2026-07-21 10:25:37.812,29164.5,29170.75,29145.75,29170.75,1027
2026-07-21 10:25:42.000,29170.75,29177,29152,29177,1264
2026-07-21 10:26:53.500,29177,29183.25,29158.25,29183.25,8257
2026-07-21 10:27:11.236,29183.25,29189.5,29164.5,29189.5,1886
2026-07-21 10:27:20.928,29189.5,29195.75,29170.75,29195.75,2004
2026-07-21 10:27:55.504,29195.75,29202,29177,29202,3620
2026-07-21 10:27:56.508,29202,29211.75,29183.25,29208.25,1830
2026-07-21 10:28:01.000,29208.25,29214.5,29189.5,29214.5,1215
2026-07-21 10:31:01.408,29214.5,29220.75,29192.75,29220.75,19071
2026-07-21 10:31:53.080,29220.75,29227,29202,29227,4952
2026-07-21 10:35:22.480,29227,29233.25,29206.75,29233.25,17677
2026-07-21 10:38:25.312,29233.25,29235.5,29189.5,29189.5,14508
2026-07-21 10:41:14.648,29189.5,29208.25,29183.25,29183.25,14526
2026-07-21 10:41:21.860,29183.25,29202,29177,29177,1712
2026-07-21 10:42:04.436,29177,29195.75,29170.75,29170.75,4500
2026-07-21 10:42:08.072,29170.75,29189.5,29164.5,29164.5,1024
2026-07-21 10:43:22.056,29164.5,29208.25,29162.5,29208.25,9233
2026-07-21 10:43:32.508,29208.25,29214.5,29189.5,29214.5,1441
2026-07-21 10:43:37.616,29214.5,29220.75,29195.75,29220.75,991
2026-07-21 10:45:00.196,29220.75,29227,29202,29227,5996
2026-07-21 10:45:05.408,29227,29233.25,29208.25,29233.25,1111
2026-07-21 10:45:07.552,29233.25,29239.5,29214.5,29239.5,1054
2026-07-21 10:45:20.640,29239.5,29245.75,29220.75,29245.75,2524
2026-07-21 10:45:21.640,29245.75,29253.25,29227,29252,1729
2026-07-21 10:51:32.408,29252,29257.75,29208.25,29208.25,39540
2026-07-21 11:02:56.240,29208.25,29245.5,29202,29202,45884
2026-07-21 11:02:57.416,29202,29220.75,29195.75,29195.75,890
2026-07-21 11:05:15.040,29195.75,29214.5,29189.5,29189.5,11668
2026-07-21 11:05:24.824,29189.5,29208.25,29183.25,29183.25,1371
2026-07-21 11:06:39.104,29183.25,29227,29181.5,29227,8361
2026-07-21 11:06:44.128,29227,29233.25,29208.25,29233.25,832
2026-07-21 11:07:14.512,29233.25,29239.5,29214.5,29239.5,2506
2026-07-21 11:07:21.648,29239.5,29245.75,29220.75,29245.75,914
2026-07-21 11:07:27.048,29245.75,29252,29227,29252,1127
2026-07-21 11:07:50.316,29252,29258.25,29233.25,29258.25,2293
2026-07-21 11:09:03.572,29258.25,29264.5,29239.5,29264.5,6268
2026-07-21 11:09:14.832,29264.5,29270.75,29245.75,29270.75,1730
2026-07-21 11:09:41.060,29270.75,29277,29252,29277,3001
2026-07-21 11:10:17.796,29277,29283.25,29258.25,29283.25,3879
2026-07-21 11:12:36.188,29283.25,29289.5,29264.5,29289.5,8096
2026-07-21 11:13:06.716,29289.5,29295.75,29270.75,29295.75,2366
2026-07-21 11:21:34.256,29295.75,29302,29272,29302,29400
2026-07-21 11:21:50.776,29302,29308.25,29283.25,29308.25,2779
2026-07-21 11:26:26.788,29308.25,29314.5,29283.75,29314.5,16837
2026-07-21 11:33:27.100,29314.5,29319.75,29270.75,29270.75,24713
2026-07-21 11:44:29.272,29270.75,29306.25,29264.5,29264.5,33772
2026-07-21 11:44:36.300,29264.5,29283.25,29258.25,29258.25,1912
2026-07-21 12:04:56.028,29258.25,29302,29254.25,29302,55379
2026-07-21 12:05:35.236,29302,29308.25,29283.25,29308.25,2798
2026-07-21 12:08:18.436,29308.25,29314.5,29289.5,29314.5,5962
2026-07-21 12:08:20.232,29314.5,29320.75,29295.75,29320.75,1017
2026-07-21 12:22:30.736,29320.75,29328,29295.75,29327,32994
2026-07-21 12:23:19.232,29327,29333.25,29308.25,29333.25,2828
2026-07-21 12:51:03.588,29333.25,29339.5,29302.75,29339.5,51901
2026-07-21 12:54:42.476,29339.5,29345.75,29320.75,29345.75,7912
2026-07-21 12:55:47.096,29345.75,29352,29327,29352,4020
2026-07-21 13:49:51.876,29352,29358.25,29322.75,29358.25,90879
2026-07-21 14:31:56.388,29358.25,29363.5,29314.5,29314.5,72328
2026-07-21 15:08:19.060,29314.5,29356,29308.25,29308.25,72599
2026-07-21 15:26:08.164,29308.25,29327,29302,29302,28740
2026-07-21 15:29:09.100,29302,29320.75,29295.75,29295.75,7224
2026-07-21 15:44:39.412,29295.75,29339.5,29290.5,29339.5,34774
2026-07-21 15:54:40.008,29339.5,29345.75,29313.25,29345.75,28971
2026-07-21 15:59:58.152,29345.75,29351.25,29302,29302,26689
2026-07-21 16:00:36.852,29302,29320.75,29295.75,29295.75,6662
2026-07-21 16:03:08.804,29295.75,29314.5,29289.5,29289.5,7263
2026-07-21 16:18:43.188,29289.5,29309,29283.25,29283.25,16194
2026-07-21 16:59:59.140,29283.25,29302.5,29279.25,29290,15127
2026-07-21 18:06:41.304,29309,29311.75,29284,29284,5713
2026-07-21 18:24:44.244,29284,29306,29277.75,29277.75,9181
2026-07-21 18:24:47.200,29277.75,29296.5,29271.5,29271.5,460
2026-07-21 18:29:30.268,29271.5,29290.25,29265.25,29265.25,3557
2026-07-21 18:30:51.232,29265.25,29284,29259,29259,1321
2026-07-21 18:48:13.808,29259,29283.75,29252.75,29252.75,10498
2026-07-21 19:19:18.152,29252.75,29296.5,29251.75,29296.5,17819
2026-07-21 19:19:52.824,29296.5,29302.75,29277.75,29302.75,699
2026-07-21 20:00:00.156,29302.75,29309,29266,29309,26521
2026-07-21 20:02:09.320,29309,29320.5,29286.5,29315.25,5408
2026-07-21 20:03:07.084,29315.25,29321.5,29296.5,29321.5,1865
2026-07-21 20:06:35.724,29321.5,29327.75,29302.75,29327.75,5212
2026-07-21 20:06:39.772,29327.75,29334,29309,29334,582
2026-07-21 20:31:56.760,29334,29337.25,29290.25,29290.25,29534
2026-07-21 20:32:01.384,29290.25,29309,29284,29284,485
2026-07-21 20:32:11.548,29284,29302.75,29277.75,29277.75,851
2026-07-21 20:46:29.316,29277.75,29297.75,29271.5,29271.5,13316
2026-07-21 20:46:36.668,29271.5,29290.25,29265.25,29265.25,549
2026-07-21 20:48:45.348,29265.25,29284,29259,29259,2459
2026-07-21 21:01:00.712,29259,29294.25,29252.75,29252.75,13072
2026-07-21 21:01:30.716,29252.75,29271.5,29240.25,29246.5,2404
2026-07-21 21:01:59.656,29246.5,29265.25,29240.25,29240.25,758
2026-07-21 21:02:36.408,29240.25,29259,29234,29234,1516
2026-07-21 21:47:25.660,29234,29277.75,29231.75,29277.75,37005
2026-07-21 21:48:17.336,29277.75,29284,29259,29284,1030
2026-07-21 21:51:26.960,29284,29290.25,29265.25,29290.25,2846
2026-07-21 21:51:28.292,29290.25,29296.5,29271.5,29296.5,299
2026-07-21 21:52:44.316,29296.5,29302.75,29277.75,29302.75,1538
2026-07-21 22:01:12.536,29302.75,29306.25,29259,29259,9124
2026-07-21 22:01:26.364,29259,29277.75,29252.75,29252.75,540
2026-07-21 22:06:58.604,29252.75,29271.5,29246.5,29246.5,5669
2026-07-21 22:08:58.876,29246.5,29265.25,29240.25,29240.25,1888
2026-07-21 22:29:04.208,29240.25,29284,29238,29284,13405
2026-07-21 22:56:09.424,29284,29285,29240.25,29240.25,17976
2026-07-21 22:58:12.904,29240.25,29259,29234,29234,1623
2026-07-21 23:00:36.312,29234,29252.75,29227.75,29227.75,2441
2026-07-21 23:09:41.936,29227.75,29246.5,29221.5,29221.5,6100
2026-07-21 23:09:55.368,29221.5,29240.25,29215.25,29215.25,677
2026-07-21 23:26:07.096,29215.25,29259,29210,29259,12015
2026-07-21 23:30:11.828,29259,29265.25,29240.25,29265.25,2488
2026-07-21 23:34:04.756,29265.25,29267.75,29221.5,29221.5,4858
2026-07-21 23:51:31.136,29221.5,29242.5,29215.25,29215.25,10272
2026-07-21 23:51:47.460,29215.25,29234,29209,29209,675
2026-07-21 23:53:10.984,29209,29227.75,29202.75,29202.75,1833
2026-07-21 23:54:19.340,29202.75,29221.5,29196.5,29196.5,1575
2026-07-21 23:56:55.600,29196.5,29215.25,29190.25,29190.25,2533
2026-07-22 00:23:00.084,29190.25,29234,29188,29234,14307
2026-07-22 01:08:12.720,29234,29239,29190.25,29190.25,20543
2026-07-22 01:09:14.624,29190.25,29209,29184,29184,973
2026-07-22 01:17:01.192,29184,29202.75,29177.75,29177.75,5015
2026-07-22 01:20:46.280,29177.75,29196.75,29171.5,29171.5,2911
2026-07-22 01:29:59.244,29171.5,29190.25,29165.25,29165.25,6060
2026-07-22 01:36:57.776,29165.25,29185.75,29159,29159,5699
2026-07-22 01:41:46.140,29159,29177.75,29152.75,29152.75,3726
2026-07-22 01:43:40.120,29152.75,29171.5,29146.5,29146.5,1542
2026-07-22 01:46:34.212,29146.5,29165.25,29140.25,29140.25,1989
2026-07-22 02:05:36.416,29140.25,29178.25,29134,29134,14940
2026-07-22 02:06:32.652,29134,29152.75,29127.75,29127.75,1276
2026-07-22 02:15:39.700,29127.75,29146.5,29121.5,29121.5,6061
2026-07-22 02:16:20.244,29121.5,29140.25,29115.25,29115.25,846
2026-07-22 02:17:56.468,29115.25,29134,29109,29109,1502
2026-07-22 02:18:12.780,29109,29127.75,29102.75,29102.75,432
2026-07-22 02:18:21.012,29102.75,29121.5,29096.5,29096.5,556
2026-07-22 02:20:21.608,29096.5,29115.25,29090.25,29090.25,2127
2026-07-22 02:20:47.628,29090.25,29109,29084,29084,961
2026-07-22 02:22:02.020,29084,29102.75,29077.75,29077.75,1809
2026-07-22 02:22:49.556,29077.75,29096.5,29071.5,29071.5,1052
2026-07-22 02:24:02.152,29071.5,29090.25,29065.25,29065.25,1863
2026-07-22 02:36:28.576,29065.25,29109,29060,29109,13772
2026-07-22 02:37:21.868,29109,29115.25,29090.25,29115.25,1191
2026-07-22 02:47:17.356,29115.25,29116,29071.5,29071.5,7700
2026-07-22 02:50:09.656,29071.5,29090.25,29065.25,29065.25,2484
2026-07-22 03:06:41.324,29065.25,29103,29059,29059,16013
2026-07-22 03:06:44.060,29059,29077.75,29052.75,29052.75,596
2026-07-22 03:13:13.196,29052.75,29096.5,29050.5,29096.5,6653
2026-07-22 03:18:08.244,29096.5,29102.75,29077.75,29102.75,3484
2026-07-22 03:18:53.212,29102.75,29109,29084,29109,622
2026-07-22 03:27:09.592,29109,29115.25,29084,29115.25,6310
2026-07-22 03:27:43.016,29115.25,29121.5,29096.5,29121.5,1039
2026-07-22 03:31:08.264,29121.5,29124.5,29077.75,29077.75,4701
2026-07-22 03:34:59.224,29077.75,29096.5,29071.5,29071.5,3260
2026-07-22 03:36:38.872,29071.5,29090.25,29065.25,29065.25,1573
2026-07-22 03:37:15.028,29065.25,29084,29059,29059,557
2026-07-22 03:39:43.000,29059,29077.75,29052.75,29052.75,2995
2026-07-22 03:40:16.196,29052.75,29071.5,29046.5,29046.5,1200
2026-07-22 03:41:40.780,29046.5,29065.25,29040.25,29040.25,1588
2026-07-22 03:41:44.348,29040.25,29059,29034,29034,421
2026-07-22 03:41:45.492,29034,29052.75,29027.75,29027.75,232
2026-07-22 03:48:45.948,29027.75,29071.5,29026,29071.5,7839
2026-07-22 04:04:34.540,29071.5,29077.75,29038.75,29077.75,15055
2026-07-22 04:04:55.008,29077.75,29084,29059,29084,648
2026-07-22 04:05:26.916,29084,29090.25,29065.25,29090.25,954
2026-07-22 04:08:21.700,29090.25,29096.5,29067.5,29096.5,3179
2026-07-22 04:08:31.984,29096.5,29102.75,29077.75,29102.75,355
2026-07-22 04:30:33.632,29102.75,29109,29061.5,29109,18750
2026-07-22 04:30:43.612,29109,29115.25,29090.25,29115.25,464
2026-07-22 05:02:24.908,29115.25,29121.5,29079.5,29121.5,17708
2026-07-22 05:03:37.748,29121.5,29127.75,29102.75,29127.75,927
2026-07-22 05:03:42.056,29127.75,29134,29109,29134,555
2026-07-22 05:07:35.196,29134,29140.25,29115.25,29140.25,3413
2026-07-22 05:07:39.140,29140.25,29146.5,29121.5,29146.5,243
2026-07-22 05:34:00.588,29146.5,29149.75,29102.75,29102.75,14330
2026-07-22 05:34:34.384,29102.75,29121.5,29096.5,29096.5,543
2026-07-22 05:53:21.724,29096.5,29124,29090.25,29090.25,9906
2026-07-22 06:00:31.696,29090.25,29134,29089,29134,4877
2026-07-22 06:01:54.916,29134,29140.25,29115.25,29140.25,830
2026-07-22 06:02:22.300,29140.25,29146.5,29121.5,29146.5,365
2026-07-22 06:03:04.144,29146.5,29152.75,29127.75,29152.75,855
2026-07-22 06:03:07.300,29152.75,29159,29134,29159,444
2026-07-22 06:16:57.524,29159,29159.75,29115.25,29115.25,7944
2026-07-22 06:20:28.652,29115.25,29159,29113.5,29159,2872
2026-07-22 06:20:34.852,29159,29165.25,29140.25,29165.25,483
2026-07-22 06:50:00.088,29165.25,29171.5,29133,29171.5,19931
2026-07-22 07:12:01.736,29171.5,29173.5,29127.75,29127.75,14423
2026-07-22 07:15:13.424,29127.75,29146.5,29121.5,29121.5,1782
2026-07-22 07:15:14.656,29121.5,29140.25,29115.25,29115.25,338
2026-07-22 07:26:21.408,29115.25,29135.75,29109,29109,7777
2026-07-22 07:26:44.000,29109,29127.75,29102.75,29102.75,643
2026-07-22 07:30:15.308,29102.75,29121.5,29096.5,29096.5,3410
2026-07-22 07:37:33.236,29096.5,29115.25,29090.25,29090.25,5240
2026-07-22 07:40:27.796,29090.25,29109,29084,29084,2711
2026-07-22 07:40:54.272,29084,29102.75,29077.75,29077.75,777
2026-07-22 07:40:55.284,29077.75,29096.5,29057,29065.25,1202
2026-07-22 07:40:56.792,29065.25,29084,29059,29059,260
2026-07-22 07:41:13.708,29059,29077.75,29052.75,29052.75,1651
2026-07-22 07:42:47.088,29052.75,29071.5,29046.5,29046.5,5186
2026-07-22 07:42:48.216,29046.5,29065.25,29040,29040.25,526
2026-07-22 07:43:07.464,29040.25,29059,29034,29034,2343
2026-07-22 07:43:34.224,29034,29052.75,29027.75,29027.75,2416
2026-07-22 07:43:35.224,29027.75,29046.5,29018.75,29021.5,549
2026-07-22 07:47:23.280,29021.5,29065.25,29017.25,29065.25,8605
2026-07-22 07:47:54.056,29065.25,29071.5,29046.5,29071.5,1307
2026-07-22 07:48:38.624,29071.5,29077.75,29052.75,29077.75,1349
2026-07-22 08:03:12.044,29077.75,29079.25,29034,29034,14713
2026-07-22 08:07:43.316,29034,29056.5,29027.75,29027.75,6256
2026-07-22 08:17:41.952,29027.75,29050.75,29021.5,29021.5,9983
2026-07-22 08:21:22.216,29021.5,29040.25,29015.25,29015.25,3846
2026-07-22 08:21:23.668,29015.25,29034,29009,29009,600
2026-07-22 08:23:55.428,29009,29027.75,29002.75,29002.75,3562
2026-07-22 08:25:01.140,29002.75,29021.5,28996.5,28996.5,1794
2026-07-22 08:30:01.532,28996.5,29040.25,28995,29040.25,6515
2026-07-22 08:30:02.548,29040.25,29057,29021.5,29046.5,695
2026-07-22 08:30:03.552,29046.5,29060,29027.75,29052.75,206
2026-07-22 08:31:41.196,29052.75,29059,29034,29059,6279
2026-07-22 08:34:11.852,29059,29065.25,29040.25,29065.25,5951
2026-07-22 08:48:07.164,29065.25,29068.5,29021.5,29021.5,18547
2026-07-22 08:48:31.616,29021.5,29040.25,29015.25,29015.25,1271
2026-07-22 08:56:52.620,29015.25,29048.75,29009,29009,10522
2026-07-22 08:56:53.620,29009,29027.75,28980,28990.25,1575
2026-07-22 08:56:54.624,28990.25,29009,28964.5,28971.5,825
2026-07-22 08:56:55.816,28971.5,28994.25,28965.25,28965.25,488
2026-07-22 08:57:13.820,28965.25,29009,28961.25,29009,3346
2026-07-22 08:57:19.732,29009,29015.25,28990.25,29015.25,1288
2026-07-22 08:59:06.188,29015.25,29021.5,28996.5,29021.5,3545
2026-07-22 08:59:10.080,29021.5,29027.75,29002.75,29027.75,212
2026-07-22 09:00:16.480,29027.75,29034,29009,29034,2463
2026-07-22 09:04:02.720,29034,29040.25,29015.25,29040.25,3850
2026-07-22 09:04:40.748,29040.25,29046.5,29021.5,29046.5,690
2026-07-22 09:09:03.260,29046.5,29052.75,29027.75,29052.75,3574
2026-07-22 09:09:25.380,29052.75,29059,29034,29059,807
2026-07-22 09:16:52.352,29059,29065.25,29040.25,29065.25,5856
2026-07-22 09:16:59.616,29065.25,29071.5,29046.5,29071.5,559
2026-07-22 09:19:32.060,29071.5,29077.75,29052.75,29077.75,3983
2026-07-22 09:23:53.204,29077.75,29084,29059,29084,4205
2026-07-22 09:25:00.008,29084,29090.25,29065.25,29090.25,1795
2026-07-22 09:25:01.012,29090.25,29097,29071.5,29096.5,563
2026-07-22 09:30:00.768,29096.5,29102.75,29073,29102.75,8797
2026-07-22 09:30:01.772,29102.75,29113,29084,29109,872
2026-07-22 09:30:02.800,29109,29120.25,29090.25,29115.25,805
2026-07-22 09:30:07.228,29115.25,29121.5,29096.5,29121.5,1595
2026-07-22 09:31:02.104,29121.5,29127.75,29098,29127.75,9134
2026-07-22 09:31:53.372,29127.75,29134,29101.5,29134,10339
2026-07-22 09:32:35.356,29134,29140.25,29111.5,29140.25,6564
2026-07-22 09:32:45.508,29140.25,29146.5,29121.5,29146.5,1961
2026-07-22 09:33:00.868,29146.5,29152.75,29127.75,29152.75,2806
2026-07-22 09:33:16.156,29152.75,29159,29134,29159,2446
2026-07-22 09:37:41.428,29159,29165.25,29121.5,29165.25,39134
2026-07-22 09:38:53.220,29165.25,29165.5,29121.5,29121.5,11669
2026-07-22 09:39:04.932,29121.5,29140.25,29115.25,29115.25,2947
2026-07-22 09:39:40.460,29115.25,29159,29113.25,29159,7181
2026-07-22 09:39:52.340,29159,29165.25,29140.25,29165.25,2190
2026-07-22 09:42:12.816,29165.25,29171.5,29132.5,29171.5,20730
2026-07-22 09:42:21.320,29171.5,29177.75,29152.75,29177.75,2752
2026-07-22 09:44:01.696,29177.75,29184,29159,29184,13695
2026-07-22 09:45:07.760,29184,29190.25,29165.25,29190.25,9196
2026-07-22 09:45:08.772,29190.25,29199.75,29171.5,29196.5,1299
2026-07-22 09:45:09.772,29196.5,29204.25,29177.75,29202.75,911
2026-07-22 09:45:15.760,29202.75,29209,29184,29209,2185
2026-07-22 09:45:32.736,29209,29215.25,29190.25,29215.25,3697
2026-07-22 09:48:01.876,29215.25,29218,29171.5,29171.5,21028
2026-07-22 09:48:40.144,29171.5,29190.25,29165.25,29165.25,6849
2026-07-22 09:48:42.788,29165.25,29184,29159,29159,1110
2026-07-22 09:50:48.352,29159,29190,29152.75,29152.75,16879
2026-07-22 09:51:17.160,29152.75,29196.5,29152,29196.5,6918
2026-07-22 09:52:07.696,29196.5,29202.75,29177.75,29202.75,8764
2026-07-22 09:52:15.752,29202.75,29213.5,29184,29209,3073
2026-07-22 09:53:18.840,29209,29215.25,29190.25,29215.25,7229
2026-07-22 09:53:19.848,29215.25,29229.25,29196.5,29221.5,2099
2026-07-22 09:54:00.488,29221.5,29227.75,29202.75,29227.75,5192
2026-07-22 09:54:17.092,29227.75,29234,29209,29234,3001
2026-07-22 09:55:08.684,29234,29240.25,29215.25,29240.25,5747
2026-07-22 09:56:34.960,29240.25,29246.5,29221.5,29246.5,9416
2026-07-22 09:56:46.088,29246.5,29252.75,29227.75,29252.75,1970
2026-07-22 09:57:47.272,29252.75,29259,29234,29259,8474
2026-07-22 09:59:31.384,29259,29265.25,29240.25,29265.25,10168
2026-07-22 09:59:54.392,29265.25,29271.5,29246.5,29271.5,2955
2026-07-22 09:59:58.840,29271.5,29277.75,29252.75,29277.75,1226
2026-07-22 10:00:46.652,29277.75,29284,29259,29284,9350
2026-07-22 10:03:13.676,29284,29284.25,29240.25,29240.25,17445
2026-07-22 10:07:32.112,29240.25,29277.25,29234,29234,28741
2026-07-22 10:09:37.380,29234,29252.75,29227.75,29227.75,11593
2026-07-22 10:09:56.616,29227.75,29246.5,29221.5,29221.5,2092
2026-07-22 10:15:17.580,29221.5,29263.25,29215.25,29215.25,39195
2026-07-22 10:15:22.860,29215.25,29234,29209,29209,2027
2026-07-22 10:15:46.716,29209,29227.75,29202.75,29202.75,4170
2026-07-22 10:15:53.240,29202.75,29221.5,29196.5,29196.5,1456
2026-07-22 10:19:53.696,29196.5,29240.25,29196,29240.25,28821
2026-07-22 10:19:55.700,29240.25,29246.5,29221.5,29246.5,1227
2026-07-22 10:19:57.896,29246.5,29252.75,29227.75,29252.75,1137
2026-07-22 10:20:29.932,29252.75,29259,29234,29259,4781
2026-07-22 10:20:43.544,29259,29265.25,29240.25,29265.25,2605
2026-07-22 10:21:42.660,29265.25,29271.5,29246.5,29271.5,7076
2026-07-22 10:23:04.460,29271.5,29273.75,29227.75,29227.75,11233
2026-07-22 10:23:11.344,29227.75,29246.5,29221.5,29221.5,1801
2026-07-22 10:23:21.332,29221.5,29240.25,29215.25,29215.25,1975
2026-07-22 10:23:27.640,29215.25,29234,29209,29209,1343
2026-07-22 10:24:32.196,29209,29227.75,29202.75,29202.75,8114
2026-07-22 10:32:27.464,29202.75,29246.5,29199,29246.5,47256
2026-07-22 10:32:35.516,29246.5,29252.75,29227.75,29252.75,1346
2026-07-22 10:32:40.584,29252.75,29259,29234,29259,1023
2026-07-22 10:35:01.460,29259,29261,29215.25,29215.25,13566
2026-07-22 10:35:26.408,29215.25,29234,29209,29209,3247
2026-07-22 10:41:37.592,29209,29246,29202.75,29202.75,30459
2026-07-22 10:41:41.376,29202.75,29221.5,29196.5,29196.5,1112
2026-07-22 10:41:47.568,29196.5,29215.25,29190.25,29190.25,2004
2026-07-22 10:41:51.084,29190.25,29209,29184,29184,1139
2026-07-22 10:42:02.584,29184,29202.75,29177.75,29177.75,2516
2026-07-22 10:46:25.804,29177.75,29221.5,29172.5,29221.5,31554
2026-07-22 10:48:30.440,29221.5,29227.75,29202.75,29227.75,13585
2026-07-22 10:55:07.108,29227.75,29231.25,29184,29184,35466
2026-07-22 10:58:00.684,29184,29227.75,29182.25,29227.75,13828
2026-07-22 10:58:04.452,29227.75,29234,29209,29234,852
2026-07-22 10:58:32.584,29234,29240.25,29215.25,29240.25,2852
2026-07-22 11:00:01.136,29240.25,29246.5,29221.5,29246.5,5962
2026-07-22 11:00:11.480,29246.5,29252.75,29227.75,29252.75,1745
2026-07-22 11:00:28.104,29252.75,29259,29234,29259,2191
2026-07-22 11:00:43.400,29259,29265.25,29240.25,29265.25,2123
2026-07-22 11:03:22.660,29265.25,29271.5,29242,29271.5,12333
2026-07-22 11:05:40.032,29271.5,29277.75,29252.75,29277.75,9390
2026-07-22 11:05:46.548,29277.75,29284,29259,29284,1277
2026-07-22 11:05:48.684,29284,29290.25,29265.25,29290.25,1448
2026-07-22 11:06:33.136,29290.25,29296.5,29271.5,29296.5,4272
2026-07-22 11:08:59.044,29296.5,29302.75,29277.75,29302.75,8856
2026-07-22 11:10:50.656,29302.75,29309,29284,29309,7462
2026-07-22 11:20:34.748,29309,29315.25,29290.25,29315.25,32500
2026-07-22 11:20:48.016,29315.25,29321.5,29296.5,29321.5,1694
2026-07-22 11:24:37.932,29321.5,29327.75,29296.25,29327.75,16218
2026-07-22 11:26:46.256,29327.75,29334,29309,29334,6537
2026-07-22 11:27:07.020,29334,29340.25,29315.25,29340.25,1948
2026-07-22 11:34:05.348,29340.25,29342.5,29296.5,29296.5,25307
2026-07-22 11:34:18.332,29296.5,29315.25,29290.25,29290.25,1861
2026-07-22 11:37:26.872,29290.25,29310.5,29284,29284,12143
2026-07-22 11:40:10.020,29284,29302.75,29277.75,29277.75,9856
2026-07-22 11:51:32.344,29277.75,29321.5,29274.25,29321.5,37202
2026-07-22 11:52:49.992,29321.5,29327.75,29302.75,29327.75,3945
2026-07-22 12:00:02.056,29327.75,29334,29298,29334,20788
2026-07-22 12:41:59.808,29334,29335.25,29290.25,29290.25,83557
2026-07-22 12:43:41.588,29290.25,29309,29284,29284,3671
2026-07-22 12:47:08.284,29284,29302.75,29277.75,29277.75,8059
2026-07-22 12:57:17.776,29277.75,29321.5,29276.5,29321.5,21426
2026-07-22 13:07:44.372,29321.5,29327.75,29302.5,29327.75,19947
2026-07-22 13:34:23.836,29327.75,29330.75,29284,29284,51956
2026-07-22 13:52:29.812,29284,29315.5,29277.75,29277.75,30406
2026-07-22 13:52:38.264,29277.75,29296.5,29271.5,29271.5,988
2026-07-22 13:53:11.664,29271.5,29290.25,29265.25,29265.25,2459
2026-07-22 13:53:56.368,29265.25,29284,29259,29259,3303
2026-07-22 13:54:07.000,29259,29277.75,29252.75,29252.75,1316
2026-07-22 13:55:03.872,29252.75,29271.5,29246.5,29246.5,3994
2026-07-22 13:55:09.044,29246.5,29265.25,29240.25,29240.25,880
2026-07-22 14:02:28.332,29240.25,29262.75,29234,29234,24412
2026-07-22 14:14:57.040,29234,29271,29227.75,29227.75,33405
2026-07-22 14:30:17.364,29227.75,29254,29221.5,29221.5,36456
2026-07-22 14:31:13.360,29221.5,29240.25,29215.25,29215.25,3675
2026-07-22 14:32:42.092,29215.25,29234,29209,29209,5716
2026-07-22 14:54:44.916,29209,29252.75,29207.75,29252.75,46071
2026-07-22 15:28:54.116,29252.75,29259,29215,29259,68116
2026-07-22 15:36:03.892,29259,29260.75,29215.25,29215.25,17693
2026-07-22 15:38:08.596,29215.25,29234,29209,29209,5096
2026-07-22 15:38:28.044,29209,29227.75,29202.75,29202.75,1752
2026-07-22 15:38:34.724,29202.75,29221.5,29196.5,29196.5,881
2026-07-22 15:50:00.068,29196.5,29240.25,29192.5,29240.25,28184
2026-07-22 15:55:00.088,29240.25,29246,29196.5,29196.5,17806
2026-07-22 15:55:02.640,29196.5,29215.25,29190.25,29190.25,1004
2026-07-22 15:55:07.312,29190.25,29209,29184,29184,1068
2026-07-22 15:56:02.280,29184,29202.75,29177.75,29177.75,3812
2026-07-22 15:59:53.672,29177.75,29206,29171.5,29171.5,15671
2026-07-22 15:59:56.264,29171.5,29190.25,29165.25,29165.25,947
2026-07-22 15:59:59.504,29165.25,29184,29159,29159,1155
2026-07-22 16:00:51.252,29159,29202.75,29158,29202.75,4578
2026-07-22 16:01:00.256,29202.75,29209,29184,29209,634
2026-07-22 16:01:02.048,29209,29223.25,29190.25,29215.25,539
2026-07-22 16:01:35.080,29215.25,29220.25,29171.5,29171.5,2052
2026-07-22 16:01:36.256,29171.5,29190.25,29165.25,29165.25,143
2026-07-22 16:01:53.344,29165.25,29191,29158.75,29159,1309
2026-07-22 16:01:57.844,29159,29177.75,29152.75,29152.75,740
2026-07-22 16:01:58.844,29152.75,29206.25,29141.75,29196.5,737
2026-07-22 16:01:59.864,29196.5,29214.25,29177.75,29202.75,340
2026-07-22 16:02:01.456,29202.75,29211.5,29184,29209,243
2026-07-22 16:02:02.468,29209,29222.75,29190.25,29215.25,272
2026-07-22 16:02:03.664,29215.25,29227,29196.5,29221.5,294
2026-07-22 16:02:06.544,29221.5,29236.25,29186.25,29227.75,636
2026-07-22 16:02:07.992,29227.75,29239.5,29209,29234,284
2026-07-22 16:02:18.236,29234,29236,29190.25,29190.25,1354
2026-07-22 16:02:19.776,29190.25,29213,29184,29184,220
2026-07-22 16:02:20.792,29184,29202.75,29163.75,29171.5,282
2026-07-22 16:02:21.792,29171.5,29190.25,29146.25,29165.25,404
2026-07-22 16:02:22.808,29165.25,29184,29142.75,29152.75,218
2026-07-22 16:02:23.844,29152.75,29171.5,29131,29146.5,448
2026-07-22 16:02:30.000,29146.5,29190.25,29144.5,29190.25,1063
2026-07-22 16:02:31.316,29190.25,29196.5,29171.5,29196.5,94
2026-07-22 16:02:37.104,29196.5,29202.75,29177.75,29202.75,483
2026-07-22 16:02:38.108,29202.75,29223,29184,29215.25,111
2026-07-22 16:02:39.108,29215.25,29226.5,29196.5,29221.5,208
2026-07-22 16:02:45.264,29221.5,29224.5,29177.75,29177.75,734
2026-07-22 16:02:46.944,29177.75,29196.5,29171.5,29171.5,115
2026-07-22 16:02:49.728,29171.5,29190.25,29157.5,29165.25,468
2026-07-22 16:03:02.460,29165.25,29209,29160,29209,1159
2026-07-22 16:03:03.492,29209,29225.25,29190.25,29221.5,200
2026-07-22 16:03:12.300,29221.5,29224,29177.75,29177.75,920
2026-07-22 16:03:13.328,29177.75,29196.5,29165.75,29171.5,140
2026-07-22 16:03:31.864,29171.5,29196,29165.25,29165.25,1481
2026-07-22 16:03:55.156,29165.25,29209,29162,29209,1432
2026-07-22 16:04:30.268,29209,29215,29165.25,29165.25,1874
2026-07-22 16:04:41.736,29165.25,29184,29159,29159,750
2026-07-22 16:04:50.072,29159,29177.75,29152.75,29152.75,320
2026-07-22 16:04:55.224,29152.75,29171.5,29146.5,29146.5,354
2026-07-22 16:05:27.880,29146.5,29175.5,29140.25,29140.25,1992
2026-07-22 16:05:34.896,29140.25,29159,29134,29134,541
2026-07-22 16:05:40.380,29134,29152.75,29127.75,29127.75,546
2026-07-22 16:06:21.200,29127.75,29146.5,29121.5,29121.5,2649
2026-07-22 16:07:28.744,29121.5,29165.25,29119,29165.25,4093
2026-07-22 16:07:31.804,29165.25,29171.5,29146.5,29171.5,377
2026-07-22 16:11:58.616,29171.5,29177.75,29140.75,29177.75,8481
2026-07-22 16:12:09.256,29177.75,29184,29159,29184,561
2026-07-22 16:12:26.552,29184,29190.25,29165.25,29190.25,1025
2026-07-22 16:12:36.456,29190.25,29196.5,29171.5,29196.5,517
2026-07-22 16:13:22.036,29196.5,29202.75,29176.25,29202.75,2076
2026-07-22 16:13:35.264,29202.75,29209,29184,29209,615
2026-07-22 16:13:37.664,29209,29215.25,29190.25,29215.25,337
2026-07-22 16:14:12.612,29215.25,29221.5,29196.5,29221.5,1581
2026-07-22 16:14:28.252,29221.5,29228.5,29202.75,29227.75,795
2026-07-22 16:14:50.676,29227.75,29234,29209,29234,973
2026-07-22 16:14:55.056,29234,29240.25,29215.25,29240.25,397
2026-07-22 16:14:58.800,29240.25,29246.5,29221.5,29246.5,281
2026-07-22 16:15:12.124,29246.5,29252.75,29227.75,29252.75,1673
2026-07-22 16:18:47.424,29252.75,29259,29221.75,29259,8329
2026-07-22 16:22:07.764,29259,29260.25,29215.25,29215.25,5669
2026-07-22 16:26:57.860,29215.25,29244.25,29209,29209,5437
2026-07-22 16:31:07.524,29209,29227.75,29202.75,29202.75,4188
2026-07-22 16:38:21.064,29202.75,29224.75,29196.5,29196.5,5546
2026-07-22 16:38:26.956,29196.5,29215.25,29190.25,29190.25,215
2026-07-22 16:38:33.636,29190.25,29209,29184,29184,287
2026-07-22 16:59:00.376,29184,29213,29177.75,29177.75,10978
2026-07-22 16:59:28.792,29177.75,29196.5,29171.5,29171.5,463
2026-07-22 16:59:59.896,29171.5,29180.25,29168.75,29169,392
2026-07-22 18:00:03.400,29107.5,29132.5,29106.75,29132.5,722
2026-07-22 18:00:13.804,29132.5,29138.75,29113.75,29138.75,595
2026-07-22 18:01:30.048,29138.75,29144,29095,29095,3079
2026-07-22 18:02:09.800,29095,29113.75,29088.75,29088.75,819
2026-07-22 18:02:13.624,29088.75,29107.5,29082.5,29082.5,212
2026-07-22 18:02:44.228,29082.5,29101.25,29076.25,29076.25,1065
2026-07-22 18:05:15.064,29076.25,29100,29070,29070,3241
2026-07-22 18:07:23.016,29070,29088.75,29063.75,29063.75,2627
2026-07-22 18:38:28.336,29063.75,29106.75,29057.5,29057.5,24642
2026-07-22 18:39:53.964,29057.5,29076.25,29051.25,29051.25,1431
2026-07-22 18:39:57.376,29051.25,29070,29045,29045,466
2026-07-22 19:04:23.528,29045,29084.75,29038.75,29038.75,19021
2026-07-22 19:04:26.224,29038.75,29057.5,29032.5,29032.5,478
2026-07-22 19:33:13.968,29032.5,29076.25,29025.75,29076.25,22991
2026-07-22 19:37:12.680,29076.25,29082.5,29057.5,29082.5,2342
2026-07-22 19:40:30.928,29082.5,29088.75,29063.75,29088.75,1994
2026-07-22 19:41:17.696,29088.75,29095,29070,29095,1214
2026-07-22 19:45:15.796,29095,29101.25,29076.25,29101.25,3291
2026-07-22 19:45:44.420,29101.25,29107.5,29082.5,29107.5,1035
2026-07-22 19:45:51.708,29107.5,29113.75,29088.75,29113.75,613
2026-07-22 19:45:59.556,29113.75,29120,29095,29120,689
2026-07-22 19:46:08.956,29120,29126.25,29101.25,29126.25,769
2026-07-22 19:47:10.396,29126.25,29132.5,29107.5,29132.5,2105
2026-07-22 19:49:06.976,29132.5,29138.75,29113.75,29138.75,2142
2026-07-22 20:00:00.064,29138.75,29145,29118,29145,10823
2026-07-22 20:00:01.064,29145,29151.25,29126.25,29151.25,400
2026-07-22 20:01:54.892,29151.25,29157.5,29132.5,29157.5,4623
2026-07-22 20:05:25.424,29157.5,29163.75,29132,29163.75,6606
2026-07-22 20:08:03.492,29163.75,29170,29145,29170,3237
2026-07-22 20:16:28.120,29170,29176.25,29143.5,29176.25,9826
2026-07-22 20:16:36.544,29176.25,29182.5,29157.5,29182.5,572
2026-07-22 20:17:09.280,29182.5,29188.75,29163.75,29188.75,1603
2026-07-22 20:17:18.568,29188.75,29195,29170,29195,489
2026-07-22 20:17:20.340,29195,29201.25,29176.25,29201.25,381
2026-07-22 20:17:31.428,29201.25,29207.5,29182.5,29207.5,997
2026-07-22 20:20:51.784,29207.5,29213.75,29188.75,29213.75,5278
2026-07-22 20:22:39.636,29213.75,29220,29195,29220,2637
2026-07-22 20:22:41.552,29220,29226.25,29201.25,29226.25,301
2026-07-22 20:22:42.624,29226.25,29232.5,29207.5,29232.5,288
2026-07-22 20:25:03.756,29232.5,29238.75,29213.75,29238.75,3332
2026-07-22 20:27:14.040,29238.75,29245,29220,29245,2820
2026-07-22 20:27:36.576,29245,29251.25,29226.25,29251.25,898
2026-07-22 20:51:26.048,29251.25,29257.5,29218.25,29257.5,23662
2026-07-22 20:51:27.048,29257.5,29267.75,29238.75,29263.75,822
2026-07-22 20:51:42.792,29263.75,29270,29245,29270,786
2026-07-22 20:51:44.384,29270,29276.25,29251.25,29276.25,400
2026-07-22 20:51:49.072,29276.25,29282.5,29257.5,29282.5,580
2026-07-22 21:00:16.756,29282.5,29283,29238.75,29238.75,11176
2026-07-22 21:20:43.152,29238.75,29273.75,29232.5,29232.5,18344
2026-07-22 21:30:42.620,29232.5,29257.5,29226.25,29226.25,9441
2026-07-22 21:30:52.164,29226.25,29245,29220,29220,469
2026-07-22 21:31:27.296,29220,29238.75,29213.75,29213.75,1655
2026-07-22 21:31:42.412,29213.75,29232.5,29207.5,29207.5,805
2026-07-22 21:36:53.336,29207.5,29251.25,29207,29251.25,7795
2026-07-22 21:37:13.288,29251.25,29257.5,29232.5,29257.5,825
2026-07-22 21:39:48.920,29257.5,29260.5,29213.75,29213.75,4458
2026-07-22 21:40:01.108,29213.75,29232.5,29207.5,29207.5,572
2026-07-22 21:40:21.980,29207.5,29226.25,29201.25,29201.25,1161
2026-07-22 21:44:36.904,29201.25,29220,29195,29195,5014
2026-07-22 21:44:41.688,29195,29213.75,29188.75,29188.75,385
2026-07-22 21:44:50.428,29188.75,29207.5,29182.5,29182.5,639
2026-07-22 21:50:08.932,29182.5,29201.25,29176.25,29176.25,6298
2026-07-22 22:00:24.116,29176.25,29217.25,29170,29170,12793
2026-07-22 22:11:01.548,29170,29200.5,29163.75,29163.75,11337
2026-07-22 22:12:18.260,29163.75,29182.5,29157.5,29157.5,1557
2026-07-22 22:12:19.352,29157.5,29176.25,29150.25,29151.25,466
2026-07-22 22:15:05.640,29151.25,29170,29145,29145,3298
2026-07-22 22:18:00.224,29145,29163.75,29138.75,29138.75,2767
2026-07-22 22:18:29.496,29138.75,29157.5,29132.5,29132.5,965
2026-07-22 22:18:32.596,29132.5,29151.25,29126.25,29126.25,297
2026-07-22 22:21:52.208,29126.25,29145,29120,29120,3392
2026-07-22 22:21:56.452,29120,29138.75,29113.75,29113.75,539
2026-07-22 22:23:40.480,29113.75,29132.5,29107.5,29107.5,2584
2026-07-22 22:25:18.820,29107.5,29126.25,29101.25,29101.25,2220
2026-07-22 22:27:15.980,29101.25,29120,29095,29095,2849
2026-07-22 22:37:24.984,29095,29126.25,29088.75,29088.75,11599
2026-07-22 22:37:37.280,29088.75,29107.5,29082.5,29082.5,644
2026-07-22 22:38:16.720,29082.5,29101.25,29076.25,29076.25,1400
2026-07-22 22:40:01.920,29076.25,29095,29070,29070,2161
2026-07-22 22:41:02.868,29070,29088.75,29063.75,29063.75,1233
2026-07-22 23:07:52.800,29063.75,29097,29057.5,29057.5,24371
2026-07-22 23:08:45.164,29057.5,29076.25,29051.25,29051.25,1171
2026-07-22 23:09:04.068,29051.25,29070,29045,29045,993
2026-07-22 23:11:04.288,29045,29063.75,29038.75,29038.75,2348
2026-07-22 23:11:20.996,29038.75,29057.5,29032.5,29032.5,508
2026-07-22 23:23:23.980,29032.5,29076.25,29030,29076.25,11603
2026-07-22 23:29:19.372,29076.25,29082.5,29045,29082.5,5324
2026-07-22 23:30:17.680,29082.5,29088.75,29063.75,29088.75,1259
2026-07-22 23:30:26.540,29088.75,29095,29070,29095,461
2026-07-22 23:30:29.452,29095,29101.25,29076.25,29101.25,345
2026-07-22 23:30:37.132,29101.25,29107.5,29082.5,29107.5,664
2026-07-22 23:30:45.468,29107.5,29113.75,29088.75,29113.75,524
2026-07-22 23:45:17.164,29113.75,29120,29071.75,29120,12432
2026-07-22 23:53:15.500,29120,29126.25,29101.25,29126.25,5055
2026-07-23 00:05:25.772,29126.25,29128,29082.5,29082.5,8384
2026-07-23 00:06:22.028,29082.5,29101.25,29076.25,29076.25,727
2026-07-23 00:07:13.324,29076.25,29095,29070,29070,780
2026-07-23 00:12:56.136,29070,29113.75,29067.25,29113.75,5232
2026-07-23 00:13:15.444,29113.75,29120,29095,29120,751
2026-07-23 00:14:09.160,29120,29126.25,29101.25,29126.25,1027
2026-07-23 00:14:38.300,29126.25,29132.5,29107.5,29132.5,784
2026-07-23 00:15:05.020,29132.5,29138.75,29113.75,29138.75,557
2026-07-23 00:25:02.276,29138.75,29145,29111.5,29145,7424
2026-07-23 00:25:52.520,29145,29151.25,29126.25,29151.25,1135
2026-07-23 00:25:54.328,29151.25,29157.5,29132.5,29157.5,228
2026-07-23 00:34:42.788,29157.5,29163.75,29122.75,29163.75,8473
2026-07-23 00:51:50.856,29163.75,29166,29120,29120,10052
2026-07-23 00:53:05.836,29120,29138.75,29113.75,29113.75,868
2026-07-23 01:01:51.464,29113.75,29132.5,29107.5,29107.5,5095
2026-07-23 01:12:30.848,29107.5,29126.25,29101.25,29101.25,4430
2026-07-23 01:26:42.872,29101.25,29145,29098.5,29145,10054
2026-07-23 01:26:59.780,29145,29151.25,29126.25,29151.25,383
2026-07-23 01:27:33.052,29151.25,29157.5,29132.5,29157.5,729
2026-07-23 01:29:03.940,29157.5,29163.75,29138.75,29163.75,1531
2026-07-23 01:29:59.660,29163.75,29170,29145,29170,933
2026-07-23 01:30:31.408,29170,29176.25,29151.25,29176.25,1016
2026-07-23 01:32:16.008,29176.25,29182.5,29157.5,29182.5,1396
2026-07-23 01:43:51.680,29182.5,29183.75,29138.75,29138.75,7138
2026-07-23 01:47:59.140,29138.75,29157.5,29132.5,29132.5,1764
2026-07-23 01:48:02.448,29132.5,29151.25,29126.25,29126.25,184
2026-07-23 01:48:27.056,29126.25,29145,29120,29120,534
2026-07-23 01:49:38.620,29120,29138.75,29113.75,29113.75,1234
2026-07-23 01:49:54.432,29113.75,29132.5,29107.5,29107.5,354
2026-07-23 01:50:06.932,29107.5,29126.25,29101.25,29101.25,463
2026-07-23 01:54:14.456,29101.25,29120,29095,29095,3078
2026-07-23 01:54:31.952,29095,29113.75,29088.75,29088.75,625
2026-07-23 01:54:33.432,29088.75,29107.5,29082.5,29082.5,202
2026-07-23 02:58:10.952,29082.5,29119.75,29076.25,29076.25,38928
2026-07-23 03:00:27.708,29076.25,29095,29070,29070,1722
2026-07-23 03:00:30.084,29070,29088.75,29063.75,29063.75,353
2026-07-23 03:00:38.644,29063.75,29082.5,29057.5,29057.5,703
2026-07-23 03:00:45.604,29057.5,29076.25,29051.25,29051.25,351
2026-07-23 03:06:14.780,29051.25,29076,29045,29045,6110
2026-07-23 03:07:19.720,29045,29063.75,29038.75,29038.75,1313
2026-07-23 03:08:21.772,29038.75,29057.5,29032.5,29032.5,1225
2026-07-23 03:09:17.572,29032.5,29051.25,29026.25,29026.25,1514
2026-07-23 03:09:59.080,29026.25,29045,29020,29020,1354
2026-07-23 03:10:11.408,29020,29038.75,29013.75,29013.75,574
2026-07-23 03:10:25.716,29013.75,29032.5,29007.5,29007.5,610
2026-07-23 03:10:46.780,29007.5,29026.25,29001.25,29001.25,847
2026-07-23 03:11:02.672,29001.25,29020,28995,28995,1165
2026-07-23 03:11:03.672,28995,29013.75,28985.75,28988.75,323
2026-07-23 03:11:04.772,28988.75,29007.5,28980,28982.5,381
2026-07-23 03:11:51.216,28982.5,29001.25,28976.25,28976.25,1335
2026-07-23 03:12:30.436,28976.25,28995,28970,28970,1353
2026-07-23 03:12:33.336,28970,28988.75,28963.75,28963.75,288
2026-07-23 03:12:41.124,28963.75,28982.5,28957.5,28957.5,573
2026-07-23 03:14:54.752,28957.5,29001.25,28953.75,29001.25,4739
2026-07-23 03:16:49.012,29001.25,29007.5,28982.5,29007.5,2561
2026-07-23 03:19:57.580,29007.5,29013.75,28988.75,29013.75,2611
2026-07-23 03:20:03.696,29013.75,29020,28995,29020,222
2026-07-23 03:20:49.272,29020,29026.25,29001.25,29026.25,974
2026-07-23 03:20:54.568,29026.25,29032.5,29007.5,29032.5,184
2026-07-23 03:26:21.740,29032.5,29038.75,29008.75,29038.75,5032
2026-07-23 03:32:22.572,29038.75,29038.75,28995,28995,4679
2026-07-23 03:32:40.756,28995,29013.75,28988.75,28988.75,478
2026-07-23 03:34:43.260,28988.75,29007.5,28982.5,28982.5,1531
2026-07-23 03:39:13.564,28982.5,29001.25,28976.25,28976.25,3048
2026-07-23 03:40:08.632,28976.25,28995,28970,28970,802
2026-07-23 03:40:45.364,28970,28988.75,28963.75,28963.75,574
2026-07-23 03:42:15.676,28963.75,28982.5,28957.5,28957.5,1380
2026-07-23 03:42:17.144,28957.5,28976.25,28951.25,28951.25,288
2026-07-23 03:43:25.052,28951.25,28970,28945,28945,1568
2026-07-23 03:44:40.160,28945,28963.75,28938.75,28938.75,1790
2026-07-23 03:45:29.640,28938.75,28957.5,28932.5,28932.5,1032
2026-07-23 03:45:42.312,28932.5,28951.25,28926.25,28926.25,451
2026-07-23 03:55:22.700,28926.25,28970,28922,28970,9124
2026-07-23 03:55:28.360,28970,28976.25,28951.25,28976.25,240
2026-07-23 03:57:08.420,28976.25,28982.5,28957.5,28982.5,1556
2026-07-23 03:59:13.148,28982.5,28988.75,28963.75,28988.75,1486
2026-07-23 04:04:31.860,28988.75,28995,28958.5,28995,6705
2026-07-23 04:04:45.072,28995,29001.25,28976.25,29001.25,583
2026-07-23 04:06:13.744,29001.25,29007.5,28982.5,29007.5,1597
2026-07-23 04:06:27.824,29007.5,29013.75,28988.75,29013.75,399
2026-07-23 04:07:49.800,29013.75,29020,28995,29020,1592
2026-07-23 04:08:28.780,29020,29026.25,29001.25,29026.25,685
2026-07-23 04:09:53.776,29026.25,29032.5,29007.5,29032.5,1145
2026-07-23 04:12:20.080,29032.5,29038.75,29013.75,29038.75,2128
2026-07-23 04:16:50.752,29038.75,29045,29020,29045,3621
2026-07-23 04:17:06.096,29045,29051.25,29026.25,29051.25,524
2026-07-23 04:17:23.172,29051.25,29057.5,29032.5,29057.5,431
2026-07-23 04:50:43.076,29057.5,29063.75,29017.75,29063.75,21567
2026-07-23 04:53:30.696,29063.75,29070,29045,29070,2019
2026-07-23 04:54:14.272,29070,29076.25,29051.25,29076.25,690
2026-07-23 04:56:15.456,29076.25,29082.5,29057.5,29082.5,1127
2026-07-23 04:56:24.640,29082.5,29088.75,29063.75,29088.75,281
2026-07-23 04:56:34.752,29088.75,29095,29070,29095,585
2026-07-23 04:57:36.656,29095,29101.25,29076.25,29101.25,1043
2026-07-23 04:59:24.068,29101.25,29107.5,29082.5,29107.5,1568
2026-07-23 05:03:17.248,29107.5,29113.75,29087.25,29113.75,3219
2026-07-23 05:03:18.248,29113.75,29122.25,29095,29120,263
2026-07-23 05:03:19.264,29120,29129,29101.25,29126.25,414
2026-07-23 05:03:32.520,29126.25,29132.5,29107.5,29132.5,625
2026-07-23 05:14:33.576,29132.5,29137.75,29088.75,29088.75,9279
2026-07-23 05:14:43.352,29088.75,29107.5,29082.5,29082.5,207
2026-07-23 05:34:02.396,29082.5,29103,29076.25,29076.25,9597
2026-07-23 05:34:12.344,29076.25,29095,29070,29070,289
2026-07-23 05:50:55.372,29070,29088.75,29063.75,29063.75,7813
2026-07-23 05:55:24.468,29063.75,29082.5,29057.5,29057.5,3293
2026-07-23 05:58:38.600,29057.5,29076.25,29051.25,29051.25,1743
2026-07-23 05:59:07.476,29051.25,29070,29045,29045,631
2026-07-23 06:12:00.980,29045,29067.5,29038.75,29038.75,8474
2026-07-23 06:30:37.868,29038.75,29082.5,29036.75,29082.5,11720
2026-07-23 06:30:40.216,29082.5,29088.75,29063.75,29088.75,218
2026-07-23 06:33:00.408,29088.75,29095,29070,29095,2987
2026-07-23 06:33:50.236,29095,29101.25,29076.25,29101.25,1004
2026-07-23 06:36:24.688,29101.25,29107.5,29082.5,29107.5,2031
2026-07-23 06:36:29.592,29107.5,29113.75,29088.75,29113.75,210
2026-07-23 06:41:01.400,29113.75,29120,29095,29120,3039
2026-07-23 07:01:54.060,29120,29122.75,29076.25,29076.25,12177
2026-07-23 07:02:02.248,29076.25,29095,29070,29070,327
2026-07-23 07:02:10.084,29070,29088.75,29063.75,29063.75,390
2026-07-23 07:02:13.860,29063.75,29082.5,29057.5,29057.5,163
2026-07-23 07:05:14.648,29057.5,29076.25,29051.25,29051.25,3179
2026-07-23 07:05:55.140,29051.25,29070,29045,29045,762
2026-07-23 07:08:02.052,29045,29063.75,29038.75,29038.75,1783
2026-07-23 07:20:48.528,29038.75,29072,29032.5,29032.5,10993
2026-07-23 07:22:45.120,29032.5,29051.25,29026.25,29026.25,2063
2026-07-23 07:22:58.008,29026.25,29045,29020,29020,549
2026-07-23 07:23:37.172,29020,29038.75,29013.75,29013.75,889
2026-07-23 07:27:41.712,29013.75,29032.5,29007.5,29007.5,3324
2026-07-23 07:29:00.420,29007.5,29026.25,29001.25,29001.25,1568
2026-07-23 07:29:02.616,29001.25,29020,28995,28995,481
2026-07-23 07:30:00.760,28995,29013.75,28988.75,28988.75,1458
2026-07-23 07:32:25.980,28988.75,29007.5,28982.5,28982.5,3239
2026-07-23 07:33:51.920,28982.5,29001.25,28976.25,28976.25,1405
2026-07-23 07:33:54.864,28976.25,28995,28970,28970,293
2026-07-23 07:35:07.164,28970,28988.75,28963.75,28963.75,1804
2026-07-23 07:35:08.208,28963.75,28982.5,28957.5,28957.5,275
2026-07-23 07:35:32.536,28957.5,28976.25,28951.25,28951.25,1849
2026-07-23 07:35:41.304,28951.25,28970,28945,28945,433
2026-07-23 07:35:42.304,28945,28963.75,28937.25,28938.75,274
2026-07-23 07:36:27.048,28938.75,28957.5,28932.5,28932.5,1649
2026-07-23 07:37:13.632,28932.5,28951.25,28926.25,28926.25,1262
2026-07-23 07:38:39.228,28926.25,28945,28920,28920,2304
2026-07-23 07:41:13.664,28920,28938.75,28913.75,28913.75,5312
2026-07-23 07:52:51.784,28913.75,28957.5,28913.25,28957.5,16340
2026-07-23 07:52:52.784,28957.5,28984.25,28938.75,28976.25,1031
2026-07-23 08:05:40.084,28976.25,28982.25,28932.5,28932.5,16515
2026-07-23 08:08:40.404,28932.5,28951.25,28926.25,28926.25,3223
2026-07-23 08:08:50.144,28926.25,28945,28920,28920,350
2026-07-23 08:15:00.760,28920,28942.5,28913.75,28913.75,5656
2026-07-23 08:16:49.292,28913.75,28938,28900,28907.5,4380
2026-07-23 08:16:50.292,28907.5,28926.25,28880.5,28895,1116
2026-07-23 08:20:03.224,28895,28920.5,28886,28888.75,7512
2026-07-23 08:20:04.812,28888.75,28907.5,28882.5,28882.5,141
2026-07-23 08:23:37.644,28882.5,28901.25,28876.25,28876.25,6122
2026-07-23 08:24:20.120,28876.25,28895,28870,28870,1113
2026-07-23 08:24:26.112,28870,28888.75,28863.75,28863.75,508
2026-07-23 08:28:49.016,28863.75,28882.5,28857.5,28857.5,6819
2026-07-23 08:30:00.044,28857.5,28876.25,28851.25,28851.25,1705
2026-07-23 08:30:01.564,28851.25,28870,28845,28845,423
2026-07-23 08:33:12.156,28845,28875.5,28838.75,28838.75,6095
2026-07-23 08:33:27.132,28838.75,28857.5,28832.5,28832.5,856
2026-07-23 08:35:24.948,28832.5,28851.25,28826.25,28826.25,4546
2026-07-23 08:36:15.328,28826.25,28845,28820,28820,1542
2026-07-23 08:36:22.920,28820,28838.75,28813.75,28813.75,651
2026-07-23 08:36:49.928,28813.75,28832.5,28807.5,28807.5,1640
2026-07-23 08:37:01.480,28807.5,28826.25,28801.25,28801.25,956
2026-07-23 08:37:02.688,28801.25,28820,28794.5,28795,661
2026-07-23 08:40:04.008,28795,28814.75,28788.75,28788.75,8101
2026-07-23 08:40:05.672,28788.75,28807.5,28782.5,28782.5,267
2026-07-23 08:40:39.584,28782.5,28801.25,28776.25,28776.25,2088
2026-07-23 08:43:07.392,28776.25,28807.5,28770,28770,7432
2026-07-23 08:48:21.628,28770,28798.25,28763.75,28763.75,11315
2026-07-23 08:48:29.364,28763.75,28782.5,28757.5,28757.5,722
2026-07-23 08:53:08.888,28757.5,28801.25,28753.25,28801.25,13126
2026-07-23 09:05:28.844,28801.25,28805.5,28757.5,28757.5,27838
2026-07-23 09:05:39.948,28757.5,28776.25,28751.25,28751.25,863
2026-07-23 09:06:11.056,28751.25,28770,28744.5,28745,2125
2026-07-23 09:06:34.672,28745,28763.75,28738.75,28738.75,1720
2026-07-23 09:09:14.504,28738.75,28774.25,28732.5,28732.5,9693
2026-07-23 09:09:51.464,28732.5,28751.25,28726.25,28726.25,1864
2026-07-23 09:11:49.164,28726.25,28745,28720,28720,5424
2026-07-23 09:17:04.372,28720,28739.25,28713.75,28713.75,13345
2026-07-23 09:17:24.476,28713.75,28732.5,28707.5,28707.5,1551
2026-07-23 09:23:24.992,28707.5,28726.25,28701.25,28701.25,14138
2026-07-23 09:30:09.220,28701.25,28727.75,28695,28695,21365
2026-07-23 09:30:10.220,28695,28713.75,28685,28688.75,1084
2026-07-23 09:30:11.224,28688.75,28707.5,28680,28682.5,514
2026-07-23 09:30:38.300,28682.5,28709.25,28676.25,28676.25,7188
2026-07-23 09:30:40.632,28676.25,28695,28670,28670,911
2026-07-23 09:30:41.632,28670,28688.75,28663.75,28663.75,980
2026-07-23 09:30:43.004,28663.75,28682.5,28657.5,28657.5,824
2026-07-23 09:31:03.744,28657.5,28701.25,28656,28701.25,5870
2026-07-23 09:31:04.864,28701.25,28710,28682.5,28707.5,604
2026-07-23 09:31:30.052,28707.5,28713.75,28681,28713.75,6509
2026-07-23 09:31:54.192,28713.75,28720,28695,28720,5990
2026-07-23 09:32:00.452,28720,28726.25,28701.25,28726.25,1706
2026-07-23 09:32:02.856,28726.25,28732.5,28707.5,28732.5,1086
2026-07-23 09:32:31.932,28732.5,28738.75,28710,28738.75,8118
2026-07-23 09:32:34.972,28738.75,28745,28720,28745,855
2026-07-23 09:33:37.656,28745,28748,28701.25,28701.25,14742
2026-07-23 09:34:25.140,28701.25,28745,28693.25,28745,10540
2026-07-23 09:34:40.480,28745,28751.25,28726.25,28751.25,2529
2026-07-23 09:34:45.508,28751.25,28757.5,28732.5,28757.5,1322
2026-07-23 09:34:58.600,28757.5,28763.75,28738.75,28763.75,2367
2026-07-23 09:35:15.528,28763.75,28770,28745,28770,5484
2026-07-23 09:36:31.376,28770,28776.25,28735.5,28776.25,15581
2026-07-23 09:36:37.416,28776.25,28782.5,28757.5,28782.5,2039
2026-07-23 09:36:51.624,28782.5,28788.75,28763.75,28788.75,3080
2026-07-23 09:37:11.536,28788.75,28795,28770,28795,4789
2026-07-23 09:37:34.504,28795,28801.25,28776.25,28801.25,4550
2026-07-23 09:37:41.576,28801.25,28807.5,28782.5,28807.5,1775
2026-07-23 09:38:05.928,28807.5,28813.75,28788.75,28813.75,4889
2026-07-23 09:40:02.472,28813.75,28820,28777,28820,23154
2026-07-23 09:41:07.424,28820,28826.25,28801.25,28826.25,12583
2026-07-23 09:42:08.004,28826.25,28832.5,28807.5,28832.5,9929
2026-07-23 09:42:09.004,28832.5,28844,28813.75,28838.75,870
2026-07-23 09:42:10.020,28838.75,28845.25,28820,28845,426
2026-07-23 09:42:26.660,28845,28851.25,28826.25,28851.25,3299
2026-07-23 09:42:31.568,28851.25,28857.5,28832.5,28857.5,1137
2026-07-23 09:42:45.780,28857.5,28863.75,28838.75,28863.75,3273
2026-07-23 09:43:03.048,28863.75,28870,28845,28870,2995
2026-07-23 09:43:12.652,28870,28876.25,28851.25,28876.25,2053
2026-07-23 09:43:35.800,28876.25,28882.5,28857.5,28882.5,4739
2026-07-23 09:45:19.328,28882.5,28883.75,28838.75,28838.75,18499
2026-07-23 09:45:39.708,28838.75,28857.5,28832.5,28832.5,4070
2026-07-23 09:45:42.184,28832.5,28851.25,28826.25,28826.25,725
2026-07-23 09:46:17.148,28826.25,28858,28820,28820,7931
2026-07-23 09:48:05.424,28820,28852.25,28813.75,28813.75,15806
2026-07-23 09:48:06.432,28813.75,28832.5,28795,28807.5,1944
2026-07-23 09:48:09.000,28807.5,28826.25,28801.25,28801.25,927
2026-07-23 09:48:31.572,28801.25,28820,28795,28795,4286
2026-07-23 09:49:00.932,28795,28813.75,28788.75,28788.75,4669
2026-07-23 09:49:17.296,28788.75,28807.5,28782.5,28782.5,3354
2026-07-23 09:49:18.296,28782.5,28801.25,28770,28776.25,945
2026-07-23 09:49:19.500,28776.25,28795,28768.5,28770,547
2026-07-23 09:49:23.540,28770,28788.75,28763.75,28763.75,1280
2026-07-23 09:49:32.372,28763.75,28782.5,28757.5,28757.5,2366
2026-07-23 09:49:34.960,28757.5,28776.25,28751.25,28751.25,963
2026-07-23 09:51:34.848,28751.25,28787.5,28745,28745,23827
2026-07-23 09:51:38.528,28745,28763.75,28738.75,28738.75,1637
2026-07-23 09:51:44.048,28738.75,28757.5,28732.5,28732.5,1676
2026-07-23 09:51:49.792,28732.5,28751.25,28726.25,28726.25,1352
2026-07-23 09:52:19.524,28726.25,28745.5,28720,28720,7046
2026-07-23 09:53:33.732,28720,28763.75,28717.25,28763.75,14428
2026-07-23 09:53:50.056,28763.75,28770,28745,28770,3028
2026-07-23 09:54:03.100,28770,28776.25,28751.25,28776.25,2799
2026-07-23 09:54:05.640,28776.25,28782.5,28757.5,28782.5,659
2026-07-23 09:54:06.640,28782.5,28794,28763.75,28788.75,887
2026-07-23 09:54:10.584,28788.75,28795,28770,28795,1303
2026-07-23 09:54:15.576,28795,28801.25,28776.25,28801.25,1563
2026-07-23 09:54:16.608,28801.25,28807.5,28782.5,28807.5,500
2026-07-23 09:54:43.252,28807.5,28813.75,28788.75,28813.75,5761
2026-07-23 09:55:02.784,28813.75,28820,28795,28820,4629
2026-07-23 09:55:04.800,28820,28826.25,28801.25,28826.25,729
2026-07-23 09:55:12.792,28826.25,28832.5,28807.5,28832.5,2640
2026-07-23 09:56:03.376,28832.5,28835.75,28788.75,28788.75,9997
2026-07-23 09:56:13.564,28788.75,28807.5,28782.5,28782.5,2571
2026-07-23 09:56:15.596,28782.5,28801.25,28776.25,28776.25,534
2026-07-23 09:56:37.632,28776.25,28795,28770,28770,4452
2026-07-23 09:56:56.288,28770,28788.75,28763.75,28763.75,2929
2026-07-23 09:57:03.356,28763.75,28782.5,28757.5,28757.5,1549
2026-07-23 09:57:05.000,28757.5,28776.25,28751.25,28751.25,574
2026-07-23 09:57:12.568,28751.25,28770,28745,28745,1763
2026-07-23 09:57:17.636,28745,28763.75,28738.75,28738.75,1074
2026-07-23 09:57:20.052,28738.75,28757.5,28732.5,28732.5,678
2026-07-23 09:57:23.020,28732.5,28751.25,28726.25,28726.25,1034
2026-07-23 09:58:08.348,28726.25,28745,28720,28720,7700
2026-07-23 09:58:09.348,28720,28738.75,28710,28713.75,942
2026-07-23 09:58:10.348,28713.75,28732.5,28707.5,28707.5,352
2026-07-23 09:58:16.984,28707.5,28726.25,28701.25,28701.25,1814
2026-07-23 10:00:12.116,28701.25,28745,28696,28745,20418
2026-07-23 10:00:21.664,28745,28751.25,28726.25,28751.25,2901
2026-07-23 10:00:25.428,28751.25,28757.5,28732.5,28757.5,874
2026-07-23 10:00:47.456,28757.5,28763.75,28738.75,28763.75,4499
2026-07-23 10:01:35.544,28763.75,28769.25,28720,28720,9480
2026-07-23 10:01:37.492,28720,28738.75,28713.75,28713.75,607
2026-07-23 10:04:24.572,28713.75,28757.5,28708,28757.5,25633
2026-07-23 10:04:30.336,28757.5,28763.75,28738.75,28763.75,1187
2026-07-23 10:05:42.320,28763.75,28770,28738.5,28770,11448
2026-07-23 10:05:44.608,28770,28778,28751.25,28776.25,1409
2026-07-23 10:05:46.704,28776.25,28782.5,28757.5,28782.5,598
2026-07-23 10:05:49.460,28782.5,28788.75,28763.75,28788.75,904
2026-07-23 10:06:04.028,28788.75,28795,28770,28795,3373
2026-07-23 10:06:26.464,28795,28801.25,28776.25,28801.25,5124
2026-07-23 10:08:19.196,28801.25,28801.75,28757.5,28757.5,19749
2026-07-23 10:08:20.204,28757.5,28776.25,28750.75,28751.25,603
2026-07-23 10:08:24.076,28751.25,28770,28745,28745,1579
2026-07-23 10:08:25.076,28745,28763.75,28736,28738.75,508
2026-07-23 10:08:35.220,28738.75,28757.5,28732.5,28732.5,2599
2026-07-23 10:08:45.812,28732.5,28751.25,28726.25,28726.25,2232
2026-07-23 10:08:46.908,28726.25,28745,28720,28720,380
2026-07-23 10:08:51.852,28720,28738.75,28713.75,28713.75,1344
2026-07-23 10:09:02.848,28713.75,28732.5,28707.5,28707.5,2404
2026-07-23 10:09:09.148,28707.5,28726.25,28701.25,28701.25,1967
2026-07-23 10:09:14.264,28701.25,28720,28695,28695,1594
2026-07-23 10:09:15.300,28695,28713.75,28686.75,28688.75,930
2026-07-23 10:09:16.564,28688.75,28707.5,28682.5,28682.5,680
2026-07-23 10:10:00.292,28682.5,28726.25,28678,28726.25,10453
2026-07-23 10:10:01.296,28726.25,28737.5,28707.5,28732.5,631
2026-07-23 10:10:03.956,28732.5,28738.75,28713.75,28738.75,1336
2026-07-23 10:10:08.544,28738.75,28745,28720,28745,1751
2026-07-23 10:10:10.124,28745,28751.25,28726.25,28751.25,651
2026-07-23 10:11:13.084,28751.25,28756,28707.5,28707.5,11430
2026-07-23 10:11:14.460,28707.5,28726.25,28701.25,28701.25,580
2026-07-23 10:11:20.588,28701.25,28720,28695,28695,1647
2026-07-23 10:11:58.080,28695,28738.75,28694.25,28738.75,6395
2026-07-23 10:12:01.372,28738.75,28745,28720,28745,706
2026-07-23 10:12:08.068,28745,28751.25,28726.25,28751.25,1610
2026-07-23 10:12:11.468,28751.25,28757.5,28732.5,28757.5,657
2026-07-23 10:13:02.204,28757.5,28763.75,28727.25,28763.75,9325
2026-07-23 10:13:03.400,28763.75,28770,28745,28770,565
2026-07-23 10:14:30.760,28770,28771,28726.25,28726.25,12278
2026-07-23 10:14:44.628,28726.25,28745,28720,28720,2424
2026-07-23 10:14:45.772,28720,28738.75,28703.5,28713.75,1419
2026-07-23 10:14:47.228,28713.75,28732.5,28707.5,28707.5,359
2026-07-23 10:14:48.228,28707.5,28726.25,28695,28701.25,573
2026-07-23 10:15:01.288,28701.25,28720,28695,28695,2695
2026-07-23 10:15:53.712,28695,28729,28688.75,28688.75,8253
2026-07-23 10:17:59.272,28688.75,28732.5,28686.75,28732.5,17668
2026-07-23 10:18:19.568,28732.5,28738.75,28713.75,28738.75,2614
2026-07-23 10:21:50.228,28738.75,28745,28695.75,28745,21583
2026-07-23 10:21:55.280,28745,28751.25,28726.25,28751.25,1229
2026-07-23 10:22:00.716,28751.25,28757.5,28732.5,28757.5,989
2026-07-23 10:22:02.152,28757.5,28763.75,28738.75,28763.75,551
2026-07-23 10:22:36.920,28763.75,28770,28745,28770,5051
2026-07-23 10:22:38.236,28770,28777.75,28751.25,28776.25,799
2026-07-23 10:23:57.116,28776.25,28780,28732.5,28732.5,9984
2026-07-23 10:24:06.004,28732.5,28751.25,28726.25,28726.25,1346
2026-07-23 10:24:07.004,28726.25,28745,28716.75,28720,625
2026-07-23 10:24:08.036,28720,28738.75,28710.5,28713.75,401
2026-07-23 10:24:10.464,28713.75,28732.5,28707.5,28707.5,533
2026-07-23 10:24:11.740,28707.5,28726.25,28701.25,28701.25,381
2026-07-23 10:24:13.112,28701.25,28720,28695,28695,652
2026-07-23 10:25:35.660,28695,28738.75,28689,28738.75,11832
2026-07-23 10:26:33.400,28738.75,28742.75,28695,28695,7140
2026-07-23 10:29:58.148,28695,28738.75,28694.25,28738.75,20036
2026-07-23 10:30:02.596,28738.75,28745.75,28720,28745,1542
2026-07-23 10:31:17.444,28745,28751.25,28717.25,28751.25,10379
2026-07-23 10:32:04.208,28751.25,28752,28707.5,28707.5,5384
2026-07-23 10:32:18.792,28707.5,28726.25,28701.25,28701.25,2008
2026-07-23 10:32:35.884,28701.25,28720,28695,28695,2298
2026-07-23 10:32:45.412,28695,28713.75,28688.75,28688.75,1416
2026-07-23 10:32:52.492,28688.75,28707.5,28682.5,28682.5,1644
2026-07-23 10:32:54.932,28682.5,28701.25,28675,28676.25,1405
2026-07-23 10:33:28.168,28676.25,28695,28670,28670,5027
2026-07-23 10:33:33.592,28670,28688.75,28663.75,28663.75,1549
2026-07-23 10:33:49.876,28663.75,28682.5,28657.5,28657.5,2923
2026-07-23 10:33:50.876,28657.5,28676.25,28646.75,28651.25,1692
2026-07-23 10:33:53.672,28651.25,28670,28645,28645,1008
2026-07-23 10:37:09.516,28645,28688.75,28640,28688.75,28594
2026-07-23 10:37:11.252,28688.75,28695,28670,28695,731
2026-07-23 10:37:20.700,28695,28701.25,28676.25,28701.25,2234
2026-07-23 10:37:21.756,28701.25,28708,28682.5,28707.5,675
2026-07-23 10:37:22.756,28707.5,28716.5,28688.75,28713.75,737
2026-07-23 10:37:23.768,28713.75,28720,28695,28720,528
2026-07-23 10:37:24.772,28720,28727.25,28701.25,28726.25,709
2026-07-23 10:37:27.728,28726.25,28732.5,28707.5,28732.5,1268
2026-07-23 10:37:47.132,28732.5,28738.75,28713.75,28738.75,3920
2026-07-23 10:37:49.564,28738.75,28745,28720,28745,1087
2026-07-23 10:37:50.564,28745,28760.75,28726.25,28757.5,1236
2026-07-23 10:39:36.868,28757.5,28763.75,28723.75,28763.75,20547
2026-07-23 10:40:26.172,28763.75,28770,28743,28770,8298
2026-07-23 10:41:01.668,28770,28773.25,28726.25,28726.25,6643
2026-07-23 10:41:04.416,28726.25,28745,28720,28720,709
2026-07-23 10:41:18.716,28720,28738.75,28713.75,28713.75,2847
2026-07-23 10:41:33.972,28713.75,28732.5,28707.5,28707.5,2561
2026-07-23 10:41:34.976,28707.5,28726.25,28698.25,28701.25,708
2026-07-23 10:41:38.876,28701.25,28720,28695,28695,980
2026-07-23 10:41:40.920,28695,28713.75,28688.75,28688.75,605
2026-07-23 10:41:50.940,28688.75,28707.5,28682.5,28682.5,2207
2026-07-23 10:42:28.168,28682.5,28701.25,28676.25,28676.25,6933
2026-07-23 10:42:31.648,28676.25,28695,28670,28670,950
2026-07-23 10:42:43.648,28670,28688.75,28663.75,28663.75,2020
2026-07-23 10:42:51.148,28663.75,28682.5,28656.75,28657.5,1828
2026-07-23 10:43:28.684,28657.5,28676.25,28651.25,28651.25,5773
2026-07-23 10:43:29.696,28651.25,28670,28643.25,28645,712
2026-07-23 10:43:30.696,28645,28663.75,28635.75,28638.75,1349
2026-07-23 10:43:38.360,28638.75,28657.5,28632.5,28632.5,1803
2026-07-23 10:43:39.576,28632.5,28651.25,28626.25,28626.25,852
2026-07-23 10:47:48.368,28626.25,28670,28625,28670,38353
2026-07-23 10:49:38.944,28670,28671,28626.25,28626.25,13728
2026-07-23 10:50:26.516,28626.25,28646.5,28617.25,28620,7709
2026-07-23 10:50:49.088,28620,28638.75,28613.75,28613.75,2898
2026-07-23 10:51:26.572,28613.75,28632.5,28607.5,28607.5,5279
2026-07-23 10:51:42.244,28607.5,28626.25,28601.25,28601.25,2286
2026-07-23 10:51:45.036,28601.25,28620,28595,28595,1503
2026-07-23 10:51:48.988,28595,28613.75,28588.75,28588.75,1209
2026-07-23 10:54:30.980,28588.75,28619.75,28582.5,28582.5,19228
2026-07-23 11:01:06.752,28582.5,28618.75,28576.25,28576.25,42950
2026-07-23 11:01:27.276,28576.25,28595,28570,28570,3013
2026-07-23 11:04:08.296,28570,28590.75,28563.75,28563.75,15235
2026-07-23 11:05:36.992,28563.75,28582.5,28557.5,28557.5,7462
2026-07-23 11:06:07.632,28557.5,28576.25,28551.25,28551.25,3536
2026-07-23 11:06:14.508,28551.25,28570,28545,28545,1432
2026-07-23 11:06:26.832,28545,28563.75,28538.75,28538.75,2220
2026-07-23 11:07:10.704,28538.75,28557.5,28532.5,28532.5,5901
2026-07-23 11:09:48.228,28532.5,28560,28526.25,28526.25,15491
2026-07-23 11:11:08.780,28526.25,28545,28520,28520,9065
2026-07-23 11:11:56.980,28520,28538.75,28513.75,28513.75,4189
2026-07-23 11:12:16.136,28513.75,28532.5,28507.5,28507.5,2890
2026-07-23 11:12:21.528,28507.5,28526.25,28501.25,28501.25,1026
2026-07-23 11:12:33.212,28501.25,28520,28495,28495,2308
2026-07-23 11:12:47.944,28495,28513.75,28488.75,28488.75,2240
2026-07-23 11:17:38.724,28488.75,28532.5,28482.75,28532.5,34486
2026-07-23 11:20:00.940,28532.5,28538.75,28513.75,28538.75,11267
2026-07-23 11:20:04.932,28538.75,28545,28520,28545,1182
2026-07-23 11:20:12.668,28545,28551.25,28526.25,28551.25,1351
2026-07-23 11:20:16.128,28551.25,28557.5,28532.5,28557.5,941
2026-07-23 11:20:22.480,28557.5,28563.75,28538.75,28563.75,1489
2026-07-23 11:21:56.036,28563.75,28569,28520,28520,11623
2026-07-23 11:22:03.976,28520,28538.75,28513.75,28513.75,1277
2026-07-23 11:22:47.588,28513.75,28534.5,28507.5,28507.5,7197
2026-07-23 11:22:48.588,28507.5,28526.25,28494,28495,1002
2026-07-23 11:22:49.588,28495,28513.75,28480,28488.75,1121
2026-07-23 11:22:50.700,28488.75,28507.5,28475.5,28482.5,624
2026-07-23 11:22:51.700,28482.5,28501.25,28461.75,28463.75,1196
2026-07-23 11:22:53.108,28463.75,28482.5,28457.5,28457.5,863
2026-07-23 11:23:14.128,28457.5,28501.25,28456.5,28501.25,4997
2026-07-23 11:24:55.580,28501.25,28507.5,28482.5,28507.5,11411
2026-07-23 11:27:30.028,28507.5,28510,28463.75,28463.75,15062
2026-07-23 11:28:06.956,28463.75,28482.5,28457.5,28457.5,3161
2026-07-23 11:28:46.780,28457.5,28480.5,28451.25,28451.25,4900
2026-07-23 11:31:01.612,28451.25,28476,28445,28445,12980
2026-07-23 11:31:04.712,28445,28463.75,28438.75,28438.75,703
2026-07-23 11:31:23.088,28438.75,28457.5,28432.5,28432.5,2371
2026-07-23 11:32:01.708,28432.5,28476.25,28432.5,28476.25,5191
2026-07-23 11:32:17.812,28476.25,28482.75,28457.5,28482.5,2092
2026-07-23 11:33:41.236,28482.5,28488.75,28463.75,28488.75,6724
2026-07-23 11:35:01.852,28488.75,28495,28470,28495,5902
2026-07-23 11:35:11.996,28495,28501.25,28476.25,28501.25,1284
2026-07-23 11:35:20.584,28501.25,28507.5,28482.5,28507.5,1163
2026-07-23 11:35:42.952,28507.5,28513.75,28488.75,28513.75,2059
2026-07-23 11:37:23.104,28513.75,28520,28491.5,28520,9209
2026-07-23 11:37:24.108,28520,28535.25,28501.25,28532.5,1158
2026-07-23 11:40:09.732,28532.5,28538.75,28512,28538.75,12730
2026-07-23 11:40:11.264,28538.75,28545,28520,28545,370
2026-07-23 11:40:17.004,28545,28551.25,28526.25,28551.25,924
2026-07-23 11:42:56.584,28551.25,28551.5,28507.5,28507.5,14393
2026-07-23 11:44:28.192,28507.5,28526.25,28501.25,28501.25,6123
2026-07-23 11:44:58.896,28501.25,28520,28495,28495,2217
2026-07-23 11:45:02.464,28495,28513.75,28488.75,28488.75,512
2026-07-23 11:45:15.452,28488.75,28507.5,28482.5,28482.5,2010
2026-07-23 11:49:49.448,28482.5,28526.25,28478.5,28526.25,19477
2026-07-23 11:50:52.464,28526.25,28532.5,28504,28532.5,4537
2026-07-23 11:52:25.604,28532.5,28538.75,28512.5,28538.75,5856
2026-07-23 11:54:01.624,28538.75,28545,28520,28545,5925
2026-07-23 11:54:13.012,28545,28551.25,28526.25,28551.25,1466
2026-07-23 11:55:00.120,28551.25,28557.5,28532.5,28557.5,3869
2026-07-23 11:55:16.408,28557.5,28563.75,28538.75,28563.75,1843
2026-07-23 11:56:06.780,28563.75,28570,28545,28570,3771
2026-07-23 11:56:08.740,28570,28576.25,28551.25,28576.25,611
2026-07-23 11:56:10.624,28576.25,28582.5,28557.5,28582.5,700
2026-07-23 11:59:12.312,28582.5,28588.75,28550.5,28588.75,12654
2026-07-23 12:00:55.808,28588.75,28595,28570,28595,7409
2026-07-23 12:02:10.704,28595,28601.25,28573,28601.25,5981
2026-07-23 12:02:12.312,28601.25,28609.25,28582.5,28607.5,737
2026-07-23 12:02:29.848,28607.5,28613.75,28588.75,28613.75,1601
2026-07-23 12:02:59.764,28613.75,28620,28595,28620,2401
2026-07-23 12:03:25.232,28620,28626.25,28601.25,28626.25,2338
2026-07-23 12:05:46.280,28626.25,28628,28582.5,28582.5,11184
2026-07-23 12:10:03.488,28582.5,28626.25,28576.5,28626.25,18609
2026-07-23 12:10:48.124,28626.25,28632.5,28607.5,28632.5,2917
2026-07-23 12:12:16.068,28632.5,28638.75,28613.75,28638.75,4983
2026-07-23 12:20:13.448,28638.75,28645,28609.5,28645,24826
2026-07-23 12:20:29.728,28645,28651.25,28626.25,28651.25,1710
2026-07-23 12:21:11.440,28651.25,28657.5,28632.5,28657.5,2932
2026-07-23 12:22:49.736,28657.5,28663.75,28638.75,28663.75,5236
2026-07-23 12:22:50.756,28663.75,28678.75,28645,28670,1812
2026-07-23 12:23:21.440,28670,28676.25,28651.25,28676.25,2207
2026-07-23 12:23:24.372,28676.25,28682.5,28657.5,28682.5,524
2026-07-23 12:23:27.376,28682.5,28688.75,28663.75,28688.75,689
2026-07-23 12:23:32.552,28688.75,28695,28670,28695,904
2026-07-23 12:28:55.780,28695,28701.25,28673.5,28701.25,18559
2026-07-23 12:29:03.500,28701.25,28707.5,28682.5,28707.5,707
2026-07-23 12:29:11.828,28707.5,28713.75,28688.75,28713.75,1239
2026-07-23 12:38:50.964,28713.75,28720,28682.25,28720,29373
2026-07-23 12:38:56.044,28720,28726.25,28701.25,28726.25,1134
2026-07-23 12:38:58.760,28726.25,28732.5,28707.5,28732.5,751
2026-07-23 12:39:07.636,28732.5,28738.75,28713.75,28738.75,1501
2026-07-23 12:42:09.460,28738.75,28739,28695,28695,12460
2026-07-23 12:44:49.624,28695,28713.75,28688.75,28688.75,7534
2026-07-23 12:45:03.656,28688.75,28707.5,28682.5,28682.5,1457
2026-07-23 12:45:07.500,28682.5,28701.25,28676.25,28676.25,647
2026-07-23 12:45:11.636,28676.25,28695,28670,28670,1073
2026-07-23 12:45:18.692,28670,28688.75,28663.75,28663.75,1132
2026-07-23 12:45:34.796,28663.75,28682.5,28657.5,28657.5,1702
2026-07-23 12:45:57.316,28657.5,28676.25,28651.25,28651.25,2523
2026-07-23 12:46:08.004,28651.25,28670,28645,28645,1295
2026-07-23 12:48:16.496,28645,28663.75,28638.75,28638.75,9351
2026-07-23 12:50:00.600,28638.75,28657.5,28632.5,28632.5,5781
2026-07-23 12:50:02.072,28632.5,28651.25,28626.25,28626.25,598
2026-07-23 12:51:47.560,28626.25,28645,28620,28620,6680
2026-07-23 12:53:26.936,28620,28647.25,28613.75,28613.75,6775
2026-07-23 13:00:49.808,28613.75,28657.5,28609.5,28657.5,27104
2026-07-23 13:05:00.156,28657.5,28662.75,28613.75,28613.75,15359
2026-07-23 13:05:03.424,28613.75,28632.5,28607.5,28607.5,612
2026-07-23 13:05:25.108,28607.5,28626.25,28601.25,28601.25,2347
2026-07-23 13:05:27.928,28601.25,28620,28595,28595,713
2026-07-23 13:05:37.588,28595,28613.75,28588.75,28588.75,1211
2026-07-23 13:10:03.516,28588.75,28632.5,28587.75,28632.5,18176
2026-07-23 13:10:22.568,28632.5,28638.75,28613.75,28638.75,1387
2026-07-23 13:10:29.620,28638.75,28645,28620,28645,804
2026-07-23 13:12:47.956,28645,28651.25,28625.75,28651.25,7583
2026-07-23 13:13:23.500,28651.25,28657.5,28632.5,28657.5,2123
2026-07-23 13:20:18.816,28657.5,28663.75,28614.25,28663.75,22501
2026-07-23 13:20:19.908,28663.75,28671.5,28645,28670,774
2026-07-23 13:26:01.748,28670,28676.25,28628,28676.25,18200
2026-07-23 13:31:34.064,28676.25,28677.5,28632.5,28632.5,14290
2026-07-23 13:31:43.912,28632.5,28651.25,28626.25,28626.25,752
2026-07-23 13:31:45.544,28626.25,28645,28620,28620,392
2026-07-23 13:32:05.028,28620,28638.75,28613.75,28613.75,1476
2026-07-23 13:32:24.492,28613.75,28632.5,28607.5,28607.5,1483
2026-07-23 13:35:48.132,28607.5,28633.25,28601.25,28601.25,9507
2026-07-23 13:36:00.468,28601.25,28620,28595,28595,1062
2026-07-23 13:37:12.008,28595,28613.75,28588.75,28588.75,3819
2026-07-23 13:40:34.072,28588.75,28607.5,28582.5,28582.5,8603
2026-07-23 13:40:50.804,28582.5,28601.25,28576.25,28576.25,1464
2026-07-23 13:45:47.208,28576.25,28620,28571,28620,16406
2026-07-23 13:47:09.092,28620,28626.25,28601.25,28626.25,4812
2026-07-23 13:55:33.456,28626.25,28629.75,28582.5,28582.5,21016
2026-07-23 13:56:17.420,28582.5,28601.25,28576.25,28576.25,2009
2026-07-23 13:57:36.264,28576.25,28595,28570,28570,3670
2026-07-23 14:00:03.164,28570,28588.75,28563.75,28563.75,5582
2026-07-23 14:00:04.552,28563.75,28582.5,28557.5,28557.5,484
2026-07-23 14:01:46.860,28557.5,28579.25,28551.25,28551.25,5771
2026-07-23 14:07:56.636,28551.25,28583,28545,28545,15369
2026-07-23 14:31:09.580,28545,28588.75,28542.25,28588.75,52733
2026-07-23 14:34:04.228,28588.75,28595,28570,28595,6428
2026-07-23 14:35:00.472,28595,28601.25,28576.25,28601.25,2214
2026-07-23 14:37:26.732,28601.25,28603.25,28557.5,28557.5,7510
2026-07-23 14:42:10.564,28557.5,28576.25,28551.25,28551.25,9806
2026-07-23 14:42:31.420,28551.25,28570,28545,28545,1052
2026-07-23 14:54:31.152,28545,28579,28538.75,28538.75,22551
2026-07-23 14:54:55.060,28538.75,28557.5,28532.5,28532.5,1776
2026-07-23 14:58:34.068,28532.5,28551.25,28526.25,28526.25,7577
2026-07-23 15:03:46.008,28526.25,28566.75,28520,28520,13370
2026-07-23 15:05:07.520,28520,28538.75,28513.75,28513.75,3180
2026-07-23 15:08:16.308,28513.75,28532.5,28507.5,28507.5,6055
2026-07-23 15:10:58.252,28507.5,28526.25,28501.25,28501.25,4985
2026-07-23 15:21:07.080,28501.25,28545,28501,28545,20091
2026-07-23 15:21:23.724,28545,28551.25,28526.25,28551.25,996
2026-07-23 15:21:44.308,28551.25,28557.5,28532.5,28557.5,1263
2026-07-23 15:23:32.956,28557.5,28563.75,28538.75,28563.75,4375
2026-07-23 15:24:57.536,28563.75,28570,28545,28570,2651
2026-07-23 15:25:00.848,28570,28576.25,28551.25,28576.25,440
2026-07-23 15:25:07.592,28576.25,28582.5,28557.5,28582.5,885
2026-07-23 15:25:16.668,28582.5,28588.75,28563.75,28588.75,638
2026-07-23 15:30:39.496,28588.75,28595,28561.5,28595,15547
2026-07-23 15:32:03.076,28595,28595.5,28551.25,28551.25,6279
2026-07-23 15:33:17.032,28551.25,28570,28545,28545,3560
2026-07-23 15:33:30.512,28545,28563.75,28538.75,28538.75,1428
2026-07-23 15:33:33.188,28538.75,28557.5,28532.5,28532.5,359
2026-07-23 15:42:10.560,28532.5,28570.25,28526.25,28526.25,21460
2026-07-23 15:42:15.036,28526.25,28545,28520,28520,483
2026-07-23 15:42:33.744,28520,28538.75,28513.75,28513.75,1287
2026-07-23 15:43:11.236,28513.75,28532.5,28507.5,28507.5,1758
2026-07-23 15:45:30.656,28507.5,28526.25,28501.25,28501.25,5979
2026-07-23 15:46:09.868,28501.25,28520,28495,28495,2104
2026-07-23 15:47:05.324,28495,28513.75,28488.75,28488.75,3196
2026-07-23 15:50:01.016,28488.75,28532.5,28485.75,28532.5,10212
2026-07-23 15:50:02.748,28532.5,28540.75,28513.75,28538.75,1038
2026-07-23 15:50:05.504,28538.75,28545,28520,28545,743
2026-07-23 15:55:00.156,28545,28551.25,28505,28551.25,24304
2026-07-23 15:55:01.156,28551.25,28561.5,28532.5,28557.5,759
2026-07-23 15:55:07.300,28557.5,28563.75,28538.75,28563.75,1091
2026-07-23 15:55:23.764,28563.75,28570,28545,28570,1631
2026-07-23 15:55:37.480,28570,28576.25,28551.25,28576.25,986
2026-07-23 15:56:17.008,28576.25,28582.5,28557.5,28582.5,2414
2026-07-23 15:57:01.628,28582.5,28588.75,28563.75,28588.75,2282
2026-07-23 15:57:22.916,28588.75,28595,28570,28595,1313
2026-07-23 15:57:48.024,28595,28601.25,28576.25,28601.25,1365
2026-07-23 15:58:00.148,28601.25,28607.5,28582.5,28607.5,1094
2026-07-23 15:58:02.148,28607.5,28613.75,28588.75,28613.75,442
2026-07-23 15:58:07.028,28613.75,28620,28595,28620,531
2026-07-23 15:58:20.896,28620,28626.25,28601.25,28626.25,1288
2026-07-23 15:59:08.000,28626.25,28632.5,28607.5,28632.5,5193
2026-07-23 16:00:09.100,28632.5,28638.75,28606.25,28638.75,10422
2026-07-23 16:00:15.836,28638.75,28645,28620,28645,1158
2026-07-23 16:00:23.860,28645,28651.25,28626.25,28651.25,903
2026-07-23 16:00:35.680,28651.25,28657.5,28632.5,28657.5,1488
2026-07-23 16:00:37.944,28657.5,28663.75,28638.75,28663.75,450
2026-07-23 16:00:51.404,28663.75,28670,28645,28670,1839
2026-07-23 16:00:53.152,28670,28676.25,28651.25,28676.25,344
2026-07-23 16:01:15.176,28676.25,28682.5,28657.5,28682.5,2780
2026-07-23 16:01:20.580,28682.5,28688.75,28663.75,28688.75,586
2026-07-23 16:02:08.944,28688.75,28695,28652.25,28695,5091
2026-07-23 16:03:09.272,28695,28701.25,28664.75,28701.25,4425
2026-07-23 16:03:12.832,28701.25,28707.5,28682.5,28707.5,374
2026-07-23 16:03:13.832,28707.5,28714.75,28688.75,28713.75,264
2026-07-23 16:03:21.652,28713.75,28720,28695,28720,1252
2026-07-23 16:07:00.220,28720,28726.25,28699.75,28726.25,11643
2026-07-23 16:11:27.424,28726.25,28732.5,28700.5,28732.5,9114
2026-07-23 16:12:07.116,28732.5,28738.75,28713.75,28738.75,1313
2026-07-23 16:12:20.332,28738.75,28745,28720,28745,1167
2026-07-23 16:16:32.464,28745,28751.25,28718,28751.25,9010
2026-07-23 16:20:06.264,28751.25,28757.5,28732.5,28757.5,5367
2026-07-23 16:20:19.588,28757.5,28763.75,28738.75,28763.75,540
2026-07-23 16:22:47.396,28763.75,28770,28745,28770,3740
2026-07-23 16:25:23.976,28770,28776.25,28751.25,28776.25,2882
2026-07-23 16:43:33.536,28776.25,28782,28732.5,28732.5,17822
2026-07-23 16:48:14.548,28732.5,28751.25,28726.25,28726.25,3364
2026-07-23 16:59:59.964,28726.25,28747,28725.25,28740.75,4866
2026-07-23 18:01:17.128,28708,28709.5,28683,28683,2107
2026-07-23 18:01:22.160,28683,28701.75,28676.75,28676.75,280
2026-07-23 18:01:27.720,28676.75,28695.5,28670.5,28670.5,308
2026-07-23 18:01:32.896,28670.5,28689.25,28664.25,28664.25,179
2026-07-23 18:01:49.284,28664.25,28683,28658,28658,465
2026-07-23 18:05:24.048,28658,28682.75,28651.75,28651.75,3447
2026-07-23 18:10:45.236,28651.75,28672.5,28645.5,28645.5,3283
2026-07-23 18:11:15.440,28645.5,28664.25,28639.25,28639.25,566
2026-07-23 18:14:09.764,28639.25,28658,28633,28633,2152
2026-07-23 18:19:29.016,28633,28651.75,28626.75,28626.75,2812
2026-07-23 18:24:06.652,28626.75,28670.5,28622,28670.5,4540
2026-07-23 18:24:26.980,28670.5,28676.75,28651.75,28676.75,279
2026-07-23 18:30:39.460,28676.75,28683,28652.5,28683,4734
2026-07-23 18:31:21.976,28683,28689.25,28664.25,28689.25,1136
2026-07-23 18:46:03.312,28689.25,28695.5,28666.25,28695.5,7593
2026-07-23 18:46:06.472,28695.5,28701.75,28676.75,28701.75,407
2026-07-23 18:54:49.072,28701.75,28708,28683,28708,4672
2026-07-23 18:55:08.772,28708,28714.25,28689.25,28714.25,464
2026-07-23 18:55:21.356,28714.25,28720.5,28695.5,28720.5,464
2026-07-23 18:58:43.148,28720.5,28726.75,28701.75,28726.75,2031
2026-07-23 19:00:34.832,28726.75,28733,28708,28733,1441
2026-07-23 19:12:26.308,28733,28734.75,28689.25,28689.25,9699
2026-07-23 19:31:43.404,28689.25,28708.5,28683,28683,9462
2026-07-23 19:39:41.444,28683,28701.75,28676.75,28676.75,4105
2026-07-23 19:40:14.204,28676.75,28695.5,28670.5,28670.5,671
2026-07-23 19:40:19.384,28670.5,28689.25,28664.25,28664.25,415
2026-07-23 19:45:40.348,28664.25,28708,28658.75,28708,7049
2026-07-23 19:53:52.424,28708,28710.75,28664.25,28664.25,7905
2026-07-23 19:54:50.164,28664.25,28683,28658,28658,983
2026-07-23 20:01:12.708,28658,28701.75,28655.5,28701.75,7317
2026-07-23 20:01:15.540,28701.75,28708,28683,28708,326
2026-07-23 20:01:16.548,28708,28715.75,28689.25,28714.25,258
2026-07-23 20:01:30.008,28714.25,28720.5,28695.5,28720.5,943
2026-07-23 20:04:12.600,28720.5,28725,28676.75,28676.75,6632
2026-07-23 20:04:24.312,28676.75,28695.5,28670.5,28670.5,387
2026-07-23 20:04:44.872,28670.5,28689.25,28664.25,28664.25,879
2026-07-23 20:04:55.156,28664.25,28683,28658,28658,549
2026-07-23 20:05:09.528,28658,28676.75,28651.75,28651.75,985
2026-07-23 20:05:22.712,28651.75,28670.5,28645.5,28645.5,908
2026-07-23 20:06:08.048,28645.5,28664.25,28639.25,28639.25,1841
2026-07-23 20:08:15.924,28639.25,28671.75,28633,28633,5073
2026-07-23 20:10:41.596,28633,28651.75,28626.75,28626.75,4026
2026-07-23 20:11:17.096,28626.75,28645.5,28620.5,28620.5,1161
2026-07-23 20:21:22.552,28620.5,28664.25,28615.5,28664.25,16226
2026-07-23 20:23:35.148,28664.25,28670.5,28643.75,28670.5,3386
2026-07-23 20:23:36.196,28670.5,28679,28651.75,28676.75,392
2026-07-23 20:23:39.128,28676.75,28683,28658,28683,295
2026-07-23 20:29:02.344,28683,28683.75,28639.25,28639.25,7244
2026-07-23 20:30:22.940,28639.25,28658,28633,28633,1470
2026-07-23 20:31:06.516,28633,28651.75,28626.75,28626.75,706
2026-07-23 20:35:36.284,28626.75,28645.5,28620.5,28620.5,4199
2026-07-23 20:39:27.828,28620.5,28664.25,28620.5,28664.25,4370
2026-07-23 20:42:42.196,28664.25,28670.5,28643,28670.5,3944
2026-07-23 20:48:02.132,28670.5,28676.75,28650,28676.75,6893
2026-07-23 20:55:12.568,28676.75,28680,28633,28633,7262
2026-07-23 20:55:14.020,28633,28651.75,28626.75,28626.75,242
2026-07-23 20:58:03.856,28626.75,28670.5,28626.5,28670.5,3848
2026-07-23 21:00:00.584,28670.5,28676.75,28651.75,28676.75,1849
2026-07-23 21:01:09.884,28676.75,28683,28658,28683,2374
2026-07-23 21:02:04.948,28683,28689.25,28664.25,28689.25,1635
2026-07-23 21:05:35.484,28689.25,28695.5,28656,28695.5,5721
2026-07-23 21:08:51.696,28695.5,28701.75,28676.75,28701.75,3607
2026-07-23 21:14:52.140,28701.75,28701.75,28658,28658,7167
2026-07-23 21:18:46.404,28658,28683.75,28651.75,28651.75,5086
2026-07-23 21:23:30.964,28651.75,28672.75,28645.5,28645.5,5096
2026-07-23 21:26:40.168,28645.5,28689.25,28641,28689.25,4571
2026-07-23 21:40:39.128,28689.25,28693.25,28645.5,28645.5,16153
2026-07-23 21:50:01.824,28645.5,28684.5,28639.25,28639.25,8026
2026-07-23 21:52:15.676,28639.25,28658,28633,28633,2474
2026-07-23 21:56:50.608,28633,28652,28626.75,28626.75,4337
2026-07-23 21:58:00.516,28626.75,28645.5,28620.5,28620.5,1280
2026-07-23 21:58:01.516,28620.5,28639.25,28611.25,28614.25,575
2026-07-23 22:01:12.332,28614.25,28633,28608,28608,3784
2026-07-23 22:05:00.244,28608,28626.75,28601.75,28601.75,3600
2026-07-23 22:07:40.136,28601.75,28620.5,28595.5,28595.5,2996
2026-07-23 22:22:29.336,28595.5,28632,28589.25,28589.25,14979
2026-07-23 22:30:10.068,28589.25,28623.75,28583,28583,7907
2026-07-23 22:33:30.480,28583,28601.75,28576.75,28576.75,3786
2026-07-23 22:33:55.140,28576.75,28595.5,28570.5,28570.5,637
2026-07-23 22:35:34.312,28570.5,28589.25,28564.25,28564.25,1380
2026-07-23 22:36:16.572,28564.25,28583,28558,28558,1417
2026-07-23 22:41:12.064,28558,28576.75,28551.75,28551.75,4807
2026-07-23 22:45:02.248,28551.75,28570.5,28545.5,28545.5,2989
2026-07-23 22:46:56.424,28545.5,28564.25,28539.25,28539.25,2042
2026-07-23 22:48:48.836,28539.25,28558,28533,28533,2439
2026-07-23 22:58:12.072,28533,28551.75,28526.75,28526.75,7246
2026-07-23 22:58:55.996,28526.75,28545.5,28520.5,28520.5,1233
2026-07-23 23:34:04.332,28520.5,28561.5,28514.25,28514.25,32373
2026-07-23 23:43:15.864,28514.25,28537.5,28508,28508,8923
2026-07-23 23:44:18.976,28508,28526.75,28501.75,28501.75,1294
2026-07-23 23:45:27.820,28501.75,28520.5,28495.5,28495.5,1628
2026-07-23 23:55:30.956,28495.5,28520,28489.25,28489.25,8016
2026-07-23 23:57:38.384,28489.25,28508,28483,28483,2093
2026-07-24 00:00:37.216,28483,28501.75,28476.75,28476.75,2054
2026-07-24 00:02:30.184,28476.75,28495.5,28470.5,28470.5,1753
2026-07-24 00:08:03.712,28470.5,28514.25,28466.25,28514.25,6270
2026-07-24 00:22:53.200,28514.25,28520.5,28481.75,28520.5,10374
2026-07-24 00:23:33.708,28520.5,28526.75,28501.75,28526.75,634
2026-07-24 00:24:10.368,28526.75,28533,28508,28533,604
2026-07-24 00:27:13.992,28533,28539.25,28514.25,28539.25,2403
2026-07-24 00:27:15.332,28539.25,28546.25,28520.5,28545.5,379
2026-07-24 00:27:23.712,28545.5,28551.75,28526.75,28551.75,486
2026-07-24 00:32:18.360,28551.75,28558,28533,28558,4073
2026-07-24 00:41:26.712,28558,28558,28514.25,28514.25,6113
2026-07-24 00:57:31.408,28514.25,28558,28511.75,28558,11118
2026-07-24 00:57:44.300,28558,28564.25,28539.25,28564.25,556
2026-07-24 00:57:57.272,28564.25,28570.5,28545.5,28570.5,573
2026-07-24 01:06:54.472,28570.5,28576.75,28547.75,28576.75,6921
2026-07-24 01:07:13.528,28576.75,28583,28558,28583,552
2026-07-24 01:07:15.088,28583,28589.25,28564.25,28589.25,298
2026-07-24 01:08:56.748,28589.25,28595.5,28570.5,28595.5,2076
2026-07-24 01:26:08.008,28595.5,28601.75,28570.25,28601.75,12704
2026-07-24 01:54:41.960,28601.75,28607.25,28558,28558,19819
2026-07-24 01:55:01.808,28558,28576.75,28551.75,28551.75,523
2026-07-24 01:55:05.928,28551.75,28570.5,28545.5,28545.5,328
2026-07-24 02:00:21.280,28545.5,28564.25,28539.25,28539.25,3344
2026-07-24 02:03:11.804,28539.25,28558,28533,28533,2117
2026-07-24 02:04:07.248,28533,28551.75,28526.75,28526.75,659
2026-07-24 02:05:02.108,28526.75,28545.5,28520.5,28520.5,699
2026-07-24 02:05:24.036,28520.5,28539.25,28514.25,28514.25,438
2026-07-24 02:12:30.024,28514.25,28533,28508,28508,4888
2026-07-24 02:20:05.280,28508,28551.75,28502.75,28551.75,6258
2026-07-24 02:20:30.640,28551.75,28558,28533,28558,831
2026-07-24 02:21:27.692,28558,28564.25,28539.25,28564.25,868
2026-07-24 02:25:40.364,28564.25,28570.5,28545.5,28570.5,3109
2026-07-24 02:29:04.060,28570.5,28576.25,28526.75,28526.75,3869
2026-07-24 02:43:05.084,28526.75,28561,28520.5,28520.5,10149
2026-07-24 02:44:14.888,28520.5,28539.25,28514.25,28514.25,685
2026-07-24 02:44:49.632,28514.25,28533,28508,28508,402
2026-07-24 02:45:10.600,28508,28526.75,28501.75,28501.75,564
2026-07-24 02:45:29.792,28501.75,28520.5,28495.5,28495.5,493
2026-07-24 02:49:42.464,28495.5,28514.25,28489.25,28489.25,3239
2026-07-24 02:49:50.176,28489.25,28508,28483,28483,288
2026-07-24 02:58:10.020,28483,28526.75,28481.5,28526.75,5779
2026-07-24 02:58:21.616,28526.75,28533,28508,28533,241
2026-07-24 02:59:03.104,28533,28539.25,28514.25,28539.25,586
2026-07-24 02:59:05.032,28539.25,28545.5,28520.5,28545.5,197
2026-07-24 03:00:02.628,28545.5,28551.75,28526.75,28551.75,1324
2026-07-24 03:00:45.176,28551.75,28558,28533,28558,1139
2026-07-24 03:01:36.608,28558,28564.25,28539.25,28564.25,1218
2026-07-24 03:02:17.724,28564.25,28570.5,28545.5,28570.5,1033
2026-07-24 03:02:47.672,28570.5,28576.75,28551.75,28576.75,762
2026-07-24 03:03:34.808,28576.75,28583,28558,28583,931
2026-07-24 03:09:25.092,28583,28589.25,28557,28589.25,5020
2026-07-24 03:09:29.932,28589.25,28595.5,28570.5,28595.5,254
2026-07-24 03:10:01.604,28595.5,28601.75,28576.75,28601.75,720
2026-07-24 03:10:51.860,28601.75,28608,28583,28608,1168
2026-07-24 03:11:22.496,28608,28614.25,28589.25,28614.25,766
2026-07-24 03:11:35.216,28614.25,28620.5,28595.5,28620.5,440
2026-07-24 03:12:23.028,28620.5,28626.75,28601.75,28626.75,1204
2026-07-24 03:14:17.288,28626.75,28633,28608,28633,2453
2026-07-24 03:16:18.180,28633,28639.25,28614.25,28639.25,2380
2026-07-24 03:17:14.764,28639.25,28645.5,28620.5,28645.5,1171
2026-07-24 03:17:54.728,28645.5,28651.75,28626.75,28651.75,1083
2026-07-24 03:25:55.964,28651.75,28658,28632,28658,5982
2026-07-24 03:41:27.636,28658,28663.5,28614.25,28614.25,9957
2026-07-24 04:01:07.816,28614.25,28633.75,28608,28608,11322
2026-07-24 04:02:03.236,28608,28626.75,28601.75,28601.75,1203
2026-07-24 04:02:10.772,28601.75,28620.5,28595.5,28595.5,366
2026-07-24 04:05:13.932,28595.5,28614.25,28589.25,28589.25,3081
2026-07-24 04:05:18.180,28589.25,28608,28583,28583,215
2026-07-24 04:05:37.208,28583,28601.75,28576.75,28576.75,718
2026-07-24 04:11:05.484,28576.75,28597.75,28570.5,28570.5,4917
2026-07-24 04:12:12.748,28570.5,28589.25,28564.25,28564.25,1061
2026-07-24 04:12:37.696,28564.25,28583,28558,28558,727
2026-07-24 04:17:29.180,28558,28601.75,28557,28601.75,5017
2026-07-24 04:26:33.744,28601.75,28608,28574.75,28608,7922
2026-07-24 04:29:10.900,28608,28614.25,28589.25,28614.25,2177
2026-07-24 04:29:46.176,28614.25,28620.5,28595.5,28620.5,928
2026-07-24 04:30:42.816,28620.5,28626.75,28601.75,28626.75,1236
2026-07-24 04:31:49.660,28626.75,28633,28608,28633,1450
2026-07-24 04:33:19.504,28633,28639.25,28614.25,28639.25,1466
2026-07-24 04:37:15.524,28639.25,28645.5,28620.5,28645.5,3018
2026-07-24 05:08:30.576,28645.5,28651.75,28608.75,28651.75,20130
2026-07-24 05:09:14.376,28651.75,28658,28633,28658,613
2026-07-24 05:09:17.088,28658,28664.25,28639.25,28664.25,252
2026-07-24 05:09:34.640,28664.25,28670.5,28645.5,28670.5,869
2026-07-24 05:09:48.136,28670.5,28676.75,28651.75,28676.75,418
2026-07-24 05:15:57.348,28676.75,28681.5,28633,28633,5334
2026-07-24 05:26:30.044,28633,28676.75,28632,28676.75,7294
2026-07-24 05:32:13.800,28676.75,28683,28658,28683,4437
2026-07-24 05:33:30.112,28683,28689.25,28664.25,28689.25,894
2026-07-24 05:40:21.616,28689.25,28695.5,28670.5,28695.5,3909
2026-07-24 05:45:53.736,28695.5,28701.75,28676.75,28701.75,3363
2026-07-24 06:16:41.052,28701.75,28705.75,28658,28658,17768
2026-07-24 06:37:33.096,28658,28685.75,28651.75,28651.75,11986
2026-07-24 06:38:11.140,28651.75,28670.5,28645.5,28645.5,681
2026-07-24 06:40:25.756,28645.5,28664.25,28639.25,28639.25,1328
2026-07-24 06:52:05.416,28639.25,28658,28633,28633,6399
2026-07-24 07:32:00.604,28633,28667,28626.75,28626.75,26065
2026-07-24 07:35:28.092,28626.75,28645.5,28620.5,28620.5,2336
2026-07-24 07:46:43.536,28620.5,28647.5,28614.25,28614.25,9417
2026-07-24 07:48:01.816,28614.25,28633,28608,28608,1297
2026-07-24 07:56:59.020,28608,28629,28601.75,28601.75,6749
2026-07-24 07:58:42.476,28601.75,28645.5,28601,28645.5,3107
2026-07-24 07:58:52.640,28645.5,28651.75,28626.75,28651.75,1190
2026-07-24 07:58:53.684,28651.75,28658.5,28633,28658,278
2026-07-24 07:58:57.824,28658,28664.25,28639.25,28664.25,533
2026-07-24 07:58:59.136,28664.25,28670.5,28645.5,28670.5,295
2026-07-24 07:59:00.380,28670.5,28677.25,28651.75,28676.75,286
2026-07-24 07:59:07.308,28676.75,28683,28658,28683,1036
2026-07-24 07:59:08.496,28683,28692.25,28664.25,28689.25,266
2026-07-24 07:59:09.572,28689.25,28695.5,28670.5,28695.5,153
2026-07-24 08:01:27.572,28695.5,28699,28651.75,28651.75,7933
2026-07-24 08:01:44.552,28651.75,28670.5,28645.5,28645.5,654
2026-07-24 08:02:34.316,28645.5,28664.25,28639.25,28639.25,1636
2026-07-24 08:02:40.680,28639.25,28658,28633,28633,400
2026-07-24 08:05:46.352,28633,28654,28626.75,28626.75,4849
2026-07-24 08:09:22.884,28626.75,28670.5,28625,28670.5,5433
2026-07-24 08:09:50.652,28670.5,28676.75,28651.75,28676.75,1130
2026-07-24 08:14:24.848,28676.75,28683,28658,28683,4251
2026-07-24 08:14:28.376,28683,28689.25,28664.25,28689.25,210
2026-07-24 08:34:46.836,28689.25,28695.25,28645.5,28645.5,25488
2026-07-24 08:41:21.952,28645.5,28664.5,28639.25,28639.25,8494
2026-07-24 08:41:37.652,28639.25,28658,28633,28633,715
2026-07-24 08:44:17.384,28633,28651.75,28626.75,28626.75,2468
2026-07-24 08:47:11.252,28626.75,28645.5,28620.5,28620.5,3161
2026-07-24 08:52:22.924,28620.5,28639.25,28614.25,28614.25,5058
2026-07-24 08:53:14.128,28614.25,28633,28608,28608,1265
2026-07-24 08:56:16.904,28608,28626.75,28601.75,28601.75,3250
2026-07-24 08:56:40.700,28601.75,28620.5,28595.5,28595.5,1168
2026-07-24 08:57:17.572,28595.5,28614.25,28589.25,28589.25,1104
2026-07-24 09:01:37.680,28589.25,28608,28583,28583,7280
2026-07-24 09:07:25.232,28583,28602.5,28576.75,28576.75,9144
2026-07-24 09:27:40.072,28576.75,28616,28570.5,28570.5,31968
2026-07-24 09:27:45.044,28570.5,28589.25,28564.25,28564.25,745
2026-07-24 09:27:50.236,28564.25,28583,28558,28558,500
2026-07-24 09:28:00.160,28558,28576.75,28551.75,28551.75,1088
2026-07-24 09:29:25.184,28551.75,28570.5,28545.5,28545.5,4368
2026-07-24 09:29:59.204,28545.5,28564.25,28539.25,28539.25,2128
2026-07-24 09:30:00.212,28539.25,28558,28529.5,28533,663
2026-07-24 09:30:02.248,28533,28551.75,28526.75,28526.75,1150
2026-07-24 09:30:08.324,28526.75,28545.5,28520.5,28520.5,2875
2026-07-24 09:30:11.360,28520.5,28539.25,28514.25,28514.25,1126
2026-07-24 09:30:18.492,28514.25,28533,28508,28508,2175
2026-07-24 09:31:22.996,28508,28543.75,28501.75,28501.75,15034
2026-07-24 09:32:01.980,28501.75,28545.5,28499.25,28545.5,10836
2026-07-24 09:32:35.500,28545.5,28552,28517.5,28551.75,8702
2026-07-24 09:32:47.672,28551.75,28558,28533,28558,2711
2026-07-24 09:33:00.744,28558,28564.25,28539.25,28564.25,2829
2026-07-24 09:33:01.916,28564.25,28570.5,28545.5,28570.5,495
2026-07-24 09:33:02.928,28570.5,28577.25,28551.75,28576.75,705
2026-07-24 09:33:07.436,28576.75,28583,28558,28583,1724
2026-07-24 09:34:40.532,28583,28589.25,28550.75,28589.25,19576
2026-07-24 09:34:48.624,28589.25,28595.5,28570.5,28595.5,1731
2026-07-24 09:34:56.184,28595.5,28601.75,28576.75,28601.75,2034
2026-07-24 09:35:00.292,28601.75,28608,28583,28608,1303
2026-07-24 09:35:01.428,28608,28614.25,28589.25,28614.25,862
2026-07-24 09:35:07.316,28614.25,28621.5,28595.5,28620.5,2931
2026-07-24 09:35:52.116,28620.5,28622.25,28576.75,28576.75,11827
2026-07-24 09:35:54.144,28576.75,28595.5,28570.5,28570.5,1029
2026-07-24 09:36:01.624,28570.5,28589.25,28564.25,28564.25,2560
2026-07-24 09:36:02.836,28564.25,28583,28558,28558,550
2026-07-24 09:36:06.536,28558,28576.75,28551.75,28551.75,1309
2026-07-24 09:36:21.832,28551.75,28570.5,28545.5,28545.5,4938
2026-07-24 09:36:23.592,28545.5,28564.25,28539.25,28539.25,566
2026-07-24 09:36:25.420,28539.25,28558,28533,28533,750
2026-07-24 09:36:28.428,28533,28551.75,28526.75,28526.75,1035
2026-07-24 09:37:23.280,28526.75,28545.5,28520.5,28520.5,12521
2026-07-24 09:38:21.756,28520.5,28564.25,28518.25,28564.25,13129
2026-07-24 09:38:45.060,28564.25,28564.5,28520.5,28520.5,5183
2026-07-24 09:39:00.584,28520.5,28539.25,28514.25,28514.25,3759
2026-07-24 09:39:03.780,28514.25,28533,28508,28508,1366
2026-07-24 09:39:04.876,28508,28526.75,28501.75,28501.75,590
2026-07-24 09:40:33.452,28501.75,28531.75,28495.5,28495.5,19596
2026-07-24 09:40:51.980,28495.5,28515,28489.25,28489.25,4733
2026-07-24 09:41:34.080,28489.25,28508,28483,28483,9605
2026-07-24 09:41:51.368,28483,28501.75,28476.75,28476.75,4259
2026-07-24 09:42:18.260,28476.75,28495.5,28470.5,28470.5,6074
2026-07-24 09:42:19.968,28470.5,28489.25,28464.25,28464.25,939
2026-07-24 09:42:23.184,28464.25,28483,28458,28458,1058
2026-07-24 09:46:07.060,28458,28498.25,28451.75,28451.75,26787
2026-07-24 09:46:52.204,28451.75,28470.5,28445.5,28445.5,8370
2026-07-24 09:49:22.172,28445.5,28489.25,28445.5,28489.25,21251
2026-07-24 09:49:25.388,28489.25,28495.5,28470.5,28495.5,1428
2026-07-24 09:49:27.448,28495.5,28501.75,28476.75,28501.75,861
2026-07-24 09:49:33.064,28501.75,28508,28483,28508,1993
2026-07-24 09:50:18.780,28508,28510.25,28464.25,28464.25,10428
2026-07-24 09:50:21.640,28464.25,28483,28458,28458,870
2026-07-24 09:50:23.112,28458,28476.75,28451,28451.75,657
2026-07-24 09:50:24.112,28451.75,28470.5,28442.5,28445.5,874
2026-07-24 09:50:25.672,28445.5,28464.25,28439.25,28439.25,653
2026-07-24 09:50:28.844,28439.25,28458,28433,28433,1700
2026-07-24 09:50:29.848,28433,28451.75,28415.25,28420.5,2514
2026-07-24 09:50:31.096,28420.5,28439.25,28412.25,28414.25,995
2026-07-24 09:51:12.036,28414.25,28437.75,28408,28408,10460
2026-07-24 09:51:17.840,28408,28426.75,28401.75,28401.75,2001
2026-07-24 09:51:21.936,28401.75,28420.5,28395.5,28395.5,1476
2026-07-24 09:51:31.520,28395.5,28414.25,28389.25,28389.25,2572
2026-07-24 09:52:08.708,28389.25,28408,28383,28383,8578
2026-07-24 09:52:16.532,28383,28401.75,28376.75,28376.75,2230
2026-07-24 09:52:18.120,28376.75,28395.5,28370.5,28370.5,620
2026-07-24 09:52:20.172,28370.5,28389.25,28364.25,28364.25,855
2026-07-24 09:52:24.968,28364.25,28383,28358,28358,1531
2026-07-24 09:53:19.848,28358,28376.75,28351.75,28351.75,9952
2026-07-24 09:53:24.056,28351.75,28370.5,28345.5,28345.5,1246
2026-07-24 09:54:13.884,28345.5,28364.25,28339.25,28339.25,7878
2026-07-24 09:55:03.012,28339.25,28358,28333,28333,7810
2026-07-24 09:55:05.080,28333,28351.75,28326.75,28326.75,993
2026-07-24 09:55:17.848,28326.75,28345.5,28320.5,28320.5,3273
2026-07-24 09:55:20.952,28320.5,28339.25,28314.25,28314.25,913
2026-07-24 09:58:14.868,28314.25,28358,28313.25,28358,27593
2026-07-24 09:58:17.832,28358,28364.25,28339.25,28364.25,816
2026-07-24 09:59:57.772,28364.25,28368,28320.5,28320.5,11456
2026-07-24 10:00:10.564,28320.5,28339.25,28314.25,28314.25,3012
2026-07-24 10:00:32.288,28314.25,28358,28305.25,28358,6684
2026-07-24 10:00:33.952,28358,28364.25,28339.25,28364.25,605
2026-07-24 10:00:40.956,28364.25,28370.5,28345.5,28370.5,1603
2026-07-24 10:00:44.148,28370.5,28376.75,28351.75,28376.75,1264
2026-07-24 10:01:01.708,28376.75,28383,28358,28383,3961
2026-07-24 10:02:06.960,28383,28389.25,28357.25,28389.25,13724
2026-07-24 10:03:06.404,28389.25,28395,28345.5,28345.5,12703
2026-07-24 10:03:15.200,28345.5,28364.25,28339.25,28339.25,2170
2026-07-24 10:03:41.112,28339.25,28358,28333,28333,4854
2026-07-24 10:04:02.180,28333,28376.75,28333,28376.75,4323
2026-07-24 10:04:29.748,28376.75,28377.5,28333,28333,5656
2026-07-24 10:05:26.500,28333,28376.75,28328,28376.75,10706
2026-07-24 10:06:11.228,28376.75,28383,28358,28383,8100
2026-07-24 10:07:35.540,28383,28389.25,28346.75,28389.25,14365
2026-07-24 10:07:36.636,28389.25,28395.5,28370.5,28395.5,617
2026-07-24 10:08:04.372,28395.5,28401.75,28376.75,28401.75,5373
2026-07-24 10:08:19.624,28401.75,28408,28381.75,28408,3626
2026-07-24 10:08:25.800,28408,28414.25,28389.25,28414.25,1421
2026-07-24 10:08:40.032,28414.25,28420.5,28395.5,28420.5,3402
2026-07-24 10:09:25.628,28420.5,28426.75,28401.75,28426.75,9200
2026-07-24 10:09:34.552,28426.75,28433,28408,28433,2144
2026-07-24 10:09:42.796,28433,28439.25,28414.25,28439.25,1767
2026-07-24 10:12:55.552,28439.25,28439.75,28395.5,28395.5,33443
2026-07-24 10:13:04.972,28395.5,28414.25,28389.25,28389.25,2830
2026-07-24 10:14:07.040,28389.25,28433,28386,28433,9784
2026-07-24 10:14:08.316,28433,28439.25,28414.25,28439.25,502
2026-07-24 10:14:10.964,28439.25,28447.25,28420.5,28445.5,1821
2026-07-24 10:14:25.068,28445.5,28451.75,28426.75,28451.75,3282
2026-07-24 10:15:22.160,28451.75,28451.75,28408,28408,10120
2026-07-24 10:15:23.164,28408,28426.75,28400,28401.75,566
2026-07-24 10:15:35.784,28401.75,28420.5,28395.5,28395.5,2280
2026-07-24 10:15:46.276,28395.5,28414.25,28389.25,28389.25,1945
2026-07-24 10:15:49.380,28389.25,28408,28383,28383,884
2026-07-24 10:16:04.848,28383,28401.75,28376.75,28376.75,2987
2026-07-24 10:16:16.032,28376.75,28395.5,28370.5,28370.5,2367
2026-07-24 10:16:20.000,28370.5,28389.25,28364.25,28364.25,1043
2026-07-24 10:16:28.716,28364.25,28383,28358,28358,2111
2026-07-24 10:17:08.340,28358,28378.75,28351.75,28351.75,5981
2026-07-24 10:17:11.068,28351.75,28370.5,28345.5,28345.5,961
2026-07-24 10:17:23.172,28345.5,28364.25,28339.25,28339.25,2446
2026-07-24 10:17:26.084,28339.25,28358,28333,28333,809
2026-07-24 10:18:35.972,28333,28364,28326.75,28326.75,12859
2026-07-24 10:18:40.192,28326.75,28345.5,28320.5,28320.5,1318
2026-07-24 10:19:00.188,28320.5,28339.25,28314.25,28314.25,3114
2026-07-24 10:19:07.884,28314.25,28333,28308,28308,2595
2026-07-24 10:19:09.176,28308,28326.75,28300,28301.75,1646
2026-07-24 10:20:45.660,28301.75,28345.5,28299,28345.5,16793
2026-07-24 10:21:10.400,28345.5,28351.75,28326.75,28351.75,3900
2026-07-24 10:21:13.224,28351.75,28358,28333,28358,720
2026-07-24 10:21:14.612,28358,28364.25,28339.25,28364.25,458
2026-07-24 10:21:35.704,28364.25,28370.5,28345.5,28370.5,3559
2026-07-24 10:21:46.680,28370.5,28376.75,28351.75,28376.75,1609
2026-07-24 10:22:01.932,28376.75,28383,28358,28383,2374
2026-07-24 10:22:19.200,28383,28389.25,28364.25,28389.25,3301
2026-07-24 10:22:20.200,28389.25,28396.75,28370.5,28395.5,487
2026-07-24 10:23:19.412,28395.5,28401.75,28375.25,28401.75,7477
2026-07-24 10:23:20.680,28401.75,28410.25,28383,28408,869
2026-07-24 10:23:33.176,28408,28414.25,28389.25,28414.25,1959
2026-07-24 10:23:39.280,28414.25,28420.5,28395.5,28420.5,1054
2026-07-24 10:25:16.656,28420.5,28424,28376.75,28376.75,14472
2026-07-24 10:25:19.816,28376.75,28395.5,28370.5,28370.5,962
2026-07-24 10:27:46.904,28370.5,28406.5,28364.25,28364.25,21518
2026-07-24 10:29:31.952,28364.25,28408,28362.5,28408,12304
2026-07-24 10:30:22.888,28408,28408,28364.25,28364.25,8658
2026-07-24 10:30:33.276,28364.25,28383,28358,28358,2188
2026-07-24 10:30:39.328,28358,28376.75,28351.75,28351.75,1419
2026-07-24 10:30:45.324,28351.75,28370.5,28345.5,28345.5,1330
2026-07-24 10:30:47.944,28345.5,28364.25,28339.25,28339.25,807
2026-07-24 10:32:18.276,28339.25,28369.5,28333,28333,14030
2026-07-24 10:33:02.244,28333,28351.75,28326.75,28326.75,6136
2026-07-24 10:34:13.280,28326.75,28351,28320.5,28320.5,9063
2026-07-24 10:34:47.404,28320.5,28339.25,28314.25,28314.25,3786
2026-07-24 10:34:57.808,28314.25,28333,28308,28308,1403
2026-07-24 10:39:18.740,28308,28344.5,28301.75,28301.75,31544
2026-07-24 10:39:20.104,28301.75,28320.5,28295.5,28295.5,763
2026-07-24 10:39:24.768,28295.5,28314.25,28289.25,28289.25,2516
2026-07-24 10:39:25.776,28289.25,28308,28282.5,28283,728
2026-07-24 10:39:28.180,28283,28301.75,28276.75,28276.75,1188
2026-07-24 10:40:22.976,28276.75,28295.5,28270.5,28270.5,9410
2026-07-24 10:42:48.184,28270.5,28297,28264.25,28264.25,21236
2026-07-24 10:46:02.564,28264.25,28306.75,28258,28258,23145
2026-07-24 10:47:02.172,28258,28301.75,28254.25,28301.75,8946
2026-07-24 10:47:08.876,28301.75,28308,28283,28308,1465
2026-07-24 10:47:52.368,28308,28310,28264.25,28264.25,5797
2026-07-24 10:49:21.624,28264.25,28308,28261.75,28308,6976
2026-07-24 10:49:24.792,28308,28314.25,28289.25,28314.25,775
2026-07-24 10:49:36.360,28314.25,28320.5,28295.5,28320.5,1568
2026-07-24 10:50:02.156,28320.5,28326.75,28301.75,28326.75,3116
2026-07-24 10:50:09.568,28326.75,28333,28308,28333,1215
2026-07-24 10:50:10.736,28333,28339.5,28314.25,28339.25,439
2026-07-24 10:50:17.856,28339.25,28345.5,28320.5,28345.5,1306
2026-07-24 10:50:27.236,28345.5,28351.75,28326.75,28351.75,1545
2026-07-24 10:50:41.392,28351.75,28358,28333,28358,1999
2026-07-24 10:53:01.200,28358,28364,28314.25,28314.25,15301
2026-07-24 10:53:44.940,28314.25,28358,28311.25,28358,5190
2026-07-24 10:53:46.440,28358,28364.25,28339.25,28364.25,393
2026-07-24 10:55:15.044,28364.25,28370.5,28325.5,28370.5,9657
2026-07-24 10:55:28.268,28370.5,28376.75,28351.75,28376.75,1890
2026-07-24 10:56:47.520,28376.75,28383,28358,28383,8108
2026-07-24 10:57:00.956,28383,28389.25,28364.25,28389.25,1724
2026-07-24 10:57:01.972,28389.25,28402.75,28370.5,28401.75,1256
2026-07-24 10:57:06.780,28401.75,28408,28383,28408,1381
2026-07-24 10:57:22.040,28408,28414.25,28389.25,28414.25,2363
2026-07-24 10:57:41.608,28414.25,28420.5,28395.5,28420.5,2708
2026-07-24 10:58:47.932,28420.5,28426.75,28400.75,28426.75,7983
2026-07-24 10:58:54.732,28426.75,28433,28408,28433,1347
2026-07-24 10:58:59.144,28433,28439.25,28414.25,28439.25,883
2026-07-24 10:59:02.672,28439.25,28445.5,28420.5,28445.5,818
2026-07-24 10:59:05.008,28445.5,28451.75,28426.75,28451.75,757
2026-07-24 11:00:51.528,28451.75,28461.75,28431.5,28458,17324
2026-07-24 11:00:56.288,28458,28464.25,28439.25,28464.25,979
2026-07-24 11:01:01.136,28464.25,28470.5,28445.5,28470.5,1096
2026-07-24 11:01:02.168,28470.5,28477,28451.75,28476.75,648
2026-07-24 11:01:54.756,28476.75,28478.5,28433,28433,7518
2026-07-24 11:02:00.620,28433,28451.75,28426.75,28426.75,939
2026-07-24 11:02:06.120,28426.75,28445.5,28420.5,28420.5,1358
2026-07-24 11:03:54.036,28420.5,28439.25,28414.25,28414.25,11701
2026-07-24 11:04:51.676,28414.25,28433,28408,28408,5011
2026-07-24 11:06:15.576,28408,28426.75,28401.75,28401.75,7529
2026-07-24 11:06:34.564,28401.75,28420.5,28395.5,28395.5,2323
2026-07-24 11:06:57.016,28395.5,28414.25,28389.25,28389.25,2495
2026-07-24 11:07:00.488,28389.25,28408,28383,28383,1180
2026-07-24 11:07:04.728,28383,28401.75,28376.75,28376.75,1161
2026-07-24 11:08:16.076,28376.75,28420.5,28372.75,28420.5,9403
2026-07-24 11:09:39.264,28420.5,28424,28376.75,28376.75,8687
2026-07-24 11:09:40.628,28376.75,28395.5,28370.5,28370.5,461
2026-07-24 11:09:58.108,28370.5,28389.25,28364.25,28364.25,2321
2026-07-24 11:10:01.148,28364.25,28383,28358,28358,637
2026-07-24 11:10:52.332,28358,28401.75,28355,28401.75,6565
2026-07-24 11:10:53.508,28401.75,28408,28383,28408,600
2026-07-24 11:10:54.508,28408,28420,28389.25,28414.25,1154
2026-07-24 11:10:55.612,28414.25,28429,28395.5,28420.5,844
2026-07-24 11:10:56.612,28420.5,28431.75,28401.75,28426.75,691
2026-07-24 11:11:03.120,28426.75,28435.25,28408,28433,2142
2026-07-24 11:11:04.120,28433,28457.5,28414.25,28451.75,1077
2026-07-24 11:11:05.120,28451.75,28467.5,28433,28458,683
2026-07-24 11:11:06.480,28458,28464.25,28439.25,28464.25,581
2026-07-24 11:11:07.480,28464.25,28471.25,28445.5,28470.5,545
2026-07-24 11:11:18.544,28470.5,28476.75,28451.75,28476.75,4149
2026-07-24 11:11:21.972,28476.75,28488,28458,28483,1800
2026-07-24 11:11:32.440,28483,28486,28439.25,28439.25,3101
2026-07-24 11:11:41.668,28439.25,28458,28433,28433,2295
2026-07-24 11:11:47.588,28433,28451.75,28426.25,28426.75,1295
2026-07-24 11:11:49.800,28426.75,28445.5,28420.5,28420.5,457
2026-07-24 11:14:20.988,28420.5,28464.25,28415.5,28464.25,19247
2026-07-24 11:14:22.196,28464.25,28470.5,28445.5,28470.5,320
2026-07-24 11:14:30.660,28470.5,28476.75,28451.75,28476.75,1722
2026-07-24 11:14:31.968,28476.75,28484.25,28458,28483,394
2026-07-24 11:14:35.444,28483,28489.25,28464.25,28489.25,744
2026-07-24 11:14:39.352,28489.25,28495.5,28470.5,28495.5,1036
2026-07-24 11:14:45.888,28495.5,28501.75,28476.75,28501.75,1890
2026-07-24 11:14:51.684,28501.75,28508,28483,28508,1214
2026-07-24 11:15:07.192,28508,28514.25,28482.25,28514.25,4566
2026-07-24 11:15:08.200,28514.25,28528.5,28495.5,28520.5,1272
2026-07-24 11:15:29.956,28520.5,28546,28499.5,28526.75,5791
2026-07-24 11:15:33.092,28526.75,28533,28508,28533,772
2026-07-24 11:15:35.116,28533,28539.25,28514.25,28539.25,531
2026-07-24 11:15:47.732,28539.25,28545.5,28520.5,28545.5,2424
2026-07-24 11:15:49.100,28545.5,28551.75,28526.75,28551.75,550
2026-07-24 11:17:30.448,28551.75,28556.75,28508,28508,15662
2026-07-24 11:17:43.036,28508,28526.75,28501.75,28501.75,1849
2026-07-24 11:17:44.428,28501.75,28520.5,28495.5,28495.5,466
2026-07-24 11:17:56.696,28495.5,28514.25,28489.25,28489.25,1696
2026-07-24 11:18:26.292,28489.25,28510.25,28483,28483,4663
2026-07-24 11:18:37.656,28483,28501.75,28476.75,28476.75,1690
2026-07-24 11:19:02.992,28476.75,28495.5,28470.5,28470.5,3584
2026-07-24 11:19:36.520,28470.5,28496,28464.25,28464.25,4724
2026-07-24 11:19:40.164,28464.25,28483,28458,28458,641
2026-07-24 11:20:28.420,28458,28501.75,28456.5,28501.75,7291
2026-07-24 11:20:29.576,28501.75,28508,28483,28508,338
2026-07-24 11:21:29.344,28508,28514.25,28489.25,28514.25,7431
2026-07-24 11:23:25.216,28514.25,28520.5,28493.5,28520.5,11771
2026-07-24 11:25:52.892,28520.5,28526.75,28496.5,28526.75,14284
2026-07-24 11:26:01.080,28526.75,28533,28508,28533,789
2026-07-24 11:27:56.964,28533,28539.25,28509.5,28539.25,9912
2026-07-24 11:28:04.888,28539.25,28545.5,28520.5,28545.5,1083
2026-07-24 11:28:22.348,28545.5,28551.75,28526.75,28551.75,2180
2026-07-24 11:29:06.596,28551.75,28551.75,28508,28508,4868
2026-07-24 11:29:33.116,28508,28526.75,28501.75,28501.75,3115
2026-07-24 11:29:46.596,28501.75,28520.5,28495.5,28495.5,1640
2026-07-24 11:30:01.500,28495.5,28514.25,28489.25,28489.25,2235
2026-07-24 11:31:34.068,28489.25,28533,28483.75,28533,10604
2026-07-24 11:32:12.948,28533,28539.25,28514.25,28539.25,3442
2026-07-24 11:33:21.136,28539.25,28542.5,28495.5,28495.5,8284
2026-07-24 11:34:46.180,28495.5,28514.25,28489.25,28489.25,6505
2026-07-24 11:37:59.736,28489.25,28533,28485.75,28533,16956
2026-07-24 11:38:00.948,28533,28539.25,28514.25,28539.25,416
2026-07-24 11:38:42.736,28539.25,28545.5,28520.5,28545.5,3702
2026-07-24 11:38:46.772,28545.5,28551.75,28526.75,28551.75,604
2026-07-24 11:39:02.156,28551.75,28558,28533,28558,1728
2026-07-24 11:39:20.376,28558,28564.25,28539.25,28564.25,2309
2026-07-24 11:40:17.876,28564.25,28570.5,28545.5,28570.5,4517
2026-07-24 11:40:23.932,28570.5,28576.75,28551.75,28576.75,785
2026-07-24 11:41:21.204,28576.75,28577,28533,28533,6165
2026-07-24 11:41:22.432,28533,28551.75,28526.75,28526.75,765
2026-07-24 11:42:23.692,28526.75,28545.5,28520.5,28520.5,6645
2026-07-24 11:43:22.352,28520.5,28539.25,28514.25,28514.25,4512
2026-07-24 11:43:42.076,28514.25,28533,28508,28508,1595
2026-07-24 11:43:44.228,28508,28526.75,28501.75,28501.75,526
2026-07-24 11:43:50.124,28501.75,28520.5,28495.5,28495.5,1222
2026-07-24 11:50:48.704,28495.5,28539.25,28489.5,28539.25,32720
2026-07-24 11:51:13.716,28539.25,28545.5,28520.5,28545.5,2427
2026-07-24 11:55:21.792,28545.5,28551.75,28516,28551.75,15815
2026-07-24 11:55:34.028,28551.75,28558,28533,28558,901
2026-07-24 11:56:06.392,28558,28564.25,28539.25,28564.25,2014
2026-07-24 11:56:48.716,28564.25,28570.5,28545.5,28570.5,2746
2026-07-24 11:57:48.684,28570.5,28576.75,28551.75,28576.75,3283
2026-07-24 11:59:10.704,28576.75,28583,28555.75,28583,5553
2026-07-24 12:04:33.588,28583,28589.25,28548.75,28589.25,17764
2026-07-24 12:05:45.268,28589.25,28595.5,28570.5,28595.5,3900
2026-07-24 12:07:40.052,28595.5,28601.75,28576.75,28601.75,7813
2026-07-24 12:07:49.200,28601.75,28608,28583,28608,1147
2026-07-24 12:07:55.724,28608,28614.25,28589.25,28614.25,906
2026-07-24 12:10:16.864,28614.25,28620.5,28595.5,28620.5,9581
2026-07-24 12:10:30.352,28620.5,28626.75,28601.75,28626.75,1983
2026-07-24 12:13:15.720,28626.75,28631.25,28583,28583,14320
2026-07-24 12:13:59.204,28583,28601.75,28576.75,28576.75,3925
2026-07-24 12:15:03.180,28576.75,28595.5,28570.5,28570.5,4203
2026-07-24 12:15:12.452,28570.5,28589.25,28564.25,28564.25,800
2026-07-24 12:17:04.348,28564.25,28583,28558,28558,7155
2026-07-24 12:30:10.080,28558,28594,28551.75,28551.75,39330
2026-07-24 12:30:16.096,28551.75,28570.5,28545.5,28545.5,1130
2026-07-24 12:30:28.880,28545.5,28564.25,28539.25,28539.25,1519
2026-07-24 12:30:47.988,28539.25,28558,28533,28533,1898
2026-07-24 12:38:37.108,28533,28555.75,28526.75,28526.75,26313
2026-07-24 12:38:53.584,28526.75,28545.5,28520.5,28520.5,1095
2026-07-24 12:40:09.088,28520.5,28539.25,28514.25,28514.25,4140
2026-07-24 12:41:03.128,28514.25,28533,28508,28508,3633
2026-07-24 12:43:07.544,28508,28526.75,28501.75,28501.75,6055
2026-07-24 12:43:11.800,28501.75,28520.5,28495.5,28495.5,810
2026-07-24 12:47:00.572,28495.5,28514.25,28489.25,28489.25,11352
2026-07-24 12:47:38.580,28489.25,28508,28483,28483,2196
2026-07-24 12:48:13.884,28483,28501.75,28476.75,28476.75,2143
2026-07-24 12:48:29.596,28476.75,28495.5,28470.5,28470.5,1205
2026-07-24 12:53:32.836,28470.5,28489.25,28464.25,28464.25,13045
2026-07-24 12:58:17.764,28464.25,28508,28460.5,28508,15026
2026-07-24 13:06:10.536,28508,28511,28464.25,28464.25,24283
2026-07-24 13:06:11.540,28464.25,28483,28442.5,28458,2370
2026-07-24 13:06:14.820,28458,28476.75,28451.75,28451.75,1595
2026-07-24 13:06:19.740,28451.75,28470.5,28445.5,28445.5,1063
2026-07-24 13:08:12.624,28445.5,28476.5,28439.25,28439.25,10262
2026-07-24 13:10:02.168,28439.25,28458,28433,28433,6896
2026-07-24 13:18:02.628,28433,28476.75,28427,28476.75,27251
2026-07-24 13:18:40.676,28476.75,28483,28458,28483,2424
2026-07-24 13:19:45.572,28483,28489.25,28464.25,28489.25,4396
2026-07-24 13:26:01.824,28489.25,28495.5,28461.75,28495.5,18654
2026-07-24 13:26:57.768,28495.5,28501.75,28476.75,28501.75,2418
2026-07-24 13:27:02.192,28501.75,28508,28483,28508,975
2026-07-24 13:27:22.120,28508,28514.25,28489.25,28514.25,1731
2026-07-24 13:28:09.048,28514.25,28520.5,28495.5,28520.5,2659
2026-07-24 13:33:30.280,28520.5,28526.75,28501.75,28526.75,14553
2026-07-24 13:33:34.192,28526.75,28533,28508,28533,787
2026-07-24 13:34:06.864,28533,28539.25,28514.25,28539.25,2056
2026-07-24 13:39:22.468,28539.25,28544.25,28495.5,28495.5,15265
2026-07-24 13:39:25.244,28495.5,28514.25,28489.25,28489.25,486
2026-07-24 13:40:12.624,28489.25,28508,28483,28483,3008
2026-07-24 13:40:19.856,28483,28501.75,28476.75,28476.75,823
2026-07-24 13:41:22.552,28476.75,28495.5,28470.5,28470.5,3760
2026-07-24 13:42:13.780,28470.5,28489.25,28464.25,28464.25,2809
2026-07-24 13:45:01.456,28464.25,28483,28458,28458,6966
2026-07-24 14:04:25.460,28458,28501.5,28451.75,28451.75,45360
2026-07-24 14:06:43.244,28451.75,28470.5,28445.5,28445.5,4803
2026-07-24 14:10:38.292,28445.5,28468,28439.25,28439.25,9068
2026-07-24 14:11:38.660,28439.25,28458,28433,28433,1843
2026-07-24 14:12:34.924,28433,28451.75,28426.75,28426.75,2059
2026-07-24 14:14:14.948,28426.75,28445.5,28420.5,28420.5,3882
2026-07-24 14:18:14.692,28420.5,28439.25,28414.25,28414.25,8311
2026-07-24 14:18:40.856,28414.25,28433,28408,28408,1579
2026-07-24 14:19:26.008,28408,28426.75,28401.75,28401.75,2789
2026-07-24 14:20:01.996,28401.75,28420.5,28395.5,28395.5,2100
2026-07-24 14:20:07.816,28395.5,28414.25,28389.25,28389.25,512
2026-07-24 14:21:28.724,28389.25,28408,28383,28383,4000
2026-07-24 14:23:19.076,28383,28401.75,28376.75,28376.75,4489
2026-07-24 14:25:23.284,28376.75,28395.5,28370.5,28370.5,5633
2026-07-24 14:25:27.548,28370.5,28389.25,28364.25,28364.25,584
2026-07-24 14:25:41.568,28364.25,28383,28358,28358,1585
2026-07-24 14:27:40.004,28358,28376.75,28351.75,28351.75,6013
2026-07-24 14:28:01.816,28351.75,28370.5,28345.5,28345.5,1611
2026-07-24 14:28:26.280,28345.5,28364.25,28339.25,28339.25,2022
2026-07-24 14:30:34.232,28339.25,28358,28333,28333,7988
2026-07-24 14:31:08.388,28333,28351.75,28326.75,28326.75,1935
2026-07-24 14:31:18.328,28326.75,28345.5,28320.5,28320.5,1190
2026-07-24 14:31:45.828,28320.5,28339.25,28314.25,28314.25,2275
2026-07-24 14:33:42.116,28314.25,28333,28308,28308,7218
2026-07-24 14:33:53.748,28308,28326.75,28301.75,28301.75,1303
2026-07-24 14:34:30.472,28301.75,28320.5,28295.5,28295.5,2675
2026-07-24 14:35:04.476,28295.5,28314.25,28289.25,28289.25,2878
2026-07-24 14:35:12.812,28289.25,28308,28283,28283,1207
2026-07-24 14:40:15.128,28283,28321.25,28276.75,28276.75,25078
2026-07-24 14:41:29.776,28276.75,28295.5,28270.5,28270.5,5055
2026-07-24 14:42:03.916,28270.5,28289.25,28264.25,28264.25,2993
2026-07-24 14:46:00.684,28264.25,28308,28259,28308,15894
2026-07-24 14:46:16.028,28308,28314.25,28289.25,28314.25,1581
2026-07-24 14:46:30.168,28314.25,28320.5,28295.5,28320.5,1141
2026-07-24 14:57:13.292,28320.5,28326.75,28287,28326.75,33087
2026-07-24 15:03:06.156,28326.75,28329.75,28283,28283,19560
2026-07-24 15:05:08.160,28283,28301.75,28276.75,28276.75,5796
2026-07-24 15:07:04.692,28276.75,28311.25,28270.5,28270.5,7657
2026-07-24 15:07:10.524,28270.5,28289.25,28264.25,28264.25,838
2026-07-24 15:07:21.972,28264.25,28283,28258,28258,1271
2026-07-24 15:07:23.164,28258,28276.75,28251.75,28251.75,838
2026-07-24 15:07:38.624,28251.75,28270.5,28245.5,28245.5,2352
2026-07-24 15:07:47.048,28245.5,28264.25,28239.25,28239.25,1129
2026-07-24 15:09:32.624,28239.25,28258,28233,28233,7944
2026-07-24 15:09:39.576,28233,28251.75,28226.75,28226.75,1197
2026-07-24 15:14:56.132,28226.75,28259.75,28220.5,28220.5,21140
2026-07-24 15:15:05.108,28220.5,28239.25,28214.25,28214.25,1320
2026-07-24 15:29:00.256,28214.25,28258,28212.5,28258,43364
2026-07-24 15:29:34.356,28258,28264.25,28239.25,28264.25,2773
2026-07-24 15:30:16.448,28264.25,28270.5,28245.5,28270.5,3163
2026-07-24 15:32:03.808,28270.5,28276.75,28251.75,28276.75,8321
2026-07-24 15:32:48.924,28276.75,28283,28258,28283,2864
2026-07-24 15:33:14.776,28283,28289.25,28264.25,28289.25,2223
2026-07-24 15:34:14.528,28289.25,28295.5,28270.5,28295.5,4903
2026-07-24 15:35:15.180,28295.5,28301.75,28274.75,28301.75,5413
2026-07-24 15:41:14.632,28301.75,28303,28258,28258,24507
2026-07-24 15:41:23.712,28258,28276.75,28251.75,28251.75,1035
2026-07-24 15:43:21.472,28251.75,28270.5,28245.5,28245.5,6873
2026-07-24 15:43:25.144,28245.5,28264.25,28239.25,28239.25,657
2026-07-24 15:45:08.568,28239.25,28283,28238.25,28283,7379
2026-07-24 15:50:00.108,28283,28289.25,28242.25,28289.25,15880
2026-07-24 15:50:18.224,28289.25,28291,28245.5,28245.5,3634
2026-07-24 15:50:33.436,28245.5,28264.25,28239.25,28239.25,1426
2026-07-24 15:51:00.088,28239.25,28258,28233,28233,1795
2026-07-24 15:51:02.432,28233,28251.75,28226.75,28226.75,647
2026-07-24 15:54:40.040,28226.75,28270.5,28223.25,28270.5,14544
2026-07-24 15:54:52.028,28270.5,28276.75,28251.75,28276.75,1707
2026-07-24 15:59:48.140,28276.75,28283,28246.5,28283,23565
2026-07-24 15:59:52.000,28283,28289.25,28264.25,28289.25,933
2026-07-24 16:01:08.596,28289.25,28295.5,28266.75,28295.5,9729
2026-07-24 16:01:16.452,28295.5,28301.75,28276.75,28301.75,702
2026-07-24 16:16:45.840,28301.75,28308,28260,28308,22237
2026-07-24 16:18:56.204,28308,28314.25,28289.25,28314.25,2047
2026-07-24 16:18:59.972,28314.25,28320.5,28295.5,28320.5,380
2026-07-24 16:23:06.788,28320.5,28326.75,28301.75,28326.75,2890
2026-07-24 16:59:59.852,28326.75,28329.25,28284.75,28306.75,21364
